ModelID,0,1,2,3,4,5,6,7,8,9,10,11,12,13,14,15,16,17,18,19,20,21,22,23,24,25,26,27,28,29,30,31,32,33,34,35,36,37,38,39,40,41,42,43,44,45,46,47,48,49,50,51,52,53,54,55,56,57,58,59,60,61,62,63,64,65,66,67,68,69,70,71,72,73,74,75,76,77,78,79,80,81,82,83,84,85,86,87,88,89,90,91,92,93,94,95,96,97,98,99,100,101,102,103,104,105,106,107,108,109,110,111,112,113,114,115,116,117,118,119,120,121,122,123,124,125,126,127,128,129,130,131,132,133,134,135,136,137,138,139,140,141,142,143,144,145,146,147,148,149,150,151,152,153,154,155,156,157,158,159,160,161,162,163,164,165,166,167,168,169,170,171,172,173,174,175,176,177,178,179,180,181,182,183,184,185,186,187,188,189,190,191,192,193,194,195,196,197,198,199,200,201,202,203,204,205,206,207,208,209,210,211,212,213,214,215,216,217,218,219,220,221,222,223,224,225,226,227,228,229,230,231,232,233,234,235,236,237,238,239,240,241,242,243,244,245,246,247,248,249,250,251,252,253,254,255,SangerModelID
ACH-000769,0.0,0.0,0.0,2.9338715,0.0,5.0802026,0.0,1.0079516,0.0,5.501714,0.0,0.0,0.0,0.0,0.0,0.0,0.0,0.0,6.425397,0.0,0.280655,0.0,0.0,0.0,0.0,0.0,0.3230555,0.0,0.0,1.1505789,0.0,0.0,0.0,0.0,0.0,2.4378278,0.0,0.0,0.0,0.0,0.0,0.6236353,0.0,0.6269791,0.0,0.0,0.0,0.0,0.0,4.0345564,0.0,3.3456125,0.0,0.0,0.0,0.0,0.0,11.505845,0.0,6.2677875,0.0,2.022692,0.0,1.6989921,0.0,0.66775197,0.0,0.0,9.688006,0.0,0.0,4.878393,0.0,0.0,0.0,0.0,0.0,0.0,0.0,0.0,0.0,0.0,8.8199005,0.0,0.0,0.08013632,6.425115,0.0,0.0,0.0,0.0,0.0,0.0,0.0,0.0,0.0,0.2676252,1.5703933,1.2042917,0.0,0.0,4.6641045,2.455323,3.7971137,0.0,0.0,0.0,0.0,0.0,8.426802,2.010856,9.887809,0.0,0.0,5.4603753,0.0,0.0,3.8435173,0.0,0.0,1.3538479,4.3600597,0.0,0.0,0.0,0.0,0.0,8.451902,0.0,0.0,0.0,7.4457545,0.0,7.3070173,2.0027199,2.8819506,4.0938277,9.845091,0.0,4.246643,0.0,0.0,0.0,0.026079297,0.0,0.0,0.0,2.7720253,0.0,0.0,0.0,0.0,6.955938,2.2135904,0.0,0.0,0.0,0.63245845,0.0,0.0,2.1058764,3.6422355,0.0,1.3905259,0.0,0.0,0.0,0.0,0.0,0.0,0.0,2.8888104,0.0,0.0,0.0,4.5804663,0.0,0.25236693,0.0,0.0,0.0,0.0,0.0,0.0,0.0,2.5121973,0.0,0.0,0.0,5.628458,0.0,0.0,0.0,0.0,0.0,0.0,1.4718153,0.0,0.0,0.0,0.0,6.645595,9.438155,0.0,0.0,0.16845055,0.14151534,0.0,0.0,4.484954,0.0,3.2847526,1.6248251,0.0,0.0,0.0,0.0,0.0,0.0,1.1716157,0.0,2.46456,0.0,0.0,0.0,2.2223618,4.2399325,5.6195216,12.310253,0.0,0.0,1.1687728,0.0,1.0443516,0.0,0.0,7.382567,1.3278396,0.0,0.0,0.0,0.0,0.9240688,7.578255,0.0,0.0,0.0,4.8947716,7.5632873,3.3854494,1.9119251,0.0,0.0,0.0,1.2939575,0.0,SIDM00548
ACH-000528,0.0,0.0,0.0,8.689753,0.0,9.536879,0.0,3.4912622,0.0,8.981647,0.0,0.0,0.0,2.3087945,0.9802343,7.804625,0.0,8.9825,0.0,0.0,0.0,0.0,0.0,0.07060369,0.0,0.0,0.0,0.0,0.0,1.9891232,0.0,0.0,0.0,0.0,0.0,0.0,0.0,0.0,4.406278,0.0,0.0,3.7940938,0.41335192,0.7215663,0.0,6.1775265,0.0,0.20301285,0.0,0.0,0.0,5.6584287,7.302092,8.488144,0.0,0.0,0.0,3.1830022,0.0,0.0,8.908925,7.8005557,0.0,0.0,0.9581047,0.0,0.8599219,7.370588,0.0,1.6756495,0.0,7.418228,0.0,0.0,0.0,0.0,0.0,0.0,3.5508008,3.429058,0.0,0.0,0.0,0.0,0.0,3.6678402,0.0,0.0,0.0,5.7025847,3.7024586,0.0,7.418975,0.46161193,3.0183158,4.9971294,1.0817763,0.0,0.0,0.0,4.895024,0.37077034,0.0,0.72233534,6.3062863,0.0,0.0,0.0,0.9286434,0.061762948,0.9857523,2.6545134,0.0,10.522027,3.3694355,1.8451902,0.0,5.555195,0.0,7.1420846,6.4309864,3.6584291,0.0,0.0,7.291034,0.0,0.0,1.1770511,0.0,0.0,0.0,7.548408,3.7133977,0.0,1.9886158,0.0,0.0,0.86181676,3.6509728,0.0,0.0,0.0,0.0,0.0,0.0,0.0,0.9595903,0.0,3.6615188,0.0,0.0,8.472323,5.720716,0.0,0.0,0.0,0.0,0.0,0.0,0.0,5.801287,5.2592793,0.0,0.0,0.0,0.0,0.47490585,0.0,0.0,0.0,0.0,0.0,0.24062026,0.0,0.0,0.0,0.0,0.0,5.664206,0.0,0.0,0.0,9.412878,0.0,0.0,0.0,0.0,0.0,0.0,3.889377,0.0,0.0,0.0,0.0,0.0,0.0,7.369972,0.0,0.0,0.0,0.0,7.7555003,0.0,0.0,2.5255916,5.5317817,0.0,1.7139184,0.0,0.0,0.7574103,0.0,0.0,0.0,2.2921553,0.8984444,5.3759127,2.6160374,0.0,0.0,0.0,1.5899701,0.0,0.0,0.0,4.199949,1.4969921,0.0,0.0,5.849186,2.7685058,0.0,0.0,0.0,0.0,0.0,8.314675,7.772856,0.0,0.0,0.0,4.5823503,0.0,0.0,1.0898237,0.13091512,0.0,0.0,0.0,0.9197491,5.4115376,0.0,0.0,0.44989592,0.0,0.0,SIDM00494
ACH-000585,1.6016718,0.0,1.348526,0.0,0.19504318,1.056408,0.0,0.0,0.5036657,1.7280605,0.0,0.0,0.0,0.0,2.9976168,5.745544,2.188714,0.0,0.0,0.0,0.0,1.5461843,3.4117415,0.9884214,9.281695,0.0,2.4767115,0.0,0.0,0.0,0.0,0.0,2.6559722,0.0,0.0,0.0,0.0,0.3948011,3.187519,0.0,4.8603544,0.053392295,0.0,0.0,0.0,0.3578863,1.3524718,0.0,0.0,0.0,0.0,0.0,0.0,0.0,0.0,1.6844106,0.60592717,0.51876485,0.0,0.0,0.0,4.5753045,0.0,4.5456257,0.0,0.0,0.66179264,0.0,0.8537325,0.0,0.0,5.0956473,3.3434482,0.0,0.0,3.6453526,0.0,0.22847895,0.0,0.0,0.0,0.0,6.4308476,0.0,0.0,0.0,0.0,0.0,0.0,0.0,0.0,0.0,0.0,1.0423833,4.438119,0.0,6.84708,1.4662627,0.0,0.0,0.0,0.0,0.13075656,0.0,1.9869614,0.0,0.0,8.446774,0.0,6.65536,0.0,0.20565039,0.0,0.0,0.0,0.47990444,0.0,0.0,0.125638,5.020867,0.0,0.0,0.0,0.0,1.8652428,0.0,3.4780319,0.0,0.7638825,0.0,0.0,0.0,0.0,0.0,0.0,2.6860514,0.0,0.0,0.0,4.385604,4.3587494,5.3524904,1.8977993,0.0,0.0,0.0,7.1635976,3.7139618,1.7262816,0.0,0.0,0.27131793,0.0,0.0,1.3160583,2.4547389,3.5802717,0.0,0.0,1.5183946,0.0,0.0,0.7746527,0.0,0.0,0.0,0.0,1.0986365,0.14662674,0.0,0.0,0.85372597,0.7977638,0.0,2.8135238,0.0,4.7744904,0.0,2.5221202,0.0,4.9246554,0.0,1.7951798,0.0,0.8622629,0.19411503,7.098389,0.0,0.0,0.0,0.0,5.945725,0.86886007,7.1741652,0.0,0.0,0.0,2.7343154,0.0,0.0,0.0,0.0,0.941165,3.230371,0.0,3.410986,0.949339,1.1044248,0.0,0.0,2.977444,2.55955,9.176351,1.519027,1.6532372,0.9340388,1.3090873,2.6751785,0.0,0.0,1.0367702,1.045527,0.0,0.0,0.1543437,0.0,2.7900507,0.0,1.1792117,0.23949467,3.2466915,0.34266004,1.3567638,0.0,0.0,0.0,3.3152497,0.0,0.0,2.2617912,0.99100226,8.042009,0.0,0.0,0.0,0.0,0.0,0.0,0.0,0.0,3.6894622,3.5790446,0.26081812,0.0,3.1868608,0.9385079,SIDM01044
ACH-000176,7.361752,0.71472394,3.704599,0.0,3.2834742,4.789253,0.0,2.5066738,0.6993768,0.0,1.8412772,0.0,0.0,0.0,0.0,0.8206101,10.010622,0.0,4.9272227,1.9878414,1.648859,6.3729405,1.492634,8.010679,0.0,0.0,5.300026,0.0,0.0,5.5394487,0.0,0.0,0.0,0.0,0.0,0.0,0.0,0.0,0.0,0.0,0.0,5.0301266,0.0,2.375274,0.0,3.0063443,0.0,0.0,0.0,2.084148,0.0,0.0,0.0,0.0,4.8963923,0.0,0.0,0.0,0.031040484,0.0,3.2826366,3.8553076,0.0,0.0,0.0,0.0,6.878223,0.0,0.0,0.0,2.168431,0.0,0.0,11.104476,0.0,1.9205844,0.0,0.0,0.0,0.0,0.0,2.1533504,0.0,0.0,0.0,0.0,0.0,0.0,0.0,0.0,0.0,0.0,0.0,3.669148,2.4860065,1.9010122,1.5894079,1.2055666,0.0,0.0,0.0,0.0,2.2470293,0.0,0.0,0.0,0.0,8.469193,0.0,0.0,0.0,4.396975,0.14385298,0.0,0.0,3.360884,4.897718,0.0,3.6460521,3.8691788,3.693581,0.0,0.0,0.0,0.0,0.36582136,5.072444,0.0,0.0,0.0,0.0,0.0,0.0,4.035087,6.253808,1.4925079,0.0,0.0,4.187842,0.0,5.9987035,6.7372475,4.0591497,0.6504487,2.1982567,0.0,0.0,0.0,5.575609,10.275819,1.4365298,0.0,0.0,0.24531743,0.75669175,1.6186069,3.10481,0.0,0.0,3.9264643,0.0,0.0,9.875761,0.0,0.0,0.0,0.0,4.312741,2.660132,0.0,0.0,3.379767,0.08034027,5.209391,0.0,0.0,0.0,0.0,0.0,0.0,2.430308,0.0,2.6022503,0.0,0.0,0.0,0.0,0.9190025,0.0,0.0,0.0,0.0,10.438467,0.6149864,0.0,8.862408,0.0,0.5951543,0.0,0.0,0.0,0.0,4.3131094,0.0,0.0,0.88910913,3.7671063,0.0,0.0,1.0562575,6.2599306,0.0,0.0,2.9482193,6.769025,0.0,0.0,0.0,0.0,0.0,1.7993085,1.803188,11.514103,4.2945037,5.917694,0.0,0.0,0.0,0.0,0.0,0.016936608,6.980473,0.30989078,0.0,2.508974,0.0,0.84714985,0.0,2.1473494,0.0,0.071474686,4.824019,0.0,0.0,0.0,2.9657006,0.0,0.0,0.0,0.0,1.2724129,8.481025,0.0,0.0,0.0,0.7592411,SIDM00341
ACH-000587,1.3813787,0.10478575,3.4125462,0.0,1.7579017,1.5972795,1.6929893,2.6786463,6.008335,0.0,1.1068416,5.7574587,0.0,0.0,0.38595432,3.8493152,3.0740037,0.47174463,0.0,0.0,2.0941975,0.9417715,8.704117,4.5180054,2.1124766,0.0,0.0,0.0,0.0,0.22391345,0.0,0.70937747,0.0,0.0,0.06629536,0.0,0.0,0.0,0.0,0.0,1.9589411,4.4129696,0.21025833,1.0160377,0.5609117,0.0,1.12138,0.0,0.75423795,0.0,1.5048337,0.0,0.0,0.0,5.5300517,0.0,0.42306972,0.0,0.0,0.0,2.4116824,1.5551318,0.0,0.0,0.0,0.0,0.0,0.0,0.0,0.0,6.100802,0.0,5.139895,2.4195726,0.0,0.0,0.0,1.3143524,0.0,0.0,0.0,0.5378079,0.0,0.0,0.0,0.0,2.8577535,1.8785485,0.0,0.0,0.0,0.0,0.0,2.935791,2.0945709,3.799097,0.0,0.0,0.5331501,0.0,0.0,0.0,3.6300235,0.0,0.0,0.0,2.8280225,7.29425,0.0,2.880421,0.0,2.164317,0.0,0.0,0.008133708,4.1599293,2.2933524,0.0,0.66562575,2.2959867,0.0,0.0,0.0,0.080333956,2.5172517,5.508127,0.0,0.0,0.0,0.0,0.0,0.0,0.70290387,2.6586564,2.4043238,0.1790874,0.0,0.0,2.4140415,0.4705054,1.0784115,0.9370486,0.0,0.0,6.138568,0.0,0.0,0.0,4.567522,0.0,0.0,4.284624,0.0,0.0,0.0,0.0,5.0169725,0.0,0.0,8.72226,0.0,0.0,2.8612895,0.0,0.7182902,4.05316,0.0,0.0,5.7471557,0.0,4.1510887,0.0,3.5637012,4.1647882,0.6009023,0.0,0.0994681,0.0,0.0,0.0,1.9923397,0.0,0.07581569,0.0,0.543491,0.0,0.0,5.071152,4.966236,0.2300758,0.0,4.6572776,1.2270399,2.239204,0.0,5.5748663,0.0,1.3557986,2.8396058,0.6640005,0.0,0.0,1.7048595,0.0,0.39531693,0.0,0.0,0.0,0.0,1.1260102,5.009036,0.0,3.4895227,1.4424837,6.602453,0.0,0.0,0.0,0.0,2.66793,7.4660974,0.0,0.0,1.3994387,6.6619596,0.0,0.0,0.0,0.0,0.0,1.1425898,0.0,0.62522525,0.0,0.0,0.0,1.3214465,0.0,0.0,0.0,0.0,3.8202455,0.0,0.0,0.0,4.960412,0.0,0.0,1.8148727,0.26060155,0.0,5.8091125,0.12417085,0.62171054,0.0,2.9523053,SIDM00759
ACH-000627,4.6409607,3.1514952,2.0038664,0.0,4.941622,2.3081326,0.0,3.3394237,4.04583,0.0,2.253754,0.0,0.0,0.0,0.0,2.139274,8.057278,0.0,6.042106,2.4994504,0.0,4.4196787,2.4453685,5.3335404,0.0,0.0,3.686909,0.0,0.0,5.5837626,0.0,0.3309217,0.0,0.0,1.5288296,0.0,0.0,0.0,0.0,0.0,0.7767565,4.025265,0.0,3.7946913,0.0,1.3744515,0.0,0.0,0.0,1.2101821,0.0,0.0,0.0,0.0,4.4472165,0.0,0.0,0.0,0.0,0.14525911,1.2240787,0.837566,0.0,0.0,0.0,0.0,5.007106,0.0,0.0,0.0,1.167536,0.0,0.0,6.552158,0.0,2.6709514,0.0,2.0018792,0.4291802,0.0,0.0,3.4396365,0.0,0.0,2.4737098,0.0,0.0,0.0,0.0,0.0,0.0,0.0,0.0,3.3682938,1.6021626,2.6776628,1.873708,2.1806815,0.0,0.0,0.0,0.0,4.038084,0.0,0.0,0.0,2.2467291,3.076124,0.0,0.0,0.0,1.9456758,0.3625758,0.0,0.0,0.0,8.036066,0.0,0.86367023,0.25890583,3.954043,0.0,0.0,0.0,0.0,3.007165,1.5107596,0.0,0.0,0.0,0.0,0.0,0.0,4.399243,2.6312654,3.800899,0.0,0.0,3.3983073,0.0,6.1522355,4.2775555,2.1900048,1.3404542,6.445496,0.0,0.0,0.0,3.972815,10.044239,3.3201218,0.0,0.0,0.90912855,0.6764514,0.84121484,0.31920567,0.0,0.0,4.0745726,0.0,0.0,8.159947,0.0,0.0,0.0,0.0,4.1890736,3.218888,0.0,0.0,1.1521091,0.0,3.184235,2.3027337,0.0,0.0,0.0,0.0,0.0,2.4395576,0.0,0.0,0.30344245,0.0,0.0,0.0,1.9003611,0.9827423,0.0,0.0,0.0,10.369589,0.0,0.0,4.457802,0.0,0.0,0.0,3.9971428,0.0,0.0,5.376231,0.0,0.0,0.47116968,3.7548335,0.0,0.0,5.899373,2.405126,0.0,0.0,0.0,3.6805975,0.0,0.0,0.58257914,0.0,0.0,0.0,0.0,8.772974,4.849519,6.4165974,0.0,0.0,0.0,0.0,0.0,0.59711003,9.224484,1.7123904,0.0,1.3793741,0.0,0.75640714,0.0,4.0971923,0.0,0.0,1.20531,0.0,0.0,0.0,2.8766918,0.0,0.0,0.0,0.21171603,0.0,8.587796,0.0,0.0,0.0,1.1103625,SIDM00345
ACH-000392,0.0,0.0,2.740909,0.0,1.5712316,0.0,3.8740704,1.5704645,0.0,7.8529353,0.0,0.0,0.0,0.0,11.463947,0.1023488,0.0,0.0,0.0,0.0,0.0,0.0,2.0899634,0.96212536,0.0,0.0,1.5223788,0.0,0.873494,0.0,0.0,0.0,0.0,0.0,0.0,0.0,0.0,0.0,0.63214844,0.0,1.8213335,4.9142895,0.0,0.54221034,4.6187854,1.6305712,3.7852724,0.0,0.0,0.0,0.28839323,0.0,0.0,0.0,0.0,0.0,3.934931,5.4740453,0.0,0.0,4.6992807,0.0,1.3273451,4.507905,0.0,0.0,0.0,0.0,6.2575593,0.0,0.0,5.875851,0.0,0.0,5.5308456,0.0,0.0,0.0,0.0,0.0,0.0,0.0,0.0,0.0,0.0,0.0,0.0,0.0,0.0,0.0,0.0,0.0,0.0,0.0,0.0,0.87226766,0.0,0.0,7.8230057,0.0,3.700463,9.838423,0.7287675,5.794561,13.654449,0.0,0.0,0.0,0.0,7.1117673,5.206458,6.289958,0.0,0.0,9.160479,0.0,0.0,2.4151814,0.0,0.0,1.3798964,0.0,0.0,0.0,1.401453,0.0,0.0,9.30725,0.0,0.0,3.4345315,2.912904,4.102148,0.0,0.0,0.0,1.1401615,2.812412,0.0,0.4499925,0.0,0.0,0.0,0.0,0.0,0.0,0.0,1.9104586,0.0,0.0,0.0,0.0,1.2077136,0.6604198,0.0,0.0,0.0,0.0,0.0,0.0,2.0641198,2.1548316,0.0,0.0,0.0,1.4124823,0.0,0.0,4.2794065,0.0,0.0,1.9973373,0.0,0.0,0.0,11.027334,0.0,1.5600978,0.0,0.9485498,0.0,0.0,0.0,0.0,0.2744025,2.49754,4.0687017,0.0,0.0,0.27237615,0.0,0.0,0.0,0.0,0.0,0.0,1.5733206,0.0,0.0,0.0,0.0,0.0,4.1851068,0.0,0.95564806,0.0,0.0,5.1627254,2.730127,0.0,2.5173926,0.0,7.696068,1.4558452,0.0,0.0,0.0,1.5622203,0.0,0.0,0.0,5.240855,0.0,0.0,0.0,2.8086839,0.0,0.0,0.0,3.4421358,1.3878912,8.248425,0.0,0.0,0.0,0.0,4.5901895,1.5883359,0.0,0.7881196,0.0,2.6756022,1.3889751,2.6429381,0.0,0.0,0.0,0.0,0.0,1.2505442,0.0,0.0,0.0,0.0,0.0,1.4214094,SIDM00922
ACH-000035,4.145564,0.0,0.0,0.3605796,0.0,7.0976963,0.0,0.0,0.0,0.0,0.0,0.0,0.0,0.0,0.0,5.478475,0.0,3.3748438,0.0,0.0,0.0,5.8816934,0.0,6.233108,8.340147,0.0,1.3631555,0.0,0.0,1.360041,3.8991992,0.0,7.3436904,2.8934672,0.0,0.0,0.0,0.8189902,0.84319466,0.0,0.0,2.1904414,2.490042,0.0,0.0,3.0141675,0.6374196,4.411436,0.0,0.0,0.0,2.3714502,4.5256124,0.0,0.0,0.0,0.0,0.0,0.0,0.0,2.5223749,7.524798,0.0,0.0,0.0,0.0,0.0,3.5090373,0.0,0.0,0.0,0.35375315,0.0,2.6982448,0.0,0.0,1.3833191,0.41643685,3.0635202,2.1854963,0.89544,0.0,0.0,0.0,0.20188028,0.32740894,0.0,6.8545976,0.0,8.94631,0.0,2.22491,0.0,0.0,2.998583,0.20271671,0.0,0.0,0.0,4.184483,0.0,0.0,0.0,0.0,0.0,0.0,0.0,7.520616,3.021869,0.0,0.0,1.2860217,0.34113178,5.525874,0.0,5.4238753,0.0,3.0704687,2.095314,5.164311,2.0326805,0.0,0.0,0.0,4.450166,0.0,7.7476215,0.0,0.0,0.0,0.0,0.46784228,5.532896,1.3092371,2.5911458,0.0,0.0,0.0,3.473338,0.0,0.369538,11.181303,4.3876166,0.0,0.0,0.0,8.432519,0.0,2.9387488,0.0,0.0,4.712508,0.0,0.0,0.0,1.1769208,5.1667194,0.0,0.6440309,2.5215108,0.0041590086,0.0,0.45438775,0.0,3.3642952,0.0,0.0,0.0,0.0,0.0,5.0940604,0.0,7.1209836,0.0,0.0,0.0,0.25797606,0.0,5.473422,0.0,5.8646884,0.0,7.494622,0.0,0.0,0.0,1.2759796,3.9295058,0.0,0.0,0.0,5.410293,0.0,4.4209676,0.42054263,4.2148185,0.0,2.8355446,4.1885033,0.0,8.734467,2.1017032,0.0,0.0,2.3446033,2.1248431,0.0,0.0,0.0,0.0,3.1223621,0.0,0.0,0.0,4.212118,2.0765183,8.980332,1.5498435,0.0,0.0,4.0932856,0.0,1.6964514,0.0,0.0,0.0,0.0,0.0,0.0,0.83222145,1.0765415,0.0,1.6123581,2.2140355,0.0,0.0,0.0,6.2624025,0.0,0.0,1.9762197,4.5892215,0.0,0.0,5.102962,0.0,0.0,0.0,0.0,0.0,5.1285152,2.7231052,1.5448382,4.745069,4.822976,0.0,SIDM00745
ACH-000894,0.0,0.0,4.04063,0.0,0.0,0.0,3.968105,3.7678766,0.0,10.981726,0.0,4.035816,0.0,0.0,15.983469,4.3707128,0.9662226,5.9018755,0.0,0.0,0.0,1.2062446,8.933505,5.6747236,0.0,0.0,1.0651782,0.0,0.6989129,0.0,0.0,0.0,0.0,0.0,0.0,0.0,3.3424902,0.0,0.0,0.0,8.0969515,13.427914,0.0,4.2106857,11.64719,8.335999,6.0029526,0.0,0.0,0.0,6.2155986,0.0,0.0,0.0,6.2819476,0.0,9.088235,0.0,0.8701567,0.0,16.032793,3.299196,0.38814384,0.0,2.5228822,0.0,0.5640567,0.0,0.0,0.0,4.819828,0.33086622,0.0,0.0,2.3595757,0.0,0.0,0.0,0.0,0.91731596,0.0,1.7983978,0.0,3.6984034,0.22921711,0.0,0.0,0.0,0.0,0.0,1.3428309,0.0,0.0,2.0354958,0.0,7.0716367,0.0,0.0,7.8237724,0.21354717,3.7025843,4.7691097,2.8082223,1.9062057,18.598463,0.0,0.0,0.0,0.0,0.0,7.8776207,4.3120174,0.0,0.0,10.429698,1.0014541,0.0,6.8503923,0.0,0.32423168,3.9237797,0.0,0.0,0.0,4.936061,0.0,0.0,1.3560109,0.0,0.0,8.40573,2.9057972,0.0,0.0,0.0,0.0,0.0,0.0,0.0,0.0,0.0,0.0,0.0,0.0,0.0,0.0,0.0,0.0,0.0,0.0,0.0,0.0,0.0,0.0,0.0,0.0,0.0,0.0,0.0,0.0,7.609345,0.10633613,0.0,0.0,0.0,11.627441,0.0,0.0,8.44731,0.0,0.0,1.2324753,1.5766138,6.9274487,0.0,12.281975,0.0,2.2583222,0.0,3.8780987,0.0,0.0,0.0,0.0,0.60961187,0.0,0.49042633,0.7233319,0.0,0.0,0.0,2.254116,0.0,0.0,0.0,0.0,1.0035057,6.4830256,0.0,0.0,0.0,0.0,1.4011313,3.0190074,1.5668442,0.0,0.0,5.9054704,5.9092817,0.0,8.992892,0.0,6.307626,5.982326,2.7849534,0.0,0.47167256,3.846957,0.0,0.12760141,0.0,4.5793014,0.0,0.0,0.30032894,5.001426,0.0,0.0,0.0,2.1222048,2.6334016,4.914053,0.4113249,0.0,0.0,0.0,5.0113583,3.56107,0.0,0.0,0.0,5.7381716,0.0,0.4780571,0.0,1.0326542,0.0,0.0,0.0,4.146157,0.0,0.0,0.0,3.5042899,0.0,5.8298345,SIDM00768
ACH-000638,0.0,4.576485,0.0,0.0,0.0,0.0,5.9306364,0.0,0.0,0.0,0.0,3.0433676,0.0,0.0,0.0,5.914103,0.20276617,0.0,0.0,0.0,0.0,4.8680043,14.330686,2.775808,0.0,0.0,0.0,0.0,0.0,0.0,5.7487974,3.100285,0.0,0.0,1.7336578,0.0,0.0,0.0,0.0,2.3542817,6.9330916,0.0,0.52112794,0.0,7.712464,3.4970367,0.0,0.48488745,5.723911,0.0,2.6283011,0.0,1.9409977,0.0,0.0,0.0,0.0,0.0,1.3348432,0.0,10.242344,5.2837076,0.79618406,0.0,0.0,0.0,0.0,0.0,0.0,0.62751645,5.674881,0.0,0.0,0.0,0.010188531,0.0,0.0,0.0,3.0471647,4.022207,9.893895,1.759056,0.0,0.0,0.0,5.4171295,0.0,7.362756,4.695141,0.0,0.0,0.0,0.0,0.6042122,0.0,6.214288,0.0,1.9139383,0.0017900645,6.8686213,0.0,0.22970314,1.1512547,0.0,0.0,0.0,0.2555655,0.0,1.6705039,0.0,1.5954217,0.96980923,0.0,0.0,0.69378936,2.3885157,0.0,0.82069767,0.0,0.0,2.922345,0.0,0.0,0.0,0.0,3.7987144,0.0,0.10471641,0.0,0.0,2.7687194,0.0,0.0,0.0,0.0,0.0,0.0,1.7624065,0.650649,1.3690029,1.7585384,0.0,0.0,0.0,0.18818057,0.56147635,0.0,0.0,0.0,0.0,0.0,0.0,0.121242814,1.7562311,3.3902009,0.0,0.0,7.7413254,4.492587,14.520662,11.471343,0.0,0.0,0.0,0.0,6.0864873,0.0,0.0,2.2667158,0.76401216,0.0,2.4704442,0.0,5.181511,0.0,5.5349054,0.0,5.9448457,0.0,1.2099026,2.6419036,0.048798352,0.0,0.0,7.3285303,0.0,0.57807523,7.3206987,8.566076,0.68104,2.4741838,0.19118536,0.0,0.0,7.010246,0.7634522,3.5855212,0.0,0.0,0.0,5.7745233,0.052817278,0.447953,12.856189,0.0,0.0,0.0,8.914622,0.0,0.0,1.654838,0.0,4.732076,0.0,0.0,0.0,1.3513106,0.0,1.2273207,0.0,0.0,0.0,0.0,0.0,11.021676,3.9313946,0.0,0.0,0.0,0.0,0.0,0.0,0.0,0.0,0.0,3.2072742,0.0,4.170976,0.0,6.0271945,0.0,0.553854,2.0958235,6.129437,0.58360165,2.88287,0.0,0.0,0.0,4.693657,0.1663196,1.0996083,0.0,7.823703,0.0,0.29100183,SIDM00925
ACH-000596,0.0,3.3731573,0.5388818,0.0,3.0504727,0.0,4.7024846,0.0,0.0,0.0,0.0,2.3053133,0.22481853,0.0,1.2986172,3.7429163,0.0,0.0,0.0,0.0,0.0,1.7334044,13.907579,1.095774,0.0,0.8306428,1.6931297,0.0,0.0,0.0,2.2280881,4.3133836,0.44992825,0.0,0.0,0.0,0.0,0.0,0.0,4.2892547,9.713914,0.21201795,0.0,0.0,6.1021457,0.0,0.0,0.0,4.712022,0.0,1.5590363,0.0,2.3387318,0.0,0.0,0.0,0.46814623,0.0,1.0926143,0.0,5.931664,2.0122168,1.3574862,1.5984313,0.0,0.0,0.0,0.0,0.0,1.556195,5.5241413,0.0,0.0,0.0,1.8281988,0.8289625,0.0,0.0,0.3398149,0.0,6.428172,4.7788854,0.0,4.352907,0.0,2.068765,0.0,3.2989764,4.488152,0.0,0.0,0.0,0.0,0.0,0.13474734,4.8635836,0.0,1.0689331,3.2341242,4.9244304,0.0,0.0,0.0,0.0,0.0,0.0,0.081686094,0.0,1.2476463,1.7205952,3.9594996,0.0,0.098682374,0.0,0.7643741,0.0,0.0,0.64039654,0.0,0.0,1.0605602,0.0,0.0,0.0,0.0,5.2458305,0.0,0.9391925,0.0,0.0,1.8806255,0.0,0.0,0.0,0.0,0.0,0.3204281,3.927463,0.0,5.140398,1.9051596,0.0,0.0,0.0,1.7215242,1.6306444,0.0,2.5214443,0.0,0.0,0.0,0.0,0.0,1.6864257,3.8935995,0.0,0.17708002,4.816932,5.1634507,10.069259,6.306951,0.38655835,0.0,0.0,0.0,4.605374,0.0,0.0,4.3243184,2.0758722,0.0,3.353058,0.071550496,0.8753478,0.0,3.7135272,0.0,3.614844,0.0,3.6885202,3.7449574,0.0,0.0,0.0,4.2787843,0.0,1.2639999,4.024134,8.178739,0.0,0.7079578,0.0,0.0,0.0,4.861653,0.0,0.91351813,2.7062244,1.1003559,0.0,0.72542,0.0,1.2704744,12.591454,0.0,0.0,0.0,5.903648,0.44721013,0.0,1.7574971,0.0,11.17382,0.0,0.0,0.0,0.0,0.0926234,0.0,0.0,0.0,0.0,0.0,0.0,11.265241,3.5663671,0.0,0.0,0.0,0.0,0.0,0.1991361,0.420733,0.0,0.0,3.23119,0.0,0.9576427,0.57193583,4.2059264,0.0,2.7666657,3.656869,3.1843479,0.0,2.6157246,0.0,0.0,0.0,3.4759426,0.0,3.1600635,0.37887412,6.490735,0.0,0.0,SIDM00344
ACH-000481,0.0,0.0,0.0,1.9717524,0.73202264,0.0,3.7165167,0.0,0.0,4.379225,0.0,0.0,0.0,3.296584,1.4838903,0.0,0.0,0.734022,0.0,0.0,0.0,0.0,0.46886832,1.5663439,0.0,0.0,0.0,0.0,0.0,0.19450597,0.0,1.1720834,0.0,0.0,0.0,0.0142124,6.772816,0.0,3.6823363,7.464669,0.0,1.8180041,0.0,0.0,2.8787234,2.0604382,0.07593593,0.0,0.0,0.0,0.52214855,1.9475363,0.0,2.9176655,0.0,0.0,2.6821203,0.0,0.0,0.0,3.4835176,0.0,3.6787086,0.0,0.53479284,0.0,0.0,0.0,0.0,1.5547597,0.0,3.3931348,0.0,0.0,0.88211787,0.0,0.0,0.0,0.0,4.50211,0.0,0.0,0.0,0.8965181,0.0,0.46657327,0.012055797,0.0,3.4804842,0.0,7.187554,0.0,0.50941867,0.0,0.0,4.180041,0.0,0.0,4.9060116,0.0,9.588142,7.8172708,0.0,3.9855847,4.823798,0.0,0.37476215,0.0,0.0,2.4091265,7.4262924,2.5221603,0.0,0.60474145,11.157063,1.694029,0.0,1.808355,0.0,0.0,1.0873312,1.6580025,0.0,0.0,0.0,0.0,0.0,5.17652,0.0,0.7857286,0.40092853,1.6933725,0.39468762,0.0,0.0,0.0,0.0,7.164322,0.0,0.0,0.0,0.0,0.0,0.0,0.0,2.922389,0.0,0.0,0.0,0.0,0.0,0.0,0.0,0.0,0.0,1.8467687,0.0,2.7042167,0.32498533,0.0,11.357309,3.5132227,0.0,0.0,0.0,4.794229,0.6532401,0.0,2.9982965,0.0,0.0,2.553759,0.0,1.8134558,0.0,5.8276567,0.089997634,0.0,0.0,2.9879947,0.0,2.0965445,0.0,0.0,0.0,0.0,0.0,0.0,0.0,0.6983172,0.6167223,0.0,0.0,0.0,2.4033313,0.0,5.1542244,0.0,0.0,0.0,0.0,0.0,2.5768292,0.0,0.0,0.0,0.0,5.2020373,3.9668117,0.0,0.0,1.9223759,1.6901586,0.09515147,0.0,0.0,0.0,0.0,0.0,4.098521,0.0,0.44180843,0.0,0.0,0.0,5.477886,0.0,0.36836913,0.0,1.5131152,0.0,4.4505033,0.0,0.17364596,0.0,5.2365365,0.0,5.8156886,0.0,2.8467226,0.0,0.0,3.3695714,2.3974006,0.0,1.5523922,1.6255226,0.0,0.0,3.6234488,0.0,0.0,0.0,0.0,0.0,0.0,SIDM00716
ACH-000858,0.0,0.0,0.99005556,0.0,1.0875857,0.0,0.0,3.0120199,0.0,10.97136,0.0,0.0,0.0,0.0,8.829105,4.119105,1.2523272,0.0,0.0,0.0,0.0,4.0214643,0.0,2.310729,2.023576,0.0,0.0,0.0,0.0,0.0,0.0,0.0,0.0,0.0,0.0,0.0,0.2394617,0.0,8.684093,0.0,3.7501988,3.7917879,0.0,1.5099349,0.0,0.34788918,4.8668466,0.0,0.0,0.102542706,0.0,0.0,0.0,0.0,0.0,0.39117914,4.963507,12.489239,0.0,0.0,1.6315905,3.2480183,0.0,7.4400296,0.0,0.0,0.0,0.0,7.734147,0.0,0.0,11.812308,0.124041036,0.0,0.0,1.7809967,0.0,0.0,0.0,0.0,0.0,1.4015366,5.0965266,0.0,0.0,0.0,0.0,0.0,0.0,0.0,0.0,0.0,0.0,0.0,8.595638,0.0,0.0,0.7831227,3.7827516,0.0,0.0,8.146987,1.1588689,4.137175,15.545249,0.0,0.0,6.2431073,0.0,11.723341,6.5123653,3.284801,0.0,0.32580653,7.640479,0.0,0.0,7.934206,0.0,0.0,0.549291,0.0,0.0,0.0,0.0,0.0,0.0,13.029905,0.0,0.0,0.0,0.0,1.6039355,0.0,0.0,0.0,0.0,2.1338763,0.0,0.88279164,0.0,0.0,0.0,0.0,0.0,0.0,2.0412953,4.0790973,0.0,0.0,0.0,0.0,1.7564756,0.0,0.0,0.23233238,0.124521896,0.0,0.0,0.0,0.0,3.5359843,0.0,0.0,0.0,0.0,0.2731583,1.0078667,1.8200672,0.0,0.0,3.7355359,1.2894105,0.0,2.2017412,5.350148,2.5004969,0.0,0.7801342,0.0,0.0,0.0,0.0,0.0,0.0,5.2266874,3.4441333,0.0,0.0,0.0,0.0,0.0,0.0,0.0,0.0,0.0,0.35447094,0.0,0.0,0.0,0.0,0.0,4.612684,0.0,0.1726096,4.6135,3.6775029,0.0,0.0,0.0,3.9614158,7.522037,6.527821,2.799128,1.696081,0.0,0.0,0.109168366,0.0,0.0,0.0,8.91774,0.0,0.0,0.0,0.98614126,4.7176876,0.0,4.523927,0.0,1.3175365,10.820746,2.4275687,0.0,0.0,0.0,11.6849985,1.9216672,0.0,2.738026,2.91617,7.5458517,0.0,0.0,0.0,0.7621405,0.0,0.0,0.0,0.0,6.235825,0.0,1.6554626,0.0,0.0,1.3365192,SIDM00606
ACH-000787,5.677061,2.2196558,4.771029,0.0,3.5284302,0.61785996,0.0,0.0,1.9025741,0.0,0.0,0.0,0.0,0.0,0.0,0.0,1.7232157,0.0,2.7179923,1.8004675,0.0,3.2321699,0.0,5.3257523,4.2020597,0.0,5.4340053,0.17575113,0.0,4.509041,0.0,0.6873023,7.397051,2.391495,0.0,0.0,0.0,0.0,0.0,0.0,0.0,0.0,0.0,1.4562566,0.0,3.3835545,0.0,0.0,0.0,0.0,0.0,0.0,0.0,0.0,0.0,0.0,0.0,0.0,0.0,0.0,0.0,1.5276513,0.0,0.0,0.0,0.0,1.8467306,0.0,0.0,0.0,0.0,0.0,0.0,8.598271,0.0,0.0,0.0,0.5391866,0.0,0.0,0.0,1.9763652,0.0,0.0,1.5082448,0.0,1.4776713,0.0,0.0,0.0,0.0,0.0,0.0,0.2958799,1.4915801,0.0,1.2174749,3.7496288,0.0,0.0,0.0,0.0,0.0,0.0,0.0,0.0,0.0,6.176444,0.5279453,0.0,0.0,1.858444,1.0155504,0.0,0.0,0.21385208,2.8953867,0.0,2.1522136,0.0,1.0520054,0.0,0.0,0.0,0.0,0.0,6.6249127,0.0,0.0,0.0,0.0,0.0,0.0,1.4786372,1.29646,4.1557283,0.0,0.0,1.7793951,0.0,6.8378015,9.269265,5.9049644,1.8650607,0.0,0.0,3.024735,0.0,0.079496905,10.243886,1.0697926,0.0,0.0,0.0,3.8373475,4.437707,4.4204965,0.0,0.18132767,0.4232322,0.0,0.0,6.354745,0.65209824,0.0,0.0,0.0,7.7406464,0.0,0.15633869,0.0,0.7735227,0.31359017,0.0,3.0923326,0.0,2.4487739,0.0,0.0,0.0,4.6169934,0.0,1.0514928,0.107649155,0.0,0.0,0.0,0.01821468,1.1497988,0.0,0.0,0.0,6.083631,2.4917276,0.0,5.0038857,0.0,1.3470047,1.4767683,2.369309,3.1935077,0.0,5.0690856,0.0,0.0,1.469078,5.298702,0.0,0.0,0.0,2.8618648,0.0,0.37745243,0.0,0.2288196,0.0,0.0,2.358463,0.0,0.0,0.0,0.0,8.406252,2.618538,4.194183,0.0,0.0,0.0,0.0,0.0,1.7901046,5.235567,0.69341296,0.0,0.0,0.0,0.0,0.0,4.1199536,0.0,5.091377,3.7519615,0.0,0.0,0.0,0.2188813,3.3908446,0.0,0.0,0.0,0.0,7.471575,0.0,0.0,1.6384771,0.0,SIDM00339
ACH-000672,0.0,6.5595746,0.0,0.0,0.0,0.0,0.0,3.8838668,0.0,2.3235755,1.4679267,0.0,0.0,0.0,0.0,4.3038216,8.550158,0.0,0.0,0.0,5.458395,0.61777526,4.0135818,5.1388454,0.0,0.0,0.1021664,0.0,0.0,0.7520725,0.0,0.0,0.0,0.0,8.307627,0.0,0.57153696,0.6987453,0.0,0.0,0.0,6.2737527,0.0,0.0,1.3394494,0.0,0.0,0.0,6.5952883,3.986746,0.0,0.0,0.0,0.0,5.7596087,0.0,0.0,0.0,0.0,0.0,6.033918,0.0,0.0,0.0,0.0,1.7273827,3.220414,1.9583055,0.0,0.0,5.0506086,0.0,5.2698593,0.0,0.0,3.4578753,0.0,0.9972572,0.0,6.0301456,0.0,0.0,0.0,0.0,0.0,1.1835823,0.0,2.0424538,0.0,0.0,0.0,0.0,4.5887976,8.184724,0.0,2.5764484,4.685499,0.0,0.0,0.0,0.0,0.0,11.927579,3.3045287,0.0,2.4267902,3.2467372,0.0,0.0,0.0,0.0,1.099018,0.0,0.0,1.5300583,5.355216,4.2160015,0.0,0.47205123,7.413278,0.0,0.0,0.0,0.0,3.2579045,0.0,0.0,0.0,2.9651332,0.0,0.0,0.0,0.0,4.2339983,0.0,0.0,0.0,0.0,4.792435,0.0,0.0,0.0,0.0,0.0,8.994996,0.0,0.0,0.0,6.7039475,0.0,0.0,0.0,0.0,0.518052,0.0,0.0,0.0,0.0,0.0,5.302003,1.2728741,0.0,4.670798,0.0,5.0363803,3.0041192,0.0,0.0,2.588862,0.0,1.0238127,1.9592712,0.0,7.72046,0.0,2.828715,0.0,6.2450657,0.0,0.0,0.0,1.7976419,1.2610356,0.0,8.803456,0.0,4.142806,5.649086,0.0,3.7596877,0.0,4.961841,4.871828,0.0,0.0,0.0,0.21187267,5.1567316,0.0,2.1730063,0.0,0.0,0.0,0.0,0.21060629,0.0,0.0,5.7432346,0.79970104,1.0767195,0.84702265,3.571315,0.0,0.0,4.6211233,0.0,0.0,0.0,3.7691128,0.0,2.6545463,0.0,0.0,5.1127014,0.021975573,0.0,2.013238,0.0,0.0,0.0,1.8531871,0.0,0.0,0.0,10.707371,0.0,0.18009593,0.116440326,0.0,0.0,0.0,2.465226,0.0,5.0641193,0.0,0.0,0.0,0.0,0.0,1.8527987,0.0,0.0,0.0,0.0,0.0,12.092408,SIDM00306
ACH-000186,0.0,0.0,0.69677985,0.0,1.6878808,0.0,0.632772,0.0,0.0,0.0,0.0,0.0,0.52969056,0.0,3.9472828,4.846462,0.0,0.43566343,0.0,0.0,0.0,1.5074154,8.444142,2.9520302,5.743347,2.8254244,1.3219967,0.0,0.0,0.0,0.0,0.32535398,5.2977986,0.0,0.0,0.0,0.0,0.0,0.0,0.0,9.368674,1.7904375,0.0,0.0,0.59685487,3.6283169,0.0,0.0,1.9776784,0.0,0.005752883,0.0,2.078402,0.0,0.0,0.0,1.3471918,0.0,0.0,0.0,4.3663425,7.654188,1.3719839,3.2267377,0.0,0.0,0.0,1.0919884,0.0,3.3009076,0.49680212,0.0,0.0,0.0,0.0,1.6848863,0.0,0.0,0.0,1.0441808,3.5467854,1.4760656,0.0,0.0,0.0,1.6694255,0.0,0.15290433,0.0,0.0,1.2719585,0.3477895,0.0,0.36175597,4.666336,4.4816566,0.90620065,0.0,0.44641325,6.8977995,2.9842362,0.3189169,0.0,0.0,0.0,0.0,0.0,0.0,1.8225647,0.4953631,0.27789757,0.0,0.0,2.7626936,0.0,0.9750969,0.0,2.9370308,0.0,0.4615386,1.6939672,0.0,0.0,0.0,0.0,1.1387142,0.57128,0.0,0.53611547,0.0,0.0,0.0,0.0,0.0,0.0,0.0,0.0,0.0,0.100971475,5.670659,6.5804048,1.968831,0.0,0.0,0.0,0.0,2.5093634,0.5706453,0.0,0.0,0.0,0.0,0.0,0.0,4.5989637,0.0,0.08651729,0.0,3.7767093,6.1495485,1.9662017,0.0,0.0,0.0,0.0,0.9354038,0.0,0.0,0.0,2.7237673,0.0,1.6045697,0.9607121,0.7211674,0.71564937,0.0,0.95379186,0.0,0.0,4.403072,5.710154,0.0,0.0,0.0,3.3602114,0.0,5.7523775,2.022036,1.2365749,0.0,0.36856443,3.507768,0.0,0.3715583,3.3762057,0.0,0.0,3.0794606,1.6001775,0.0,0.0,0.0,0.0,10.284931,0.0,3.643082,0.0,2.6349483,3.463241,0.0,4.069221,0.0,10.488435,1.0200738,0.0,3.1145563,6.8585606,4.8184967,0.0,0.0,0.0,0.0,0.0,0.0,5.9055595,0.0,0.0,0.0,0.0,1.6035434,0.51253235,0.0,3.4574194,0.0,0.0,2.815429,0.0,1.9686543,0.0,4.631889,1.2577779,3.9539373,0.0,0.0,0.0,0.0,0.0,0.0,0.0,1.0995876,3.8802924,1.0309237,2.000295,1.487558,0.0,0.0,SIDM00723
ACH-000677,7.454854,0.0,2.1747706,0.0,0.3555784,7.226605,0.0,1.423808,0.0,0.0,0.0,0.0,0.0,2.145226,0.0,0.0,8.397106,0.0,3.6086526,0.0,3.7975416,6.353464,0.0,5.792274,0.0,0.0,4.700816,0.0,0.0,7.177911,5.2011237,0.0,1.1746825,0.0,0.0,0.0,0.0,0.50147,0.0,0.0,0.0,1.1884314,0.0,0.0029177368,0.0,1.5994234,0.0,0.0,0.0,4.3708353,0.0,0.0,0.0,0.0,0.0,0.0,0.0,0.0,0.0,0.0,2.4027095,5.783898,0.0,0.0,0.0,0.0,7.248415,2.9679966,0.0,0.0,2.7172506,0.0,0.0,13.146501,0.0,0.2343234,0.0,0.0,2.130505,1.3438966,0.0,0.0,0.0,0.0,0.0,0.0,0.12144582,2.144622,0.0,0.28329554,0.0,0.37073192,0.0,5.468562,0.0017059585,0.0,0.0,3.8783708,0.0,0.0,0.0,0.0,0.0,0.0,0.0,0.0,0.0,7.653429,2.0680635,0.0,0.0,4.073621,0.4402065,0.0,0.0,6.8180304,0.13929695,0.0,4.5011344,7.356462,1.1888802,0.0,0.0,0.0,0.0,0.0,10.737084,0.0,0.0,0.0,0.0,0.0,2.8203967,4.9717903,7.616822,0.0,0.0,0.0,2.50824,0.0,3.5449948,12.225679,4.3286476,3.2624629,0.0,0.0,0.0,0.0,3.1588652,8.751895,0.0,0.0,0.20902663,4.606927,3.4285076,1.255694,3.5602453,0.0,0.0,4.2363596,0.0,0.0,12.735315,0.0,0.0,0.0,0.0,1.7131786,0.17797914,0.0,0.0,4.536759,0.0,5.510924,0.0,0.0,0.0,0.0,3.2072089,0.0,0.0,0.0,4.9401274,0.0,0.0,0.0,0.0,0.51587814,0.0,0.0,0.0,0.0,5.2243705,1.7022246,0.0,14.076166,0.0,0.0,0.0,0.0,5.3902545,4.2373757,5.083856,0.0,1.2751493,0.0,2.2604158,0.0,0.0,0.0,4.967631,0.0,0.0,0.26201168,6.153077,1.8274481,0.0,0.0,0.0,0.0,2.9103189,0.0,14.086657,3.8496175,1.0302875,0.0,0.0,2.1248128,0.6665522,0.0,0.0,0.050434966,0.0,0.25502986,2.2140932,0.0,0.0,0.0,2.042147,0.0,0.0,4.1900377,0.0,0.0,0.0,0.0,0.0,0.0,0.0,0.0,2.5508072,6.505953,0.0,0.0,0.0,0.0,SIDM01163
ACH-000021,0.0,0.0,0.0,7.480976,0.0,8.37376,0.0,2.7302856,0.0,2.1542163,0.0,0.0,0.0,1.7971724,1.5752517,0.6862545,0.0,1.2569438,0.0,0.0,3.3763375,0.0,0.62530005,2.6110802,0.0,0.0,0.0,0.0,0.8267254,2.9222476,0.63626915,0.0,0.0,0.0,0.0,0.0,0.0,0.0,0.0,0.0,0.0,0.48611957,0.2541316,0.9600555,4.5583105,0.8841213,2.2830036,0.0,0.0,1.0416943,0.0,0.0,0.0,0.0,2.1729925,0.0,0.0,5.7105627,0.0,0.0,7.283721,2.7601352,0.0,1.3259038,0.0,0.0,0.0,3.590336,0.0,0.0,0.0,0.0,4.180888,0.515256,0.0,0.0,2.2927794,0.0,2.707176,4.4835706,0.0,0.0,0.0,0.0,0.0,2.0500133,0.0,0.0,0.0,5.970783,0.42336252,0.13278255,7.440812,5.169473,0.0,2.4343538,1.1542761,0.0,0.0,0.0,0.18745393,1.1394557,0.8396072,3.8004475,3.011421,0.0,0.0,0.5643782,0.026418915,0.0,0.0,1.7686609,0.52790385,1.2002424,5.4859314,4.9090214,0.0,0.0,0.0,13.729399,0.0,3.2195835,0.0,0.0,10.482206,0.0,0.0,0.0,0.7873958,0.0,0.0,11.869988,2.811983,0.0,6.1819744,0.0,0.0,0.0,4.111384,0.0,0.0,0.0,0.0,0.0,0.0,0.0,0.0,0.0,4.2854786,0.0,0.0,5.411375,3.5796657,0.0,0.0,0.0,0.0,0.0,0.0,0.0,5.644513,0.0,0.0,0.0,7.980934,0.0,1.7982248,0.0,0.0,0.0,8.385724,2.9725971,0.49812257,2.6668632,0.0,0.0,0.0,2.0655708,4.289288,0.0,0.0,3.13548,11.248498,0.0,0.4358232,0.0,0.96751326,0.0,0.0,5.5551853,0.0,4.1923122,0.0,0.0,0.0,0.0,3.9637933,0.0,0.0,0.0,0.0,3.1676557,0.0,0.0,3.524827,0.0,0.0,2.411086,0.0,0.0,1.1957111,0.0,0.0,0.0,6.4904213,2.3872886,0.0,0.0,0.0,2.3140576,4.4043326,0.0,0.0,0.0,0.0,1.8948162,1.7072456,0.0,1.103402,5.982021,6.5070453,0.0,0.0,1.8588151,1.4009793,0.0,0.5915959,5.008073,0.0,0.0,0.0,3.1176739,0.0,3.9317825,0.0,0.0,0.0,0.32557368,0.0,0.0,1.6325194,0.0,0.0,0.0,3.2456279,4.746731,SIDM00742
ACH-000980,0.0,0.0,0.0,4.0923586,0.0,2.6245186,0.0,0.225287,0.0,0.0,2.145191,0.0,2.175168,0.0,0.0,0.0,3.1431623,0.0,7.3070674,0.0,0.0,0.0,0.0,0.0,0.0,0.0,0.0,0.16335772,0.0,1.00484,1.8308258,0.0,0.0,0.0,0.14653462,0.0,0.0,0.0,0.0,0.0,0.0,0.03203285,0.0,0.005401194,1.4707091,0.9878747,0.0,0.0,0.0,5.180036,0.0,0.0,0.0,4.819336,0.0,0.0,0.0,0.05539895,0.55449533,2.143738,2.1459413,4.9947505,0.0,0.0,0.0,0.0,3.6236594,0.6670686,0.0,0.0,0.0,0.0,0.0,5.0152297,0.0,0.0,0.0,0.0,8.8061075,0.0,6.850165,0.0,0.0,0.0,0.020649904,2.5512357,0.0,0.9938364,0.5084902,2.5172489,0.0,0.5347954,0.0,0.0,0.0,0.0,0.0,10.065863,0.0,0.0,0.0,4.922406,0.0,0.973995,0.0,3.343356,0.0,0.0,6.5919385,0.0,0.0,3.616309,0.6675845,0.0,0.0,0.0,0.008070409,0.0,0.0,0.0,2.8872952,0.78243715,0.0,0.0,0.0,0.0,2.7669654,4.1424804,0.0,0.0,0.0,4.5598025,0.6478663,2.6948225,1.3754736,0.0,4.697149,2.3285935,0.0,0.0,0.0,3.5358365,0.0,3.2530506,0.0,0.5569854,0.0,0.0,0.0,5.5790596,5.430367,0.0,7.8051667,8.952375,4.025754,0.0,0.0,4.600248,0.0,0.0,0.0,0.30648267,3.5796978,1.3191121,0.0,0.0,0.0,0.0,0.8538817,0.0,0.0,5.416146,0.0,0.0,0.0,3.5150506,0.0,4.683106,2.5771503,0.0,0.0,5.202643,0.0,0.0,8.818855,0.0,0.0,1.8349476,0.17473158,6.7209105,3.7019498,0.0,0.0,0.0,0.0,1.663892,1.2896886,0.0,0.0,0.0,6.4835477,9.475757,3.7987468,0.0,0.0,0.0,0.0,0.0,0.0,2.6851208,0.0,0.0,0.0,0.0,0.0,0.0,0.0,0.0,0.59590465,0.0,0.0,0.2718809,5.427448,0.0,0.0,0.0,0.34916914,3.6503356,3.9881725,0.0,0.0,0.0,0.6803831,4.230337,0.0,0.0,0.0,0.0,3.489702,0.0,0.0,0.0,0.0,1.5206237,0.0,0.0,0.0,8.28708,0.0,0.0,0.72605264,0.0,0.0,0.0,0.0,0.35697362,SIDM00651
ACH-000012,0.0,1.3140268,2.1664653,0.0,0.0,1.4014348,3.5718265,0.60348874,2.8217046,0.0,0.0,3.5203512,0.0,0.0,2.364379,4.6428103,2.5238664,0.0,0.0,0.0,0.7534709,0.0,12.065289,2.6049328,3.4567535,0.0,0.6225632,0.0,0.0,0.0,0.0,1.6682758,1.6192206,0.0,1.5962367,0.44227394,0.0,0.0,0.0,0.0,3.2327852,3.5637405,0.005683638,0.0,2.1447837,0.0,0.0,0.0,2.6501944,0.0,0.19644214,0.0,0.0,0.0,2.761114,0.0,0.0,0.0,0.0,0.0,5.351864,2.3383396,0.0,0.0,0.0,0.7292055,0.0,0.0,0.0,0.0,5.501103,0.0,5.773833,0.0,0.0,1.0455284,0.0,0.0,0.0,0.78416777,0.0,0.0,0.0,0.0,0.0,0.0,1.9345139,3.5119414,0.0,0.0,0.0,0.0,0.72989726,4.91265,0.0,6.555341,0.0,0.0,0.33365712,1.4740094,0.0,0.0,4.6989655,0.0,0.0,0.0,0.93375266,3.633882,0.0,1.7298008,0.0,0.13445434,0.0,0.0,0.0,6.3877683,0.115257084,0.0,0.76663315,1.7791318,0.0,0.0,0.0,0.0,2.1775131,3.5646966,0.0,0.0,0.0,0.0,0.0,0.0,0.0,1.4281305,0.0,0.0,0.0,0.0,3.038515,3.2869864,0.6795282,0.0,0.0,0.0,6.88433,0.0,0.0,0.5788587,5.481938,0.0,0.0,2.5182462,0.0,0.0,0.0,0.0,1.5081862,0.0,0.0,9.903846,0.92414916,0.0,1.3438853,0.0,1.3131403,4.2346396,0.0,0.0,4.8673205,0.0,0.42976442,0.0,0.9453845,4.6677575,0.0,1.4919779,0.0,3.220165,0.0,0.0,1.6124837,0.0,0.0,0.0,4.221839,0.0,3.7963338,5.2388873,5.223382,0.1271959,0.0,5.8672137,0.0,1.3706806,0.0,0.677122,0.0,4.683409,0.0,0.0,0.0,0.0,0.0,6.6763797,0.0,0.0,0.0,5.8872604,0.5697633,0.0,2.590572,0.0,6.373746,0.5630756,3.214058,0.0,0.0,0.0,0.0,2.1834803,4.8272877,0.0,0.0,0.7276816,6.008484,0.0,0.0,0.0,0.0,0.04926469,1.7183558,0.0,0.0,0.0,0.0,0.0,0.0,0.87370825,0.0,0.0,0.0,4.9765334,0.0,2.554223,0.0,0.93754405,0.0,0.0,0.0,0.79738456,0.0,4.6914225,0.0,1.734536,0.0,4.5647798,SIDM01067
ACH-000852,0.0,0.0,0.0,0.0,0.0,0.0,0.0,0.0,0.0,0.0,0.0,0.0,0.0,1.1366457,0.0,0.23859832,0.0,2.1939893,0.0,0.0,0.0,0.0,0.11850392,0.0,1.5211076,2.7048087,0.0,1.1446184,0.67338794,0.0,0.0,0.5121178,0.0,3.547568,0.0,0.78949285,5.0471215,0.0,4.633608,9.095429,0.0,0.0,0.0,0.0,0.3098833,0.0,0.0,1.002609,1.1221688,0.0,0.0,2.5543666,4.2345943,8.008324,0.0,0.0,0.0,0.0,0.0,0.0,0.0,0.0,4.999213,4.467352,0.0,0.0,0.0,0.065407254,0.0,4.6275973,0.0,0.7599203,2.6255994,0.0,0.0,0.0,0.0,0.0,0.0,1.9136904,2.426446,0.0,0.0,0.0,0.0,1.1774775,0.0,0.0,0.74938124,0.01102188,7.2285576,0.0,5.084387,1.45942,0.08302726,3.7077212,0.025528988,0.0,0.0,0.8575485,10.3333235,4.189305,0.0,0.0,0.0,0.0,0.0,0.0,5.0174365,0.0,0.9327216,0.0,0.0,5.302527,1.548498,5.3623543,0.0,0.0,0.0,0.0,0.0,0.0,0.0,0.0,2.3366442,0.0,0.0,0.44324815,3.3727617,0.0,0.0,0.0,3.7501743,0.0,0.0,0.0,0.0,3.2468195,0.0,1.2498853,1.6683487,0.0,0.0,1.266541,0.0,5.869939,3.0955315,5.8280387,0.0,0.0,0.0,4.953921,0.3753214,0.0,0.10040635,0.25849587,0.0,0.0,4.2325883,0.0,4.64418,2.5489852,0.0,0.0,0.0,0.0,2.2612348,0.0,0.9559875,1.8525854,0.38068473,0.0,0.0,0.0,0.0,0.0,3.9654922,0.0,3.077736,5.39396,0.0,3.3254762,0.0,0.0,0.28839946,0.0,0.04854767,0.0,0.0,0.9567489,2.6774738,0.0,0.0,0.0,7.956832,0.0,2.3504703,0.0,0.0,0.0,0.0,0.0,0.0,0.0,0.8613318,3.8038929,0.0,8.784365,0.038988523,0.0,0.0,0.0,0.0,0.0,0.0,1.156208,0.0,0.0,0.0,0.35256615,0.0,0.0,0.0,0.0,0.0,0.0,0.8254704,0.0,0.0,1.1561674,0.0,0.0,0.0,0.0,0.0,0.76098055,0.0,4.5631213,0.0,4.353507,0.0,0.54181397,0.3691415,0.0,0.3371943,0.0,0.0,0.0,0.0,0.0,0.0,0.0,3.7756546,0.0,0.0,0.0,SIDM00658
ACH-000448,0.0,0.0,1.7912579,0.0,5.7732973,0.0,0.0,1.3098432,0.0,3.3913743,0.0,0.0,0.0,0.0,6.9262433,5.050182,0.0,0.0,0.0,0.0,0.0,3.1210692,1.8847623,3.2809541,6.7351685,0.0,0.87295467,0.0,0.0,0.0,0.0,0.0,0.0,0.0,0.0,0.0,5.283589,0.0,8.339042,0.0,7.312819,0.0,0.0,0.0,0.0,0.0,2.2858486,0.0,0.0,0.0,0.0,3.1742897,1.9700829,0.0,0.0,2.8378313,5.5591226,0.96787435,0.0,0.0,0.0,4.267811,0.0,5.8741617,0.0,0.0,0.0,0.0,3.0635712,0.0,0.0,7.4218082,3.014853,0.0,0.0,1.3311647,0.0,0.0012544245,0.0,0.0,0.0,4.712936,5.401688,2.049488,1.6796908,0.0,0.0,0.0,0.0,0.0,0.27009872,0.0,0.0,0.0,10.469165,0.0,0.0,0.17931835,0.41127828,0.0,0.84702,1.4851078,0.0,0.0,5.67382,0.0,0.0,5.432092,0.0,8.388271,3.381156,0.0,0.0,4.4047785,0.9951318,0.0,0.0,5.7941594,0.0,0.0,0.0,0.0,0.0,0.0,0.0,0.0,0.0,7.395559,0.0,0.0,0.0,0.0,0.0,0.0,0.0,0.0,0.0,0.0,0.0,1.4852656,0.0,0.0,0.0,0.0,0.0,0.0,7.358581,4.5772634,0.0,0.0,0.0,0.0,0.0,0.0,0.0,1.4295514,3.7639916,0.0,0.27141222,0.0,0.05810574,4.460699,0.0,0.0,0.0,0.0,0.0,3.696434,0.82758707,0.0,0.0,1.1234908,2.229824,0.0,1.7417945,0.6009953,4.4967065,0.0,0.0,2.495206,0.27358875,0.0,0.0,0.0,0.0,0.0,1.0432597,0.0,0.0,0.0,0.0,0.0,0.0,0.5973237,0.0,0.0,0.0,0.0,9.204049,0.0,0.0,0.0,0.36614302,0.0,0.49284568,8.4833,3.5696006,0.0,0.0,0.0,3.9710302,5.73796,9.374396,5.940048,0.52576935,0.0,2.1919432,1.9245507,0.0,0.0,0.0,5.8579445,0.0,0.0,0.0,0.0,2.888404,0.0,0.0,0.0,0.0,5.872938,5.8219895,0.0,0.0,0.58525604,5.290198,0.678036,0.0,2.1665103,5.895228,6.7471724,0.0,0.0,0.0,0.7974392,0.91819584,0.0,0.0,0.0,4.08026,0.0,9.341695,0.0,0.0,0.0,SIDM00743
ACH-000945,1.1742523,11.383072,0.0,0.0,0.45896962,0.0,0.0,0.0,0.0,0.0,1.8028206,0.0,6.6565266,0.0,0.0,0.0,1.883975,0.0,1.9468144,4.710239,0.0,0.0,0.0,0.87586576,0.06274456,4.864152,3.9638915,0.0,0.7798014,1.3670881,0.0,0.0,4.929743,0.0,4.4650946,2.8603828,2.4510279,5.045973,0.0,0.0,0.0,0.0,0.0,0.0,0.94880706,0.0,0.8906284,2.9696107,4.6697364,0.0,0.0,0.0,0.41385448,0.0,0.0,0.0,0.403065,0.0,0.0,0.99921674,1.0915881,0.0,0.0,0.71606934,0.0,1.1932751,5.520738,3.8413212,0.0,0.06471391,0.0,0.0,1.4361233,5.724193,0.7184511,6.896523,0.1797996,1.5927427,0.0,0.0,0.0,1.3279984,0.0,0.0,0.0,0.0,0.0,0.0,0.0,0.0,0.0,0.0,0.0,0.0,0.0,0.0,6.5770617,0.037916582,0.0,0.0,0.0,0.0,3.2163415,5.3024654,0.0,0.0,0.37685642,0.0,0.33958685,0.0,0.0,5.2680926,0.0,0.0,0.0,0.0,8.993539,0.0,0.79161793,0.0,3.9686182,0.0,5.9499173,0.0,1.1613514,0.0,0.0,0.0,8.929728,0.0,1.3098105,0.0,0.0,0.0,0.0,0.0,0.0,0.0,0.0,0.0,1.6874357,0.0,3.4568293,1.1300536,4.6627064,2.5766606,0.0,0.0,0.0,8.283075,9.804831,0.0,0.0,0.0,3.0240831,0.0,0.0,0.0,0.0,0.0,0.0,0.11413042,5.2849627,0.28733143,3.4977913,0.0,0.0,3.1982932,0.0,0.0,0.0,6.55515,0.0,0.0,0.0,1.6108961,0.0,0.0,0.0,0.0,0.0,0.0019512484,0.0,0.017547226,5.328364,0.0,1.9583863,0.0,0.0,2.9338086,0.0,0.0,7.1032653,0.0,0.0,0.0,0.0,4.9843416,0.0,6.30089,0.0,0.0,0.0,0.0,0.0,0.0,7.248736,1.9580429,0.0,1.5372409,1.6737583,1.1263578,0.0,0.56960386,0.0,0.7255799,0.0,0.0,7.488794,0.0,0.0,0.0,2.1188586,9.478948,0.0,0.0,6.066034,0.0,0.0,0.0,2.4490793,4.017029,1.6857948,0.0,11.448233,0.0,0.0,0.0,0.0,0.0,3.8355954,1.3731053,0.0,0.0,2.3248703,0.0,2.6041195,0.0,0.0,1.5457808,0.0,0.0,0.0,0.0,0.0,2.383702,SIDM01124
ACH-000662,0.0,4.8430963,0.0,0.0,3.2071679,0.0,0.038183056,0.0,0.52557015,0.0,0.0,0.0,1.5159037,0.0,5.6345634,2.2825644,0.0,0.0,0.0,0.0,0.0,0.0,12.80856,1.4065342,7.0688977,2.445695,3.0730124,0.0,0.98893934,0.0,0.0,5.3928123,2.234709,0.0,0.0,0.0,3.25372,0.0,0.0,3.3397527,3.6646876,1.8370359,0.0,0.0,2.700023,0.0,0.057648424,0.0,6.4418464,0.0,0.0,0.0,0.17703581,0.0,0.0,0.0,0.18081494,0.0,0.0,0.0,2.0842452,2.0884268,5.538865,9.353407,0.0,0.0,0.0,0.0,0.0,3.2662685,1.816165,0.0,7.26837,0.0,0.8550863,6.706139,0.0,0.0,0.0,0.0,4.5834603,2.0217896,0.0,1.7708054,0.0,0.0,0.0,0.0,0.0,0.0,1.9762079,0.0,0.0,4.234007,0.50956476,10.629408,0.0,0.0,0.0,0.0,0.86500865,0.39163885,1.3883189,0.0,0.0,0.0,0.0,0.0,1.8615236,0.0,1.9793154,0.0,0.0,0.0,0.2012859,5.2650566,0.0,0.0,0.0,0.0,0.0,0.0,0.0,0.0,0.0,0.0,0.0,0.0,2.7790442,0.0,0.0,0.0,0.0,0.0,0.0,0.0,0.0,0.0,0.0,4.9297066,3.2094095,0.0,0.0,0.0,4.3457713,3.4019322,0.0,7.0864997,2.3228004,0.0,0.0,0.0,0.0,1.7006718,2.5541122,0.0,0.0,1.1494595,2.845452,4.3209505,0.870191,1.559132,0.0,0.0,0.0,2.282773,0.0,0.0,5.611682,0.0,0.0,4.0407743,0.0,0.0,0.0,2.649002,1.0543873,4.7220607,2.4158893,9.139248,1.6567131,0.0,0.0,0.0,5.37588,0.0,6.5315475,0.0,4.572356,0.0,0.0,3.0665834,0.0,0.0,1.1556078,0.0,0.0,5.0684185,0.0,0.0,0.0,0.0,0.0,9.576893,0.0,0.0,0.0,13.080303,3.0061865,0.0,1.9170623,0.0,10.640891,4.0524197,1.3333151,0.0,0.0,0.0,0.0,0.0,0.0,0.0,0.0,1.1939548,4.936848,0.0,1.3524916,0.0,0.0,0.0,0.3603385,0.0,1.5531406,0.0,0.0,0.0,0.0,0.037028998,0.0,0.0,0.0,7.8219914,0.0,0.0,0.0,0.0,0.0,0.0,0.0,1.0934879,0.0,10.050757,2.1025379,1.1692777,0.0,3.2682333,SIDM00512
ACH-000867,0.0,0.0,0.0,1.8563389,0.0,2.0214798,0.0,0.75500214,0.0,5.0720305,0.0,0.0,0.0,0.82972413,2.8495827,0.38518098,0.0,3.8400552,0.12237086,0.0,0.0,0.0,0.0,0.0,0.0,0.0,0.0,0.0,0.0,0.0,0.0,0.0,0.0,1.6837143,0.0,1.6070518,0.0,0.0,9.838382,0.0,0.0,0.0,0.0,0.0,1.4954958,0.0,0.0,0.0,0.0,0.0,3.922934,4.116378,3.999465,8.5731945,0.0,0.0,0.0,1.2538267,0.0,0.0,0.2975055,2.1935823,3.6374657,0.0,3.4931219,0.0,0.0,1.5013715,0.0,1.2192564,0.0,7.4778814,0.0,0.0,0.0,0.0,0.0,0.0,1.0027254,0.0,0.0,0.0,0.57204926,0.0,0.0,0.7026914,0.0,0.0,0.0,11.754779,0.0,0.0,3.0696757,0.0,1.6821804,0.0,0.0,2.9201605,0.0,0.0,0.48918843,0.91356725,0.0,0.0,2.1766405,0.0,0.0,0.0,1.8976746,3.6520884,0.0,4.481395,0.0,2.8799245,0.8446176,0.0,0.0,3.5295897,0.0,0.0,0.0,1.4919035,0.0,0.0,6.077012,0.0,0.0,6.887655,0.0,0.0,0.0,6.3463106,9.7813015,0.0,2.9051745,0.0,7.893957,4.5161023,0.0,0.0,0.0,0.0,0.0,0.0,0.0,0.0,1.3191729,0.034664568,0.0,0.0,0.0,7.382086,3.2300274,1.3923888,0.0,0.27039406,0.0,0.0,2.1601493,0.0,1.8886199,5.4192243,0.0,1.2310125,0.0,0.0,0.0,0.0,0.0,0.0,0.0,0.0,0.0,0.0,0.0,0.0,1.5676105,0.0,7.0359583,0.0,0.0,1.2269526,1.7939603,0.0,0.0,0.0,0.0,0.0,0.0,0.0,1.1400719,0.0,0.0,0.0,0.0,0.0,7.2395105,0.0,0.0,0.0,2.2794516,2.7112708,2.3092642,0.0,0.0,5.837834,0.0,0.0,0.0,0.0,0.0,0.0,0.28027135,0.0,0.0,0.0,0.0,0.0,1.4611515,1.5010699,0.0,4.442865,0.0,0.0,0.0,2.2583613,0.0,1.4205813,0.0,1.151493,0.0,0.0,0.0,0.0,0.0,0.0,0.0,0.0,0.0,4.490162,0.0,2.48915,2.7210991,0.0,0.0,0.0,0.0,0.0,3.4247012,0.0,0.0,0.0,0.0,0.95169634,0.0,0.0,SIDM00924
ACH-000282,1.7724019,5.1376925,0.0,0.0,1.9719762,0.0,0.0,0.42609596,2.9745767,0.0,3.10603,0.0,2.731041,0.0,0.0,0.0,0.0,0.0,1.6943647,6.630934,0.0,0.0,0.0,0.16390605,0.0,0.026252838,1.9771872,2.3081605,0.0,4.0041122,0.0,0.0,0.09695038,1.3723409,0.0,0.025663823,0.0,1.705154,0.0,0.13311222,0.0,0.463511,0.0,4.3164186,0.0,0.0,0.24704713,0.0,0.0,0.558557,0.0,0.0,0.0,0.22504884,0.0,3.293345,1.2902347,0.0,0.0,4.7001457,0.0,0.0,0.0,0.090999775,0.0,3.2726662,1.820778,0.30459276,0.58422154,0.0,0.0,0.0,0.0,3.9165761,4.4360976,1.7280021,3.3975832,0.7929208,0.0,0.0,0.0,1.9214787,0.0,1.4521396,0.6445193,0.0,1.2281724,0.0,0.9895991,0.0,0.0,0.15836307,0.0,0.0,0.0,0.0,0.0,3.6835184,0.0,0.0,0.0,0.0,0.0,0.0,0.0,0.0,0.6665421,0.0,0.0,0.0,0.0,0.6136586,3.728914,0.0,0.0,0.0,5.5269194,0.0,0.9841613,0.0,1.1486254,0.50072676,4.8652267,3.8085797,0.0,0.9654607,0.0,0.32886088,0.0,1.0260146,3.5005434,0.0,0.0,1.6906602,0.0,4.6488724,6.1401677,0.0,0.0,0.0,0.0,0.7686439,2.6205096,1.6160558,1.7664975,2.673512,0.0,0.0,0.0,9.252456,7.814947,0.0,0.0,0.0,2.9141974,0.0,0.64547265,0.0,0.0,0.0,0.0,0.0,0.0,6.3541107,0.0,0.0,0.0,8.870715,0.0,0.0,0.0,2.3156228,0.0,0.0,3.5418267,0.0,1.3058503,0.0,0.0,0.0,0.0,0.0,0.780898,4.8652687,0.0,3.541178,0.0,0.22394365,1.8972816,0.0,0.0,0.0,2.5509658,0.0,0.0,0.0,0.0,0.0,0.0,3.5833962,0.0,0.0,2.75939,0.0,0.0,0.0,6.1195235,0.0,0.0,3.7545714,0.116538264,0.0,0.0,0.0,0.0,0.0,0.0,0.94630164,0.0,2.0034235,0.0,0.0,2.6148422,4.106191,0.19269964,0.0,0.5836717,4.956467,0.0,0.0,1.3099066,7.828472,0.42684144,2.6630092,0.93612486,0.0,0.0,0.0,4.785319,0.0,2.3953812,0.0,0.0,0.0,0.0,0.0,2.9908464,0.30128384,1.37647,0.0,0.0,0.7574823,0.0,0.0,0.9327026,0.0,SIDM00738
ACH-000766,0.0,2.5456545,0.0,0.0,4.6428638,0.0,0.0,0.0,0.0,0.0,0.0,0.0,2.1117506,0.0,0.2675432,4.165006,0.0,0.0,0.0,0.0,0.0,1.0475904,8.285015,4.3789544,8.220116,2.1256812,1.7488679,0.0,0.0,0.0,0.0,1.0373187,5.2855315,0.0,0.0,0.8125639,0.94660395,0.0,0.0,1.9740233,10.225109,0.0,0.0,0.0,0.0,0.8094046,0.0,1.6173829,3.666036,0.0,0.0,1.5929472,4.6694965,0.0,0.0,2.0522482,0.0,0.0,0.0,0.0,0.7920488,5.305174,0.0,3.548424,0.0,0.0,0.0,0.0,0.0,3.1701813,0.2586724,0.0,1.3386755,0.4464161,0.0,2.2104547,0.0,0.0,0.0,0.0,5.2349305,2.1356473,1.7668929,0.8839947,0.9920059,1.0032473,0.0,2.618703,0.2606679,0.0,0.31512162,0.0,0.0,0.0,5.330415,3.4082963,0.0,0.2558752,0.0,6.871445,0.9807448,0.0,0.0,0.0,0.0,0.0,0.0,0.0,3.6292303,0.508427,1.07342,0.0,0.0,2.8176887,0.0,0.0,0.0,2.6037571,0.0,0.0,0.0,0.0,0.0,0.0,0.0,0.0,0.024275519,0.0,1.20302,0.0,0.0,0.0,0.0,0.0,0.0,0.0,0.0,0.0,0.0,6.7026463,10.059992,3.161982,0.0,0.0,0.0,0.0,4.9573545,3.8122623,0.0,0.0,0.0,0.0,0.0,0.0,4.984404,0.0,0.29376578,2.8771794,9.060946,5.6572,1.4462914,1.6599532,0.0,0.0,0.0,0.5332325,0.0,0.0,0.0,2.6055334,0.0,0.46101463,0.0,0.0,1.632725,0.0,4.25281,0.0,0.0,6.426679,7.1989408,0.0,0.0,0.0,2.9435146,0.0,3.1426587,2.8939152,4.2417336,0.0,1.5314453,3.3073757,0.0,0.26462293,6.329795,0.0,0.0,0.31584325,4.15066,0.0,0.37627387,0.0,0.0,10.010815,0.0,5.1028023,0.0,4.1220713,0.040263347,0.0,1.9859941,0.0,9.622491,0.0,0.0,2.093879,5.5377483,2.4358664,0.0,0.0,0.0,0.0,0.0,0.0,8.683869,0.0,1.7743297,0.0,0.0,0.0,0.0,0.0,6.49421,0.0,0.0,3.9750419,0.0,1.294301,0.0,6.0095305,1.4775591,4.108586,0.0,0.0,0.0,0.0,0.34051847,0.0,0.0,0.046307407,1.0008959,4.989954,5.2703547,3.192859,0.0,0.0,SIDM00746
ACH-000343,0.0,0.0,0.0,0.0,0.0,9.452948,0.0,3.0842414,0.0,0.0,0.0,0.0,2.1176357,2.621894,0.0,0.0,8.160826,0.0,0.0,0.0,0.0,0.09612363,0.3151507,3.7500188,0.0,0.0,0.0,0.0,0.0,5.7897825,10.193376,0.0,0.0,0.0,0.0,0.0,0.0,0.0,0.0,0.0,0.0,0.0,0.0,1.4022086,0.0,0.0,0.0,2.879454,0.0,4.2009277,0.0,0.0,0.0,0.0,0.0,1.0785441,0.0,6.729789,0.0,0.0,7.172985,5.4151034,0.0,0.41241512,0.0,0.0,5.885541,11.230495,0.0,0.0,0.0,0.0,0.0,11.071063,0.0,4.415273,0.4670694,0.0,7.338601,5.8888736,1.0567698,0.0,3.3462849,0.0,0.0,6.3556185,0.0,1.6940488,0.0,10.352085,0.0,2.8794012,0.0,2.005371,0.0,0.0,0.0,0.0,0.0,0.0,0.0,0.0,0.0,5.868544,0.0,0.0,0.0,0.0,6.454146,0.0,0.0,3.8645742,0.0,3.45794,0.0,0.0,0.0,0.0,0.0,13.166656,0.33363008,0.0,0.0,0.0,0.0,0.0,4.168015,0.0,0.0,0.0,0.0,3.661251,2.3133957,6.0983477,8.973658,0.0,0.0,0.0,0.0,0.0,0.0,4.1845727,1.081303,0.0,0.0,0.0,0.0,0.0,3.78903,0.2035594,2.20938,0.0,0.7714403,2.2130177,4.503131,0.0,0.0,0.0974386,0.0,0.0,2.7066045,0.0,8.962653,0.0,0.0,0.0,0.0,0.0,0.0,0.0,4.239471,9.590272,0.0,1.7205184,0.0,0.0,0.0,5.9371896,8.266558,0.0,0.0,5.3761053,2.8386095,0.0,5.8971295,0.0,0.0,1.6450691,0.0,0.38538024,1.8227428,0.0,0.0,0.0,0.0,6.2867827,0.0,0.0,0.0,0.0,0.0,6.4141574,2.6234748,0.0,4.5904775,0.0,0.0,0.0,0.0,0.0,2.2850597,0.12965898,0.0,0.0,9.777021,3.9448173,0.0,0.0,6.827916,0.0,0.0,0.0,8.21921,0.0,0.0,0.21133558,12.739257,3.7119114,9.885597,0.0,1.0942048,0.0,0.0,2.9631608,8.926774,0.0,0.0,0.0,0.0,0.0,0.06689836,2.8528368,0.0,0.5942961,0.0,0.0,0.0,2.3188353,0.0,0.0,8.002114,0.0,0.0,0.0,1.2202698,3.9352264,SIDM00116
ACH-000733,0.0,1.7480643,0.0,0.0,0.0,0.8260929,3.9329994,0.0,0.0,0.0,1.9035318,2.8854668,0.0,3.3155615,0.0,2.6991603,5.2556195,0.0,0.0,0.0,0.0,2.8909137,7.2358074,3.4134963,0.0,0.0,0.0,3.9786243,0.20565775,0.8704714,4.548688,0.0,4.5360775,0.0,0.6372232,0.0,0.0,0.0,0.0,0.0,0.8176951,1.4024845,1.4435112,0.0,3.0331924,0.0,0.0,0.6716491,4.7176967,0.0,1.640867,0.0,0.0,0.0,0.0,0.0,0.0,0.0,0.026885333,0.0,4.6486044,1.3664082,0.7418806,0.0,0.0,0.0,0.0,4.4923735,0.0,0.8337824,3.3445017,0.0,0.14264505,3.564207,0.0,0.0,0.0,0.0,3.2527456,8.213503,0.0,0.0,0.0,0.0,0.0,4.428422,0.9266577,8.688061,0.30121908,0.0,0.0,3.7183187,2.1328182,3.4997747,0.0,2.6949253,0.0,0.0,0.0,4.1634054,0.0,3.193427,5.095378,0.0,0.0,5.2952213,0.0,0.5728715,1.6232287,0.0,0.0,0.0,0.35885718,0.0,0.0,6.352784,0.0,0.0,0.0,6.698013,0.0,0.0,0.0,0.0,3.2172952,4.2994175,0.48437986,0.0,0.0,0.0,0.0,1.2104368,2.8247113,1.1128722,1.0480762,0.76920897,0.0,0.0,2.7684164,0.0,0.030788578,2.5543284,0.0,0.0,2.7572985,0.0,0.0,0.0,0.5382281,0.0,0.0,0.0,0.0,0.0,0.60788375,0.0,0.42582032,0.0,0.0,10.944491,2.2840009,0.0,3.1594563,0.0,3.4080064,2.0573444,0.0,0.0,0.0,0.5364294,6.855057,0.0,0.0,7.1109104,0.0,0.527519,0.0,3.3454447,0.0,0.0,1.5797642,2.9817874,0.20594232,0.0,8.76525,0.0,2.1977854,9.073111,3.6962438,2.1352084,0.0,4.760276,0.0,0.0,2.263703,6.5786185,0.33134022,1.5112169,0.0,0.0,5.4573665,0.0,0.0,4.373002,1.9991252,0.0,0.0,2.047476,0.54305357,0.0,1.4553205,0.0,0.0,0.0,3.45674,2.2722483,3.44168,0.0,0.0,0.0,3.8698583,0.0,0.0,0.0,2.6118944,0.38181487,0.0,0.0,0.0,3.6551502,0.7063685,0.0,0.0,0.54707223,2.1704042,0.27493137,0.0,1.5424585,2.6949086,0.0,0.0,0.0,0.0,3.431673,2.5609443,0.0,0.0,0.0,0.0,0.1592308,0.69037193,0.0,0.0,0.0,0.0,3.039385,SIDM00769
ACH-000681,0.0,0.0,0.91634864,0.0,1.3461566,0.0,0.59739304,2.9289114,0.0,0.9705716,0.0,0.0,0.0,0.0,0.0,0.0,0.0,0.0,0.0,2.6198137,4.073736,1.838581,0.0,2.5140018,2.2436812,0.0,0.0,0.0,0.48855308,0.5113711,0.0,0.0,0.0,0.22597806,0.0,4.2084103,1.2042437,0.0,0.0,0.0,0.0,0.0,0.0,2.1787534,0.0,1.339947,12.530364,0.0,0.0,0.82495147,5.2686715,0.0,0.0,0.0,0.0,7.128363,10.223174,0.0,0.0,3.9879377,0.0,0.054477535,0.0,0.0,1.1613113,7.5036583,0.20154645,0.0,1.0122936,0.0,0.9769285,1.6123492,0.55549544,0.0,0.0,0.0,7.33163,0.0,0.0,0.0,0.0,0.97720516,0.0,2.8028953,0.0,0.0,2.7445238,0.0,0.0,0.0,0.0,0.0,0.0,0.0,0.0,0.0,0.0,0.0,1.6127993,0.0,0.0,1.5376928,0.0,0.0,4.2367587,0.0,0.09133716,8.16788,0.0,3.0282152,1.6374722,2.954054,0.0,0.0,0.17500108,0.0,0.0,4.1453,0.0,0.0,0.0,0.0,6.407756,7.979233,0.0,0.0,0.0,0.0,0.0,2.4075105,0.0,0.0,2.3691502,0.9263989,0.0,0.97392654,0.0,0.0,0.0,0.0,0.0,0.0,3.4789762,0.0,0.0,0.0,0.0,0.0,0.0,0.0,0.4724443,0.0,0.0,0.0,0.0,0.0,7.4357185,0.0,0.0,0.0,0.0,0.22253759,0.0,0.0,2.1790185,0.0,0.0,6.9378495,0.3876485,0.0,1.5690151,0.5531085,7.070227,0.0,0.5967461,0.0,0.0,0.0,0.0,0.0,0.0,0.0,0.0,0.0,0.0,5.948412,0.0,2.0207863,0.0,0.0,0.0,0.0,0.0,0.0,0.0,0.0,0.0,1.0230931,9.056093,0.0,0.0,0.0,0.0,0.0,0.0,0.16129299,1.72739,0.0,0.28414717,0.0,5.7739873,0.0,0.0,6.6177673,5.8952713,1.4945753,0.0,1.1710455,0.0,8.777385,0.0,7.568043,0.0,1.1279305,0.0,2.4912705,0.77602416,3.1322744,6.141471,0.0,0.9252385,5.3351493,0.8655887,2.9188335,0.0,0.0,5.4500155,0.0,0.0,0.0,7.866777,3.4584649,0.0,0.0,0.3450313,1.3514533,7.6687856,0.0,6.9767995,0.0,0.0,0.0,1.6034458,4.114914,4.125937,0.0,SIDM00903
ACH-000482,0.0,0.0,0.0,0.0,0.0,2.7327373,0.0,2.091755,0.0,13.021928,0.0,0.0,0.0,3.2805843,1.0925071,0.78919137,0.0,9.656493,0.0,0.0,0.0,2.0284433,0.0,5.7210817,0.0,0.2798535,0.0,0.0,0.36139843,1.1284264,0.0,0.0,0.0,13.877974,0.0,0.0,2.3204074,0.0,4.5457163,0.0,0.0,0.0,1.2076774,0.0,0.67052156,0.7052555,0.0,6.069986,0.0,0.0,7.975867,2.9698296,12.621459,8.97036,0.0,0.0,0.3731415,0.0,0.0,0.0,1.8186285,3.9843311,6.4107895,0.0,3.5846674,0.0,0.0,1.1553837,0.0,4.5934634,0.0,0.0,0.0,0.0,0.0,0.0,0.0,1.9448065,5.342027,0.0,3.5583425,7.0438094,0.0,4.887844,9.41196,2.6984093,0.0,0.0,0.0,13.813325,1.4587376,2.4746754,0.0,0.0,8.840183,0.0,0.0,0.0,0.0,7.1312203,5.219112,0.0,0.0,0.0,1.2927244,0.0,1.5578728,0.0,4.514541,0.0,0.0,5.3652806,0.17367414,8.853447,0.0,0.0,0.0,12.074632,0.0,0.0,0.0,0.0,2.1050928,0.0,0.0,0.0,0.0,5.2556534,0.0,6.861654,1.050544,0.0,3.2185361,0.0,2.3481145,0.0,1.92505,0.0,0.0,0.0,0.0,0.0,0.0,0.0,0.0,0.0,2.791497,0.0,0.0,0.0,1.8453983,0.0,0.0,1.0871931,2.0898457,0.0,0.0,1.9970068,1.3740999,0.0,0.0,9.885546,0.0,0.0,0.0,1.1632895,0.0,0.0,0.0,4.0693502,0.0,0.82669574,0.0,0.0,0.0,0.0,0.0,0.0,1.0865132,4.5706053,0.0,1.559337,0.0,0.0,0.0,0.0,0.0,3.0684104,0.0,0.0,2.010225,0.0,0.0,0.0,3.0186832,4.496786,2.2615469,0.0,3.3434234,0.0,6.26895,0.746853,0.0,0.0,0.0,5.1955404,0.0,0.0,0.0,0.0,0.5029643,0.0,0.0,2.8826666,0.12535639,0.0,9.525894,0.0,0.0,0.0,0.0,5.614134,0.0,0.0,0.2312698,0.08889489,2.3571656,0.0,0.0,0.0,0.0,0.0,7.1713934,1.1942381,0.0,0.90913945,0.0,0.18660817,0.0,4.942258,7.689487,0.0,1.371235,0.0,5.160506,1.1703873,6.889641,0.0,0.0,1.0561405,0.0,0.0,7.543718,2.19294,0.0,0.0,SIDM00356
ACH-000451,1.8377857,0.0,0.0,1.5765646,0.0,8.760862,0.0,0.6855546,0.0,2.1901824,0.0,0.0,0.0,0.34134158,0.0,7.8780355,0.6810061,5.8282714,0.0,0.0,0.22608124,3.0250056,3.515451,6.312223,7.6203876,0.0,1.7321372,0.0,0.0,2.312068,1.532234,0.0,3.8057907,0.0,0.0,0.0,0.0,0.0,0.0,0.0,0.0,5.542977,1.2775463,0.0,0.013303096,2.2151308,0.5293344,0.15138605,0.0,0.0,0.0,0.0,3.7341986,0.0,0.0,0.0,0.0,0.0,0.0,0.0,8.487434,9.073216,0.0,0.27046266,0.0,0.0,0.0,4.9368396,0.0,0.0,0.0,0.8518997,2.3700607,1.9161631,0.0,0.16407014,0.0,0.0,0.277372,5.0899367,0.0,0.0,0.0,0.0,0.0,1.5511869,0.5476684,4.8933415,0.0,4.9162226,0.2423065,0.0,1.2471739,4.2282715,2.724687,4.592461,1.7479885,0.0,0.0,0.35923988,0.0,0.0,0.0,0.0,2.0398188,0.0,0.0,7.8827844,1.4984279,0.072098866,0.0,1.748779,0.0,6.760806,0.23507565,9.599854,0.0,1.8195273,0.09851346,12.909439,2.725551,0.0,0.0,0.0,9.667189,0.0,5.749025,0.0,0.0,0.0,0.0,3.714588,3.587178,0.16904154,3.3185136,0.0,0.0,0.0,6.6130366,0.0,0.0,7.5548935,0.0,0.0,0.0,0.0,3.6042902,0.0,6.3674397,0.0,0.0,5.0926504,0.0,0.0,0.0,0.04329028,2.8480873,0.0,0.0,3.897321,1.4117897,0.0,1.7978212,0.0,5.409953,0.0,0.0,0.0,0.0,0.0,4.419395,0.90579474,4.8041577,2.8944936,0.0,0.0,0.0,0.0,5.2071905,0.0,5.445077,0.0,10.354438,0.0,0.040128544,0.0,4.6870966,2.5565076,0.0,0.3278812,0.0,8.880762,0.0,2.4724298,0.0,0.9415008,0.0,3.1524758,0.0,0.0,1.9994345,1.2457036,0.0,0.0,3.084432,0.0,0.0,2.157669,0.0,0.0,5.039489,0.0,0.0,0.0,6.4282475,3.1146407,7.881637,0.0,0.0,0.0,5.904135,0.0,0.0,0.0,0.0,0.0,0.0,0.0,0.0,5.90631,2.8388956,0.0,0.0,0.0,0.0,0.0,2.2794893,7.948548,0.0,0.0,0.0,6.236735,0.0,0.0,0.0,0.0,0.0,0.0,0.0,0.0,6.9742813,2.167165,0.0,0.0,1.848367,0.7526965,SIDM00709
ACH-000378,0.0,3.3516376,0.0,0.0,1.6486547,0.0,0.0,1.3438369,0.6966422,0.96795917,0.8785866,0.0,0.0,0.0,0.0,0.0,0.42268535,0.0,0.0,5.9718485,3.092313,0.28518188,0.0,2.10361,0.0,1.1111274,0.90443736,0.0,0.5580276,1.1916938,0.0,0.0,0.0,0.0,1.6562381,0.0,4.6822224,1.2445838,0.0,0.6972214,0.0,0.7829592,0.0,1.2396537,0.0,0.0,4.6228867,0.0,0.67007726,0.0,0.0,0.0,0.0,0.0,1.0217214,2.819387,2.5521455,3.0112762,0.0,3.848356,0.0,0.0,0.0,3.4234402,0.0,6.2969522,1.3143822,0.0,8.618004,0.0,0.0,0.3376152,3.9929185,0.0,2.3031237,4.68334,0.64216584,3.6419718,0.0,0.0,0.0,5.102609,0.834332,0.20897983,0.41186425,0.0,0.0,0.0,0.0,0.0,0.0,0.0,0.0,0.0,0.4369933,0.0,0.0,0.0,0.0,0.0,0.0,0.0,3.6413722,2.7839308,5.8470407,0.0,3.4519925,0.0,0.0,2.9461272,1.3136611,0.0,0.0,0.0,0.19766554,0.0,3.8624856,0.17690584,0.0,0.0,1.3244083,0.0,4.7610397,1.8324428,0.0,0.0,0.0,0.0,0.86525315,0.08579668,0.0,0.0,0.0,3.6446342,0.0,0.80316234,0.0,0.0,0.0,0.21792786,0.0,0.0,0.39691192,0.0,4.7206984,1.0537964,0.0,0.9473619,1.3214697,0.0,2.976866,0.0,0.0,0.0,0.0,1.7671767,0.37787157,1.3124374,0.0,0.0,0.0,0.0,0.0,3.8926108,0.25758392,0.0,2.3459234,6.1506677,0.0,0.0,0.0,1.1936712,0.0,0.0,3.2403877,0.0,0.0,0.6076449,0.0,0.14487776,0.0,0.0,0.0,4.88214,0.0,7.877862,0.62116903,0.0,0.0,0.0,0.0,0.0,0.9996416,0.0,0.0,0.0,0.0,1.9215753,0.0,1.9930794,0.0,0.0,0.0,0.0,0.0,0.0,5.7701793,0.89480484,0.0,4.269532,0.0,2.7945497,0.07072626,3.217063,0.0,0.0,0.0,0.10470684,0.91945624,1.7145048,0.0,0.045533054,0.0,3.238945,0.0,0.0,3.3309677,0.0,1.3640665,0.0,1.6423583,6.7047367,1.6868501,0.0,4.3131123,0.0,3.044319,0.0,0.0,0.0,1.6856227,0.24004078,0.0,0.23799235,0.0,1.3343797,0.0,0.0,0.35208032,2.0935254,0.0,0.0,1.477771,0.0,2.4500637,2.853953,SIDM01125
ACH-000379,0.0,0.0,0.0,3.3714747,0.0,0.055571936,4.818994,0.0,0.0,1.4962378,0.0,0.0,0.0,4.2666726,0.0,2.450847,0.0,4.254937,0.0,0.0,0.0,5.051205,2.4127457,1.1079599,0.0,0.0,0.0,0.0,0.0,2.349437,2.067885,0.0,0.0,0.0,0.0,0.0,2.729384,0.0,0.0,0.0,1.0466269,2.0748322,1.4175118,0.0,3.1694727,8.41753,0.0,1.2721251,1.3088367,0.0,0.33059093,1.6719738,1.3262881,0.0,0.0,0.0,0.0,0.0,0.0,0.0,8.596595,6.527536,1.3981559,0.0,0.0,0.0,0.0,2.8920171,0.0,3.8666806,0.0,0.0,0.0,0.0,0.0,0.0,0.0,0.0,3.1268637,11.52767,5.7303486,0.0,0.0,0.0,0.0,5.4748216,0.0,0.23115201,0.0,0.0,5.811849,3.9639432,0.6559658,0.121863596,1.3952088,6.335053,0.0,0.0,1.3271075,6.6618886,7.214394,6.3110876,0.0,1.1885393,0.6085105,0.0,2.4731588,0.0,0.4135902,0.0,4.158248,1.1813769,0.0,6.6533504,4.192923,3.398718,0.0,5.324896,0.0,1.0885898,3.9977796,1.7293286,0.0,0.0,0.0,0.0,0.0,0.867801,0.0,0.0,0.035715166,0.17314482,0.0,0.0,0.0,0.0,0.0,2.5152116,1.2742497,0.0,0.0,0.0,0.0,0.0,0.0,0.0,0.0,0.0,0.0,0.0,0.051844835,0.0,0.0,0.0,0.6723815,0.69634455,0.0,3.568469,2.0632463,3.2914526,10.421551,1.5393971,0.0,0.0,0.0,3.521214,0.0,0.0,0.0,0.271421,0.0,2.4351835,0.2516135,6.850853,0.0,5.314999,0.0,0.8500632,0.0,3.13858,0.0,4.3921804,0.0,0.0,0.0,0.0,0.0,1.3366456,0.0,1.1195015,3.4191933,0.0,0.0,0.0,3.5084763,0.41378343,3.1587527,0.0,0.0,0.0,0.0,4.1722503,0.32540607,4.3050513,3.8684123,0.0,0.0,1.6603674,1.6595157,0.0,0.33637893,0.0,0.0,0.0,0.0,0.31081605,7.6708975,2.7587352,0.0,0.0,0.0,0.0,0.005512623,0.0,0.30036935,3.4082015,0.0,0.0,0.0,3.9328291,0.0,0.0,0.0,1.2808696,0.0,6.6876616,0.6329208,8.719455,0.0,4.3018994,0.0,0.0,0.17179647,2.9786425,0.7151652,0.57607186,0.0,0.0,0.0,3.9399354,6.507228,0.0,0.0,2.863307,0.0,0.0,SIDM00754
ACH-000161,0.0,0.0,3.5228896,0.0,5.737305,0.0,2.10135,1.3428012,4.595935,0.0,0.0,4.9917116,0.0,0.0,3.1340477,0.0,0.0,0.0,0.0,0.8811831,0.0,0.17474051,4.7092934,2.4772296,2.4303057,1.9974635,0.0,0.068660185,2.1014836,0.0,0.3848908,2.9687543,0.0,2.5582054,0.0,0.6684092,0.0,0.0,0.0,0.8357778,4.0889754,0.0,2.2632077,0.67074347,0.1276167,0.0,3.9626546,0.0,0.0,0.0,5.347492,0.0,2.3390932,0.0,0.0,0.0,7.7361045,0.0,0.0,0.019593235,0.05881892,0.0,0.9263753,0.9614891,1.4852151,1.5128638,0.0,0.0,0.649887,0.0,2.3102643,0.0,3.87265,0.0,4.887603,0.0,0.30053127,1.3565993,0.0,0.0,0.0,3.370834,0.0,8.432094,0.19084096,0.0,0.020955604,0.0,0.54789835,0.0,0.14067402,0.0,0.0,0.0,0.0,2.0224428,0.0,0.0,3.6877472,0.5826981,0.55998886,0.046109963,0.0,0.0,0.3034348,0.0,3.6599584,2.1078222,0.0,3.6894755,1.1903398,0.33492494,0.66824394,0.0,2.288263,0.0,0.0,0.46343714,0.0,0.0,0.0,0.0,3.6018763,4.5565515,0.0,2.8332124,0.0,0.0,0.0,3.7151206,1.2998043,0.0,1.5544447,0.0,0.0,0.0,1.1139886,0.0,0.0,0.0,0.0,0.0,0.0,0.0,2.7707198,0.0,0.0,0.42436826,0.0,0.0,0.0,0.0,0.0,0.0,0.0,0.0,3.1613681,2.4790685,2.5039566,0.98302364,0.9200765,2.0195487,0.0,0.0,0.0,4.285017,0.0,1.0402745,5.291883,2.8554533,1.3177665,0.0,5.246074,0.0,0.8452189,0.0,1.6087801,0.0,0.0,5.456706,0.09377238,0.0,0.0,0.0,0.0,0.0,0.0,4.7142754,6.528695,0.0,0.026053581,0.1695013,0.0,0.059575453,0.0,1.613901,0.0,0.0,8.9433365,1.4914534,0.0,0.0,0.0,0.06267124,0.0,0.0,0.0,0.0,0.63587373,0.0,3.6654994,0.0,5.1724663,3.894631,3.3511431,0.0,0.0,0.66333836,0.0,4.192874,1.3895528,1.2593058,0.0,0.0,4.8873196,0.0,0.0,0.0,0.0,0.0,0.54127043,0.4805887,2.6956005,0.0,0.0,1.112609,0.0,0.0,0.0,0.0,2.1208606,1.2155492,2.2534428,0.0,0.0,2.8812635,6.184636,0.0,3.0795054,0.0,0.0,2.4308193,5.3288846,5.8311954,0.0,0.0,SIDM00513
ACH-000395,0.0,0.0,0.0,4.4903855,0.0,5.9151936,0.0,0.3715682,0.0,4.9907994,0.028764412,0.0,0.0,0.0,0.0,0.0,0.0,0.0,6.4134088,0.0,0.76346385,0.0,0.0,0.0,0.0,0.0,0.0,0.0,0.0,1.0204494,0.0,0.0,0.0,0.0,0.44282407,3.366438,0.0,0.0,0.0,0.0,0.0,0.43829376,0.0,0.0,0.0,0.0,0.0,0.0,0.0,3.9057267,0.0,2.8511121,0.0,0.0,0.0,0.0,0.0,10.345123,0.0,7.0886874,0.091895685,2.1702108,0.0,0.5138458,0.0,0.61941516,0.0,0.0,8.780311,0.0,0.0,3.8956435,0.0,0.0,0.0,0.0,0.0,0.0,0.0,0.0,0.0,0.0,8.14458,0.0,0.0,0.99602723,7.078974,0.0,0.0,0.03502676,0.0,0.0,0.0,0.0,0.0,0.0,0.35200906,0.320237,0.46860954,0.0,0.0,4.0802913,1.9771453,3.459937,0.0,0.0,0.0,0.0,0.0,7.3348656,1.0174215,10.664426,0.0,0.0,4.7089696,0.0,0.0,3.4806607,0.0,0.0,1.0254118,5.868215,0.0,0.0,0.0,0.0,0.0,8.021622,0.0,0.0,0.0,8.790096,0.0,6.9230175,3.287294,2.656763,4.3882413,9.368611,0.0,4.2398896,0.0,0.0,0.0,0.0,0.0,0.0,0.0,1.9568808,0.0,0.0,0.0,0.0,6.8036532,2.0664232,0.0,0.0,0.0,1.2325044,0.0,0.0,2.4155784,3.9707391,0.0,2.116587,0.0,0.0,0.0,0.0,0.0,0.0,0.0,2.634445,0.0,0.0,0.0,4.20801,0.0,0.12128129,0.0,0.0,0.0,0.17902955,0.0,0.0,0.38048494,1.9933527,0.0,0.0,0.0,5.78679,0.0,0.0,0.0,0.0,0.0,0.0,2.0210147,0.0,0.0,0.0,0.0,7.0003853,10.056592,0.0,0.0,0.23054118,0.0,0.0,0.0,3.8489544,0.0,2.7294762,1.0479386,0.0,0.0,0.0,0.0,0.0,0.0,1.8296728,0.0,1.8275937,0.0,0.0,0.0,2.1061826,3.5990074,5.386039,11.542913,0.0,0.0,0.06396581,0.0,1.2234213,0.0,0.0,6.7913766,1.4177775,0.0,0.0,0.0,0.0,1.3122833,7.683758,0.0,0.0,0.0,5.301433,8.592807,3.407546,1.2836725,0.0,0.0,0.0,1.7110379,0.0,SIDM01130
ACH-000916,0.0,2.3536,0.0,0.0,1.3268175,0.062360875,0.0,0.0,0.0,1.2158,0.0,0.44215584,2.0508041,0.0,0.0,0.0,0.0,3.7622917,0.0,0.0,0.0,0.0,0.0,0.0,2.266669,5.5874825,0.0,0.0,2.304337,0.0,3.8346217,2.9463468,2.5980046,8.258696,0.0,2.709089,0.7468962,0.0,2.2021005,3.3205845,0.0,0.0,2.2458704,0.0,0.0,0.0,0.0723632,6.869882,0.45509276,0.0,3.7213385,1.5203527,6.136478,5.158749,0.0,0.0,0.0,0.0,0.0,0.0,0.0,0.11121114,6.520984,1.1030047,0.0,0.0,0.0,0.0,0.0,3.5249197,0.0,0.0,1.79442,0.53880286,0.15409093,0.0,0.0,1.5230161,0.5451844,0.0,4.558555,2.727621,0.0,2.5829895,3.5081244,0.02539327,0.0,3.6896086,0.0,6.7360153,1.7905773,1.042184,1.3115222,0.0,1.5785797,0.0,0.0,0.0,0.0,1.8326707,4.694588,0.0,0.0,0.0,0.0,0.0,1.9570248,0.0,2.7251818,0.0,0.0,0.805065,1.7940881,1.5720884,0.0,2.4128497,0.0,0.0,0.0,0.0,0.0,0.0,1.9535011,0.0,0.0,0.0,0.0,0.0,3.1461537,3.3108757,0.0,0.0,3.8194022,0.0,0.112006955,0.0,0.0,0.0,0.0,0.0,2.6797175,0.02804812,0.0,0.0,0.0,2.9040446,3.2967014,2.6232257,0.0,0.60006404,2.1004865,0.40243345,0.0,0.33535308,1.6597018,0.5930706,0.0,2.6049006,4.6584673,0.0,1.4532621,3.8265743,0.0,0.0,0.0,0.5610319,0.0,0.0,0.0,2.6785367,0.0,0.0,0.0,0.0,0.0,0.0,1.179333,0.3237135,2.6457362,6.173438,0.36579135,1.5493019,0.0,0.0,0.0,0.0,0.0,0.7468355,2.098685,0.0,1.7318438,0.0,0.43972322,0.0,5.9285884,0.0,1.7571887,0.0,0.7926765,4.25883,5.808525,0.0,0.0,0.0,0.0,0.0,0.0,4.117168,0.5230784,0.0,0.0,0.0,0.0,0.0,0.0,0.0,1.98402,0.0,2.4888453,0.0,0.0,0.0,0.0,0.0,1.4432153,0.0,1.8485651,0.0,0.0,0.0,0.0,0.0,3.7604213,1.4086841,0.0,1.7295803,0.0,0.056188792,0.0,3.342426,2.3943942,0.0,2.7934566,0.0,4.575441,0.0,4.169403,0.0,0.0,0.0,0.0,0.0,4.2941623,0.4554413,0.0,0.0,SIDM00749
ACH-000837,0.0,0.0,0.0,0.6892743,0.0,1.3004793,0.0,3.5439563,0.0,6.2453065,0.0,0.0,0.0,0.0,5.0113754,3.5205166,0.96066576,2.6645982,0.0,0.0,4.146338,0.0,0.9117801,2.6179092,3.6848872,0.67475855,0.0,0.0,0.0,0.9866409,0.0,0.0,0.0,0.0,0.6244634,0.0,0.0,0.0,2.5417378,0.0,0.0,2.4600117,0.0,0.0,0.0,0.9302392,5.1984663,0.0,0.0,0.0,0.0,0.0,0.0,0.0,1.9566758,0.0,0.23047875,5.6613317,0.0,0.0,3.624133,0.0,0.0,4.7699356,0.0,5.0567384,0.002533177,1.3643789,3.1207123,0.0,0.0,7.0619006,6.6067176,0.0,0.0,3.9460263,0.0,2.0815804,0.0,1.9136628,0.0,0.0,0.0,0.0,0.0,0.0,0.0,0.0,0.0,0.0,0.0,0.0,6.1445103,4.634303,2.02671,4.3079085,5.8665047,0.0,0.0,0.0,3.001549,0.33649138,4.4353642,2.6488128,7.785052,0.0,0.0,6.0966134,0.0,3.6574357,0.0,0.0,0.0,0.70535123,6.052091,5.64964,0.0,0.0,0.0,6.2248883,0.0538343,0.0,0.0,0.0,6.254186,0.0,0.0,1.74041,4.166584,0.0,0.0,1.0924063,0.7383394,0.0,0.0,0.0,0.0,0.0,3.7659214,0.0,0.0,0.0,0.0,0.0,0.0,0.0,0.0,3.0505977,5.761265,0.0,0.0,6.258468,1.3509679,0.0,0.0,0.0,0.0,0.0,0.0,0.0,2.2428946,0.917156,0.0,0.0,4.792627,0.11243307,2.610907,0.0,1.8119946,0.0,0.0,0.0,0.25072175,0.0,0.0,0.0,0.0,1.9777204,3.8684816,0.0,0.0,0.0,9.832817,1.3994281,0.0,0.0,6.4237294,0.0,0.0,0.0,0.0,3.1655464,0.0,1.2371888,0.0,0.0,1.6042547,2.5676517,0.0,0.0,0.0,0.0,0.0,0.0,0.37914976,0.0,0.0,9.809874,0.0,0.0,0.0,1.4158845,1.3953843,1.424105,1.6842383,0.0,0.0,0.0,0.0,1.3241222,2.6455276,0.0,0.0,0.0,0.0,0.0,0.0,0.0,0.0,4.415442,4.106152,0.06625499,0.0,0.0,0.7292836,0.0,5.193338,4.5188317,0.0,0.0,0.0,6.423161,0.0,0.7204256,0.0,0.0,0.0,0.0,0.0,0.0,1.9152348,0.0,0.0,0.0,0.0,5.8396487,SIDM00117
ACH-000463,0.0,0.0,0.5020194,0.0,0.0013671881,0.0,0.0,0.6780601,0.0,3.5660963,0.30387476,0.0,0.0,0.0,0.0,0.0,0.0,0.0,0.0,3.5887222,6.6093903,1.002586,0.0,1.2637548,0.0,0.0,0.7394044,0.0,0.0,1.6999696,0.0,0.0,0.0,0.0,0.0,4.6401043,4.2774296,0.0,0.0,0.0,0.0,0.0,0.0,2.7759748,0.0,0.0,7.5799804,0.0,0.0,0.74408793,1.4469873,0.0,0.0,0.0,0.53171504,5.822756,6.3635626,5.02693,0.0,5.5027933,0.0,0.0,0.0,2.691186,0.16962937,9.413801,2.086025,0.0,8.98336,0.0,0.8258921,0.940427,2.0629485,0.0,0.58512187,0.0,2.866301,0.0,0.0,0.0,0.0,0.11082526,4.7393513,0.0,0.0,0.0,5.406806,0.0,0.0,0.0,0.0,0.0,0.0,0.0,0.0,0.0,0.0,0.6011186,3.5905375,0.0,0.0,0.0,4.3002625,2.4903724,3.9367266,0.0,0.0,3.8698754,0.0,6.0925775,4.505982,3.4531531,0.0,0.0,3.5511045,0.0,1.5993133,2.5392644,0.0,0.0,0.0,0.0,3.7031736,4.4701333,0.0,0.0,0.0,2.7353842,0.75785583,0.0,0.0,0.0,0.0,4.472351,0.0,3.2432048,0.0,0.0,0.0,1.5741285,0.0,0.0,0.0,0.0,0.0,0.0,0.0,0.0,0.0,0.0,0.0,0.0,0.0,0.0,0.0,0.0,3.5577264,1.9200572,0.0,0.0,0.0,0.0,0.0,3.5691135,0.0,0.0,0.0,3.9519725,0.0,0.0,0.0,3.31454,0.5055808,0.0,1.2782248,0.0,0.0,0.0,0.0,0.0,0.0,0.0,0.6834031,0.0,0.0,11.567431,0.0,0.0,0.0,0.0,0.0,0.0,0.0,0.0,0.0,0.0,0.0,0.0,3.4387836,0.0,0.0,0.0,3.2027154,0.0,0.0,0.0,3.8335767,0.0,0.0,3.2516732,3.7648327,3.5433254,0.0,5.16736,4.6067185,0.0,0.0,0.0,0.0,5.2795863,0.6966871,5.621056,0.0,1.5033946,0.0,3.5977325,4.3425293,4.379269,9.5940275,0.0,1.3211935,5.788228,0.5238985,0.4160958,3.8987908,0.0,5.906486,0.0,0.0,0.0,1.7608495,1.8552865,0.0,0.9538051,0.0,0.8067918,1.55813,0.08292937,8.179241,0.5903001,0.0,0.0,0.13781232,0.0,1.67901,2.7554996,SIDM00144
ACH-000109,0.0,0.0,0.0,0.0,0.0,1.9261937,2.2742512,0.0,0.0,0.0,0.0,0.1558802,0.0,1.9309794,0.0,5.0565257,0.0,4.193049,0.0,0.0,0.0,9.504674,3.4648383,4.894793,0.0,0.0,0.0,0.0,0.0,1.9970154,3.9473603,0.0,0.0,0.1539974,0.0,0.0,0.0,0.0,0.0,0.0,4.32764,1.2977896,2.7226274,0.0,2.1755278,7.1096263,0.0,4.9863157,2.970959,0.0,2.210124,0.024729557,5.8490677,0.0,0.0,0.0,0.0,0.0,0.4191503,0.0,9.002494,10.358949,0.99442965,0.0,0.0,0.0,0.0,4.772644,0.0,4.9500012,0.0,0.0,0.0,0.58659655,0.0,0.0,0.0,0.0,6.412325,10.482676,8.022864,0.49281934,0.0,0.0,0.17127922,6.3275948,0.0,6.391987,0.0,0.0,1.6799593,5.09348,0.0,0.0,4.767482,4.018188,0.0,0.45450428,0.0,9.539563,3.0378048,1.2028025,0.0,0.0,0.0,0.0,1.8873899,0.0,3.9638784,0.0,0.6213871,0.3407727,0.0,6.7970624,0.0,1.0229117,0.0,6.485045,0.0,0.24955411,2.6986217,0.0,0.0,0.0,0.0,0.010465031,1.6989058,0.0,0.0,0.0,0.62717783,0.0,0.0,0.0,0.0,0.0,0.0,0.0,1.4387379,0.0,3.354524,1.3909978,0.0,0.0,0.0,0.0,0.0,0.0,0.0,0.0,2.5630324,0.0,0.0,0.0,2.9349163,0.0,0.0,5.0039954,4.923567,8.707205,7.4246507,1.9286144,0.0,0.0,0.0,3.0184157,0.0,0.0,0.0,2.0076582,0.0,0.32504493,1.0403247,5.1968703,0.0,1.3186394,0.0,0.19663063,0.0,0.38658848,2.975898,0.3391278,0.0,0.0,0.7556466,0.0,0.5239713,6.7225766,2.500104,0.0,4.8925447,0.043881357,0.24978292,0.0,7.0092726,4.9803724,0.61245304,0.0,0.5526226,0.0,6.685886,4.812672,0.0,7.523111,4.1208854,0.10442557,0.0,1.3952104,0.0,0.0,2.3650436,0.0,0.0,0.0,1.3668197,2.458834,12.811226,4.4060774,0.0,0.0,0.0,0.0,1.6143386,0.0,6.5393667,0.10960095,1.0408316,0.0,0.0,0.5921355,0.0,0.0,3.360219,3.2343397,0.0,5.9508095,0.0,5.5511384,0.0,6.852209,0.92067146,0.0,0.0,0.87788975,4.435132,0.7452278,0.0,0.0,0.0,3.70204,8.253717,0.0,0.7821953,5.6253324,0.0,0.0,SIDM00046
ACH-000861,5.7969685,3.779966,0.0,0.0,3.5112233,2.1883774,0.0,4.1696,1.5095986,0.0,2.3373735,0.0,0.8584632,0.0,0.0,0.93834645,8.263529,0.0,4.2164006,5.9238214,0.18620633,4.771564,0.0,4.1380506,0.0,0.0,4.893353,0.19741826,0.0,6.1818233,0.0,0.0,0.0,0.0,0.0,0.0,0.0,0.0,0.0,0.0,0.0,3.2735884,0.0,5.125371,0.0,0.73480606,0.0,0.0,0.0,3.5889766,0.0,0.0,0.0,0.0,2.7107341,0.0,0.0,0.0,0.0,2.1077192,0.0,0.20472804,0.0,0.10491868,0.0,0.0,5.908928,1.4769495,0.0,0.0,0.0,0.0,0.0,5.8493266,0.0,5.2534695,0.0,1.083303,0.0,0.0,0.0,2.969852,0.0,0.0,2.0628684,0.0,0.0,0.0,0.0,0.0,0.0,0.96679044,0.0,0.82658887,0.4334741,0.0,2.607184,2.1925633,0.0,0.0,0.0,0.0,2.828048,0.25995442,0.0,0.0,1.2391443,3.203034,0.0,0.0,0.0,1.2210786,0.8527658,0.0,0.0,0.0,7.8213506,0.0,1.5230124,0.2598263,4.896102,0.0,0.0,0.0,0.0,0.0,3.1611133,0.0,0.0,0.0,0.0,0.0,0.0,5.5872154,2.3337739,4.082186,0.0,0.0,1.6516647,0.0,3.8412938,4.154222,2.5359638,0.9509504,4.5460086,0.0,0.0,0.0,1.998483,9.29242,5.4263444,0.0,0.0,0.8719228,1.4049842,0.96580184,0.0,0.0,0.0,0.0,0.0,0.0,5.3576183,0.5791058,0.0,0.0,0.0,7.6348896,1.0139372,0.0,0.0,1.9271442,0.0,0.17497015,3.1477358,0.0,0.0,0.0,0.0,0.0,1.3775308,0.0,2.754449,4.801958,0.0,0.7194371,0.0,0.0,0.0,0.0,0.0,0.0,8.528708,0.0,0.0,2.1654294,0.0,0.0,0.0,3.5688221,0.0,0.0,4.3864393,0.0,0.0,0.8920427,5.587834,0.0,0.0,5.470963,1.2320933,0.0,0.0,0.0,3.330373,0.0,0.0,1.2583231,0.4031368,0.0,0.0,0.1777853,9.001531,2.9796402,2.8305023,0.0,0.0,0.0,0.0,0.0,0.9799966,11.27131,0.6464566,0.0,3.3181365,0.0,0.84445864,0.0,4.0940056,0.0,0.0,0.28581372,0.0,0.0,0.0,1.3396069,0.0,0.0,0.0,0.0,0.5313444,4.8499346,0.0,0.0,0.0,0.041187223,SIDM00133
ACH-000563,0.0,6.53807,0.0,0.0,4.898286,0.0,1.938845,2.745761,7.7386475,0.0,0.54740256,5.271871,1.8533925,0.0,0.0,2.030172,0.0,0.0,0.0,0.0,0.0,0.0,6.3390226,0.0,3.344998,0.63304794,0.0,0.15451603,2.1299775,0.0,0.0,6.1080055,0.0,0.0,4.936805,0.03509243,1.4048012,0.0,0.0,5.7289066,1.7347383,0.59630966,0.0,0.0,0.0,0.0,0.0,0.0,5.9322195,1.1343628,0.0,0.0,1.3024666,0.0,0.0,0.0,0.0,0.0,0.0,1.0357071,0.0,0.0,1.200155,5.3053503,0.0,1.7660283,0.0,0.0,4.6032114,0.92307967,0.9498353,0.20994018,8.445829,0.0,2.244322,3.5964456,0.0,4.0537515,0.0,0.0,2.0356493,5.248606,0.0,6.846685,0.0,0.0,0.0,3.7449138,4.1784925,0.0,0.0,0.0,0.0,0.82706517,2.2137036,3.7051237,0.0,0.4381731,0.0,0.0,0.0,0.0,1.6430016,0.0,0.0,0.0,3.3961494,0.0,0.9601493,2.5981834,1.5568829,0.0,0.20779875,0.0,0.0,0.0,2.381694,0.0,0.0,0.0,0.0,0.0,0.0,0.0,0.0,2.1946456,0.0,0.0,0.0,0.0,0.0,0.0,0.0,1.8007777,0.0,0.0,1.1735897,0.8942215,0.3441658,0.23006253,3.464617,0.0,0.0,0.0,8.70787,3.1765175,0.0,6.5896854,4.678546,0.0,0.0,2.8822181,0.0,0.22063228,0.0,0.0,0.0,4.4905806,3.1957133,5.4796667,0.0,1.4406496,0.0,0.0,0.0,2.6956413,1.8361394,0.0,4.8531947,0.0,0.0,0.021586303,0.26463598,0.0,0.5445057,2.8421826,2.2446065,4.268207,1.366639,4.4195232,0.0,0.0,0.0,0.045212008,0.0,0.82497686,0.0,2.1404402,7.018118,0.0,0.0,0.0,0.0,0.0,1.2361242,0.0,1.6336728,0.0,0.0,0.8640936,0.0,0.0,0.0,3.7148547,0.0,0.0,0.0,8.131302,0.0,0.0,0.0,1.0668586,5.543142,0.0,0.15590654,0.0,0.0,0.0,0.0,0.0,0.0,0.0,0.0,1.6008233,5.438586,0.0,2.4381793,0.0,0.0,0.0,0.0,1.5802037,2.3229177,0.0,0.0,0.0,0.0,0.0,0.0,0.0,0.0,1.3851779,1.1589067,1.5170358,0.0,3.7618012,0.0,0.0,0.041376896,1.5017415,0.0,10.313775,3.2490792,3.3161054,0.0,1.7370765,SIDM00486
ACH-000562,0.0,1.1705546,2.2016394,0.0,2.2847488,0.0,6.4928045,0.0,0.0,0.0,0.0,4.306332,0.0,0.0,5.5276113,4.531611,0.0,0.0,0.0,0.0,0.0,2.612152,16.070686,2.5943625,0.0,0.0,1.5941296,0.0,0.0,0.0,0.7623054,3.3367696,0.0,0.0,0.0,0.0,0.0,0.0,0.0,0.17000845,12.399291,4.714798,0.0,0.90822065,9.921947,2.6698909,0.0,0.0,3.430043,0.0,4.3017383,0.0,1.6818732,0.0,2.5010178,0.0,4.432693,0.0,2.1474495,0.0,11.549966,2.9844265,0.0,0.7197844,0.78243417,0.0,0.0,0.0,0.0,0.18761165,7.7412877,0.0,0.0,0.0,2.9537108,0.94286305,0.0,0.0,0.045194034,0.0,5.5663486,7.195861,0.0,5.006983,0.0,0.7590157,0.0,1.7337945,2.9025688,0.0,0.0,0.0,0.0,0.38123226,0.0,7.026467,0.0,0.0,5.2842383,5.837402,0.0,0.0,1.5452402,0.0,0.0,0.0,1.3659916,0.0,0.0,2.0746968,5.8933954,1.5037076,0.18731222,0.0,1.9492682,0.0,0.0,1.2942537,0.0,0.0,2.6240685,0.0,0.0,0.0,0.0,6.5003405,0.0,0.0,0.0,0.0,4.5808682,0.0,0.0,0.0,0.0,0.0,0.0,1.2107481,0.0,3.7598853,0.0,0.0,0.0,0.0,1.9917778,0.0,0.0,0.0,0.0,0.0,0.0,0.0,0.0,0.71913034,2.4144797,0.0,0.07945375,3.5116105,2.127434,10.165625,7.572416,0.14803188,0.0,0.0,0.0,8.409955,0.0,0.0,7.5139604,0.7344577,0.0,2.970469,1.4557065,3.427189,0.0,6.5456176,0.0,3.5590634,0.0,2.7633135,3.2111862,0.0,0.0,0.0,4.1025186,0.0,0.0,5.5738335,10.830334,0.31125972,0.3893014,1.3509034,0.0,0.0,1.6635802,0.18278933,0.3914846,5.6290503,0.72481745,0.0,0.0,0.0,1.4748971,13.16724,0.0,0.0,0.0,5.202998,0.962815,0.0,4.9491982,0.0,13.33504,1.518595,0.0,0.0,0.0,1.9626136,0.0,0.0,0.0,0.0,0.0,0.0,12.53444,4.7427955,0.0,0.0,0.0,0.0,0.0,2.8897085,0.0,0.0,0.0,1.7962685,0.0,1.6661319,0.0,2.822261,0.0,3.8726847,2.299063,3.759676,0.0,3.0321832,0.0,0.0,0.0,5.9384594,0.0,3.2593608,0.0,9.231696,0.0,2.2846885,SIDM01068
ACH-000757,0.0,0.0,0.0,0.0,0.0,5.058951,0.0,0.0,0.0,1.0951426,0.0,0.0,1.2522559,0.0,0.0,0.0,0.66384727,0.0,0.0,0.0,2.0048137,0.0,0.0,2.7677855,5.415256,0.0,0.033008054,0.0,6.066988,0.54813105,5.380277,0.0,0.5870218,0.0,0.0,8.808142,4.5236273,6.125117,0.0,0.0,0.0,0.0,0.0,0.99592364,0.0,0.0,4.600827,0.0,0.0,0.0,0.0,0.0,0.0,0.0,0.0,5.9851203,1.8877516,4.940258,0.0,0.0,3.9782267,0.0,0.43066037,2.8796089,0.0,0.0,1.3609124,4.9330425,0.0,0.0,0.0,0.0,3.6940699,4.3292737,0.0,1.6741197,4.8075743,0.0,0.0,0.30060008,0.0,0.0,8.615122,0.0,0.0,3.0531423,2.9354632,0.0,0.0,10.121365,0.1432617,0.0,0.0,1.0977156,0.0,0.0,3.329741,0.0,0.0,0.0,0.0,0.0,0.6900996,5.071529,0.09056191,0.0,0.0,0.31321248,0.0,3.6672165,0.0,6.47917,0.0,0.0,3.944135,0.0,0.9079253,1.0721377,0.0,11.245549,0.0,0.0,0.0,0.0,8.882496,0.0,0.0,0.0,7.183756,0.0,0.0,2.613042,6.207854,1.4864635,1.9494476,0.0,0.0,0.0,0.0,2.0039783,0.0,0.0,3.8614955,0.0,0.0,0.0,0.0,0.0,0.0,0.0,0.0,0.0,0.0,0.0,0.0,0.18293849,2.1393187,0.0,0.0,0.0,0.77306414,0.0,6.9228296,0.0,4.1163173,0.0,1.178577,0.0,0.0,0.0,4.377431,12.127328,0.0,0.0,0.0,0.0,0.0,0.25905758,3.2865412,0.0,0.0,4.778977,0.0,0.0,5.861672,1.6225849,0.0,0.09129245,0.0,0.0051626298,0.42229632,3.4124167,0.0,0.0,0.0,0.0,0.0,3.4364069,0.0,0.43634847,0.0,0.0,0.0,0.0,1.7918279,0.0,0.0,0.0,0.0,0.0,3.8536923,6.7006803,0.0,2.9374871,7.994314,4.824102,0.0,0.0,5.620057,0.0,0.0,0.0,0.26367125,2.0461655,0.0,3.6976411,7.081758,0.0,12.106474,0.0,6.4340167,0.0,0.0,1.4602994,11.660827,0.0,0.0,0.0,0.0,0.0,2.489724,5.164456,0.0,0.0,0.0,0.0,0.0,0.0,0.0,0.0,0.0,0.0,0.0,0.0,4.568828,6.8972807,SIDM00810
ACH-000893,6.305506,0.0,0.0,2.00094,0.0,2.5514414,4.0881014,0.71593904,0.0,0.0,0.0,0.0,0.0,6.2450743,0.0,0.12830022,0.39755663,0.0,0.0,0.0,0.0,6.674367,0.0,0.0,0.0,0.0,0.0,8.44438,0.0,3.2837696,4.435559,0.0,2.5999303,3.7194285,0.0,0.0,0.0,0.0,0.0,0.0,0.0,1.3508203,0.0,2.2571008,0.45621434,0.2998594,0.0,6.7842755,0.0,4.5669866,0.0,0.0,0.0,0.0,0.0,0.5804354,0.0,0.0,3.6398797,0.0,0.0,0.6164584,0.0,0.0,0.0,0.0,0.0,8.250287,0.0,0.0,0.0,0.0,0.0,6.4999833,0.0,0.0,3.9026318,0.0,8.886243,5.2433105,1.8636783,0.0,0.0,0.0,2.1693752,2.2547953,0.0,8.621632,2.9221091,1.2565242,0.0,8.129516,0.0,0.0,0.0,0.0,0.0,2.0842636,0.0,1.450178,0.0,5.251133,0.0,0.0,0.0,5.996981,0.0,5.4493337,2.8005493,0.0,0.0,0.0,3.3676348,0.0,0.0,0.0,0.0,0.3487867,3.697876,0.0,1.7704734,0.50805473,0.0,4.249809,0.0,2.6444128,8.284272,0.0,0.0,5.0171404,0.0,4.40065,0.14219321,3.0662231,2.79773,5.784849,0.0,0.0,0.0,0.0,0.0,10.513023,3.2986653,1.9376265,0.0,1.2114521,5.6269007,0.0,0.0,3.4539144,3.3749592,0.0,2.5271175,1.550056,2.8541155,0.0,0.0,0.0,0.0,0.0,0.0,0.0,0.0,0.0,0.0,0.59317666,0.0,0.0,0.0,0.0,8.872302,0.0,2.2459352,1.7756524,0.042887945,0.0,0.0,0.0,2.720588,0.0,0.8497331,0.0,9.6584635,0.0,0.0,0.0,0.0,5.9212356,0.0,0.0,0.0,0.0,0.0,0.82821167,0.0,11.7295475,0.017957889,0.0,2.0487893,0.0,11.062399,6.6491137,0.0,0.0,1.0260506,0.0,0.0,0.0,0.0,0.6539139,0.0,0.0,0.0,0.0,3.8705645,1.4362707,2.2237573,6.0601726,0.0,0.0,5.983834,0.0,6.292707,0.0,0.009361293,0.0,0.0,6.0885,1.2743297,0.5323872,0.99007076,1.3734465,0.0,8.092821,0.0,1.1903375,0.0,0.0,11.510166,0.0,0.0,0.0,0.0,0.0,5.045029,0.11912026,0.0,3.4560041,0.0,0.0,3.1652644,0.3634369,0.0,4.172773,2.333717,0.0,SIDM00744
ACH-000924,2.2946713,0.0,0.0,0.0,0.0,6.568713,0.0,4.2569118,0.0,2.8990371,0.20113139,0.0,0.0,0.048119735,0.0,0.0,0.0,0.0,0.0,0.857193,12.839361,0.0,0.0,1.5951289,0.0,0.0,2.2322383,0.0,0.02422544,0.24552219,0.0,0.0,0.0,0.0,0.0,5.487771,0.0,1.4572601,0.0,0.0,0.0,0.8415831,0.0,1.3879262,4.1448193,0.0,11.272931,0.0,0.0,3.8583195,8.729974,0.0,0.0,0.0,3.9316432,3.091812,0.77021873,2.7485542,0.0,0.8525163,1.3817055,2.6298816,0.0,0.0,1.282277,7.8815184,4.5079117,0.0,0.0,0.0,4.904203,0.0,3.12675,6.563861,0.0,0.0,4.1864686,0.0,0.0,0.0,0.0,0.0,0.0,0.0,0.0,0.0,4.181106,0.0,0.0,6.985002,0.0,0.0,0.0,3.559247,0.0,0.0,0.0,0.0,0.0,0.0,0.0,0.0,0.71801376,0.0,0.3901506,0.0,0.0,12.502343,0.0,5.5791545,0.0,2.9130063,2.8904126,0.0,3.3884714,1.86615,0.0,1.3565038,3.9691896,8.87189,0.0,0.0,0.0,3.1603618,8.51332,0.0,0.05346127,0.0,0.0,0.0,2.031455,8.47379,3.117225,3.2224457,8.48964,0.0,0.0,0.0,0.0,0.0,0.0,0.0,5.0742598,0.0,0.0,0.0,0.0,0.0,0.0,0.0,0.0,4.474676,0.0,0.0,0.0,0.0,7.954199,0.0,0.0,0.0,0.0,0.28482705,0.27698085,1.167942,1.8738197,0.0,0.0,0.5387823,0.0,0.0,6.962698,1.7511915,2.7460046,0.0,0.0,0.0,0.0,0.0,3.1707828,0.0,0.0,0.0,10.698994,0.0,0.0,2.6405475,0.0,0.0,0.0,0.0,0.0,0.0,0.0,0.15623944,0.0,4.0523205,0.0,1.336458,0.0,0.0,0.0,0.7813713,0.0,0.0,1.4701447,0.0,0.0,0.0,0.0,0.0,3.121121,0.0,0.0,6.753472,9.996842,0.009253123,0.0,0.0,0.0,8.652425,7.45431,10.272944,3.938018,1.6691207,0.0,3.0664568,0.0,3.384876,4.584213,0.0,0.0,0.0,0.0,0.6750872,1.290558,0.0,6.0601573,0.0,0.0,0.0,2.4396873,4.8952312,0.0,2.424358,0.0,0.0,0.0,0.0,9.196453,0.0,0.0,0.0,0.0,0.40525597,2.2694604,4.963626,SIDM00926
ACH-000892,3.8871422,0.0,1.7467036,0.0,1.3853161,1.413829,0.0,7.8737097,0.0,3.9017165,0.0,0.0,0.0,0.0,0.0,3.6631646,0.0,0.0,0.0,3.8706315,4.5903206,6.636712,0.0,3.2645237,0.8021494,0.0,3.796356,0.0,0.0,0.0,0.0,0.0,0.16502759,0.0,0.0,0.0,0.0,0.0,1.8217593,0.0,0.0,3.4781005,0.4353936,0.9770688,0.0,1.5802122,10.867064,0.0,0.0,4.472219,3.468792,0.4582271,1.1102442,0.0,0.947777,0.0,5.4066586,0.5275521,0.0,0.0,0.3467631,3.3560395,0.0,1.9352453,0.2957811,1.1441549,0.57125974,0.494176,0.0,0.0,1.4570221,3.770473,0.0,0.0,0.0,0.0,4.584198,0.0,0.0,0.0,0.0,1.5443875,0.0,0.0,0.0,0.0,0.0,0.0,0.0,3.8044536,0.0,0.0,0.0,0.0,5.982313,0.0,0.0,0.0,0.0,0.0,0.0,0.0,0.0,0.0,8.412572,0.0,0.0,16.64201,0.0,2.996989,0.0,1.8008926,0.0,3.7972505,0.0,0.0,0.0,8.629417,0.0,0.049342465,1.5240691,0.0,0.0,2.4544728,0.59011513,0.0,2.6047604,0.0,0.0,3.432707,0.0,0.47351378,0.8432815,0.13065818,4.7555766,0.19281471,0.0,0.0,0.0,0.0,0.0,1.1301049,1.6170498,0.0,0.0,0.0,4.821541,0.0,0.0,0.0,0.0,0.0,0.0,0.0,0.0,0.0,10.275191,0.0,0.0,0.0,0.0,2.2115157,0.0,0.0,0.0,0.0,0.0,7.194073,0.5355537,0.0,2.2730706,0.0,10.957011,0.0,0.0,0.0,0.0,0.0,0.45847377,0.0,0.0,0.0,6.0237923,1.4961387,0.0,0.9383003,0.0,0.0,0.0,0.0,0.0,0.0,0.0,2.4211009,0.0,2.4187372,0.0,1.622415,12.187148,0.0,0.0,1.0056397,0.0,0.0,1.560063,3.5032098,2.7938926,0.0,0.0,0.0,8.225062,0.0,0.0,8.477993,7.9404497,0.0,2.1905892,1.8086693,0.0,5.0964627,5.2199616,12.273912,0.0,0.0,0.0,0.0,0.0,0.9535443,1.7312552,0.0,0.0,5.107099,1.1759393,0.43682885,0.0,0.0,10.622752,2.0177007,0.0,0.0,6.521095,4.515031,0.0,0.0,0.0,3.7262206,2.5838404,0.0,4.220445,0.0,2.9953055,0.0,3.2022007,4.5177207,3.8555946,0.0,SIDM00751
ACH-000447,0.0,1.4971825,1.975013,0.0,5.6985936,0.0,1.5139849,4.892598,3.1638708,0.0,3.3654773,9.920551,1.9327468,0.0,0.6098128,2.465507,0.0,5.2448697,0.0,1.301143,0.0,5.4044685,3.4396646,4.5345697,0.0,0.0,0.0,0.9564301,0.0,2.175073,0.0,0.0,0.0,0.29557958,1.7480022,0.0,2.2938871,0.0,0.0,0.0,6.996678,3.9497166,0.0,5.144018,0.117509775,1.8588238,0.0,0.0,0.0,1.1774261,1.6533548,0.0,5.4887023,0.0,4.45847,0.0,6.295006,0.0,3.0171728,1.7899648,2.033288,0.0,0.0,0.0,0.0,0.0,0.0,1.2314968,0.0,0.0,1.9945077,0.0,0.0,0.0,0.0,0.0,0.0,1.1883286,0.45058507,0.0,0.0,12.465886,0.0,11.968624,8.701254,0.0,0.0,0.0,1.4010316,0.0,1.1844113,6.046705,0.0,0.0,5.93107,0.90553164,0.0,0.0,0.0,2.7619956,0.0,0.0,0.0,0.0,3.9648395,0.88547873,12.059235,0.17865637,0.0,0.0,0.40706918,0.0,0.0,0.9050343,0.16777954,0.0,1.6877694,7.812037,0.0,0.0,2.2722123,0.0,4.025598,0.0,0.0,4.7355165,0.0,0.0,0.0,6.383472,1.8370605,0.0,0.0,0.0,0.0,1.6792018,0.0,0.0,0.0,0.0,0.0,0.0,0.0,0.0,0.0,0.0,0.0,0.0,0.47127464,0.0,8.499128,0.0,0.0,0.9669075,0.0,0.0,0.0,1.471973,1.0208788,0.0,4.4562616,1.4148059,0.0,0.0,0.0,7.530714,0.0,0.0,3.267721,1.2937536,0.0,2.7576263,8.64448,0.0,0.3535181,0.0,0.0,0.0,0.0,3.337611,0.86085486,0.0,0.0,0.037085272,0.0,0.0,0.0,7.880703,4.585238,0.0,0.6984671,0.0,0.0,0.0,0.0,3.614878,1.8835086,0.0,11.799311,0.8065901,1.8892221,0.0,0.22928655,0.0,0.71701753,0.0,0.0,0.0,0.0,1.3477209,4.697847,0.0,0.0,0.3155513,3.09396,0.0,6.1742578,2.2453992,0.0,0.0,0.0,0.0,0.0,0.0,6.174271,0.0,0.0,0.0,0.0,0.0,0.0,9.760746,4.3398366,1.1352721,0.0,6.954332,0.16436721,1.6643612,2.7228138,0.0,8.110718,0.0,0.0,0.0,0.0,11.930779,7.7428885,0.0,0.0,2.7759218,2.2670372,0.0,6.63993,3.8864737,0.0,0.0,SIDM00729
ACH-000789,0.0,0.0,2.6264586,5.402289,0.0,0.0,0.0,0.0,0.0,1.8504469,4.2423754,0.0,0.27709085,0.0,1.1381044,0.0,0.0,0.0,5.911718,0.0,0.0,0.0,0.0,0.0,0.0,0.0,0.0,1.6303713,3.076912,1.3183565,0.0,0.0,0.0,7.873432,0.0,4.55328,0.0,0.0,0.0,0.0,0.0,1.5914338,0.0,0.0,8.813385,0.0,0.0,0.0,0.0,4.383363,4.038625,0.0,1.1198972,12.68234,0.0,1.8753315,1.7918497,0.0,0.0,2.4596384,0.0,1.8515955,0.880328,0.0,6.243363,0.0,0.0,0.0,0.0,3.4528785,0.0,0.4023409,0.0,0.0,6.007933,0.0,0.0,0.0,5.13873,0.0,1.9067721,0.0,0.0,0.0054366533,1.152735,2.4848456,1.3052634,0.0,0.0,8.691026,0.0,0.0,0.0,0.0,0.0,0.0,0.0,9.019014,3.0380673,2.392751,0.0,8.095275,0.0,0.48620108,0.0,1.8377118,0.0,0.0,7.9418454,0.0,0.0,4.4092655,5.7591825,0.0,1.3905196,0.0,0.0,0.0,0.0,0.0,0.0,0.0,0.0,0.0,0.0,0.0,0.037045196,11.725111,0.0,0.0,3.1282654,6.132075,5.666747,0.0,0.0,0.0,10.056994,4.082437,0.0,0.0,0.0,0.0,0.0,3.7844398,0.0,0.7859627,0.0,0.0,0.0,4.0035176,2.2233403,0.0,1.0415044,8.514179,1.6851574,0.0,0.0,3.6280608,0.0,0.0,0.0,6.6316195,0.0,5.2319727,0.0,0.0,0.0,0.0,0.0,4.2394753,0.0,6.402434,0.0,0.0,0.0,4.1231723,4.4361973,0.0,0.0,0.0,0.0,5.7180505,0.0,0.0,10.1041,0.0,0.0,0.58359706,0.0,3.8459008,3.5882294,0.0,0.0,0.0,0.45762756,0.0,3.2328079,0.0,0.0,0.0,4.310412,3.5695915,6.309989,0.0,0.0,0.0,0.0,0.0,0.0,0.0,0.0,0.0,0.0,0.0,0.0,0.0,0.0,0.0,0.0,1.1341573,0.0,6.835851,0.0,0.0,0.0,1.7525014,0.0,4.81465,0.0,0.0,0.0,0.4550847,0.0,0.823819,0.0,0.0,0.0,0.0,2.150848,0.0,0.0,0.0,7.562891,4.9557257,0.0,0.0,2.307308,5.5688915,0.9477484,0.0,0.0,0.0,0.0,0.0,0.0,0.0,SIDM01116
ACH-000416,0.0,0.0,0.0,0.0,0.0,2.0958092,0.0,3.2659307,0.0,6.8009744,1.3506014,0.0,0.0,0.0,0.0,0.0,1.1405244,0.0,0.0,3.2424364,12.470749,0.10322594,0.0,3.5738964,0.0,0.0,2.1047733,0.0,0.4274812,2.6173947,0.0,0.0,0.0,0.0,0.0,2.568354,1.5497259,0.57777303,0.0,0.0,0.0,1.8959329,0.0,3.324212,0.0,0.0,11.498463,0.0,0.0,1.7516162,0.0,0.0,0.0,0.0,6.075938,3.5848143,2.8960736,9.217978,0.0,4.382886,0.6988987,0.0,0.0,4.397231,0.0,11.896009,4.414154,0.0,8.208195,0.0,1.9397929,0.0,6.065426,1.3741137,0.0,4.0363135,2.3118477,0.0,0.0,0.0,0.0,0.0,4.349773,0.0,0.0,0.0,4.0689387,0.0,0.0,0.0,0.0,0.0,0.0,1.6517229,0.0,0.0,4.2072277,0.0,0.0,0.0,0.0,0.0,8.726124,4.1512837,4.8737516,0.0,0.0,7.885773,0.0,6.346725,0.019337995,3.1128223,0.0,0.0,4.495781,0.0,2.173441,0.7022824,1.2798423,7.292541,0.0,0.0,0.0,1.8506844,4.853229,0.0,0.0,0.0,5.0906277,0.0,0.0,1.9703276,0.0,5.194973,1.32917,2.1639707,0.0,0.0,0.0,3.0099208,0.0,0.0,3.2836373,0.0,0.0,0.0,0.0,0.0,0.0,0.0,0.0,0.0,0.0,0.12678835,0.0,0.0,5.2385445,0.0,0.0,0.0,0.0,0.0,1.5076132,1.9017153,1.6442297,0.0,0.0,2.1200566,0.0,0.0,0.66676724,5.2309065,0.0,0.0,0.0,0.0,0.0,0.0,1.5447043,0.0,0.0,0.0,8.806834,0.0,0.0,11.456906,2.6013584,0.0,0.0,0.0,0.0,2.4273262,0.0,0.0,0.0,0.0,0.0,3.0380764,0.0,0.0,0.0,0.0,0.88853467,0.0,0.124307185,0.0,1.9944055,2.9641826,0.0,1.9071774,3.1781988,4.7950354,0.0,7.497829,7.343255,0.0,0.0,0.0,0.57309943,5.954581,4.270114,7.1673365,1.1718642,3.1434143,0.0,3.4601965,4.5333548,2.0148518,11.69231,0.0,2.726664,1.919442,0.0,0.0,10.949493,0.0,6.792229,0.0,0.0,0.0,0.31576997,6.982618,0.0,3.59623,0.0,0.0,0.0,0.0,8.462685,0.0,0.0,0.0,0.0,0.0,3.990482,10.888378,SIDM01150
ACH-000875,0.0,0.0,2.6614988,0.0,0.0,0.0,6.2708707,0.0,0.0,0.0,0.0,4.1636157,0.0,0.0,5.881245,7.1028304,3.7328963,0.0,0.0,0.0,0.0,1.6446031,15.379222,3.5057652,0.003204348,0.0,0.81551534,0.0,0.0,0.0,0.80560213,1.5763144,0.0,0.0,0.0,0.0,0.0,0.0,0.0,0.0,8.927438,5.632198,0.0,0.0,7.934298,2.6243446,0.0,0.0,3.157932,0.0,2.7648585,0.0,0.0,0.0,3.5482,0.0,2.000635,0.0,1.7246125,0.0,12.524495,4.649774,0.0,0.05483415,0.0,0.0,0.0,0.0,0.0,0.30516356,7.011991,0.0,0.0,0.0,0.0,0.1915486,0.0,0.0,1.3173842,3.8059335,2.137658,0.406386,0.0,0.0,0.0,1.4778116,0.0,2.4253325,0.21150933,0.0,0.0,0.0,0.0,3.7761145,0.0,8.377787,0.0,0.0,1.7606846,5.492993,0.0,0.0,5.481103,0.0,0.0,0.0,0.72709256,0.0,0.0,0.2760366,0.7904948,1.7499483,0.0,0.0,0.92808527,4.2335176,0.0,0.0,0.0,2.6909971,0.39418894,0.0,0.0,0.0,1.3236558,6.0370636,0.0,0.0,0.0,0.0,2.244126,0.0,0.0,0.0,0.0,0.0,0.0,0.0,0.083950534,3.036089,0.0,0.0,0.0,0.0,2.558816,0.0,0.0,0.0,2.0855849,0.0,0.0,0.0,0.0,0.0,0.34113473,0.0,0.0,0.0,0.0,11.883876,5.4370227,0.0,0.0,0.0,0.0,7.4415736,0.0,0.0,4.5776663,0.0,0.0,1.78369,0.6776476,7.6198883,0.0,5.224362,0.0,4.6407213,0.0,0.0,3.31056,0.0,0.0,0.0,7.743666,0.0,3.3548632,7.2693815,6.875986,0.9654535,0.0,5.2994494,0.0,0.0,0.0,2.188815,0.0,6.639617,0.0,0.0,0.0,0.0,0.0,12.433979,0.42556158,0.0,0.0,5.023349,2.30552,0.0,5.440109,0.0,9.156291,1.138556,2.3513136,0.55186784,1.3983889,1.9730189,0.0,0.0,1.5290029,0.0,0.0,0.0,7.854547,3.4827337,0.0,0.0,0.0,0.9364103,0.9284845,0.0,0.0,0.0,0.0,0.0,0.0,3.3852823,0.0,0.80013984,0.0,4.6407,0.0,3.7664704,0.0,0.6147837,0.0,0.0,0.0,4.5405807,1.248996,0.48106852,0.0,5.1958594,0.0,4.6889873,SIDM00726
ACH-000442,8.628361,0.0,3.5024183,0.0,3.5194993,2.8094804,0.0,1.6692262,0.0,0.0,0.0,0.0,0.0,0.0,0.0,1.4190737,6.195414,0.0,1.4877272,4.4528127,0.0,7.8942986,0.0,6.148762,1.2728083,0.0,8.309961,0.0,0.0,7.137564,0.0,0.0,3.3632448,0.0,0.0,0.0,0.0,0.0,0.0,0.0,0.0,2.377238,0.0,5.2023454,0.0,2.6972287,0.0,0.0,0.0,2.9756253,0.0,0.0,0.0,0.0,0.0,0.0,0.0,0.0,0.0,0.0,0.0,2.8963513,0.0,0.59219563,0.0,0.0,3.930616,1.509019,0.0,0.0,0.0,0.0,0.0,9.830123,0.0,4.0076528,0.0,0.14499299,0.0,0.0,0.0,1.8558878,0.0,0.0,0.7218624,0.0,0.12783621,0.0,0.0,0.0,0.0,0.24730572,0.0,0.0,2.7793844,0.0,1.0402489,4.3492103,0.0,0.0,0.0,0.0,0.0,0.0,0.0,0.0,0.0,8.735491,0.0,0.0,0.0,1.4699824,2.0070336,0.0,0.0,0.0,3.1673985,0.9578375,3.572736,0.7297792,4.0114794,0.0,0.0,0.0,0.0,0.0,9.669679,0.0,0.0,0.0,0.0,0.0,0.0,5.7305193,3.1509302,6.2946444,0.0,0.0,1.4042705,0.0,4.5985665,11.980654,5.2295055,1.4774259,0.0,0.0,5.7054777,0.0,0.0,10.444578,3.0233166,0.0,0.028680021,2.1667917,3.728116,3.956041,4.4553394,0.0,0.0,0.0,0.0,0.0,5.30236,1.5202173,0.0,0.0,0.0,10.301349,0.0,0.0,0.0,2.4015298,0.0,0.0,4.4915085,0.0,0.0,0.0,2.120456,0.0,3.405679,0.0,7.2914414,2.5584939,0.0,0.0,0.0,0.0,0.0,0.0,0.0,0.0,6.4442,1.6472813,0.0,6.8375,0.0,0.48666325,0.0,0.0,1.9291575,0.18076068,8.028115,0.0,0.0,1.8925105,7.3322296,0.0,0.0,0.97447103,3.9014583,0.0,0.0,0.38973704,4.01111,0.006742918,0.0,4.3073072,0.0,0.0,0.44695494,2.7868176,13.429312,0.9713698,0.67174405,0.0,0.0,3.6603484,1.6384963,0.0,1.5805343,10.132998,0.0,0.0,0.19012482,0.0,2.0918002,0.0,5.7982635,0.0,3.3079283,4.453342,0.0,0.0,0.0,0.3762122,0.0,0.0,0.0,0.0,4.3461018,7.3274903,0.0,0.0,2.4336731,0.0,SIDM00354
ACH-000841,0.0,3.2516756,0.0,0.53261423,0.0,0.0,4.8399706,0.0,0.0,0.0,0.81848925,2.526546,0.17286378,0.0,0.0,1.1355628,0.82464695,0.0,0.0,0.0,0.0,1.823151,8.139112,0.0,0.0,1.0570077,0.0,1.1120293,0.77719706,0.0,4.304535,3.6210043,0.8331286,0.0,1.3029792,0.04914093,0.0,0.0,0.0,5.169828,3.1851108,0.0,1.0489422,0.0,4.485329,0.0,0.0,0.0,4.371351,0.14437237,0.57337433,0.0,0.0,0.0,0.0,0.0,0.0,0.0,1.4441987,0.0,3.2640662,0.0,2.6692994,0.56014913,0.0,0.0,0.0,0.0,0.0,0.81785136,3.9414103,0.0,0.0,0.0,1.3138427,0.0,0.0,0.0,1.7546341,2.06223,5.497816,1.1310776,0.0,0.0,0.0,3.427216,0.40545258,5.361391,6.2515416,0.0,0.0,0.37266853,0.08738773,0.0,0.0,3.424879,0.0,2.301234,1.4585747,3.5118852,0.0,1.7044073,0.65432364,0.0,0.0,0.74233985,0.19778843,0.0,0.8353155,0.0,1.2034708,0.0,0.06083414,0.0,0.80528164,2.6323497,0.0,0.0,0.0,0.0,0.58314204,0.0,0.0,0.0,0.0,3.2493813,0.0,1.309797,0.0,0.0,1.1122361,0.0,0.0,0.0,0.0,0.0,0.57455575,4.2941527,0.43907127,2.7739916,1.4068812,0.0,0.0,0.0,0.5199671,3.546967,0.0,1.8924632,0.0,0.0,0.0,0.0,0.48625687,2.2694695,2.3003685,0.0,0.0,5.4270973,3.2146788,8.45436,5.8851004,0.0,0.0,0.0,0.0,2.641575,0.0,0.0,0.4048349,2.072996,0.0,1.4296706,0.0,2.3175902,0.0,3.046772,0.0,3.9266512,0.0,1.9184474,0.60632753,1.8341522,0.0,0.0,4.866206,0.0,0.1880515,3.2792916,4.800954,0.32827798,1.3183699,0.0,0.0,0.0,6.334635,0.39842892,2.862509,0.0,0.0,0.0,3.2863667,0.0,0.7925956,8.584955,0.0,0.0,0.0,5.0978003,0.5178234,0.0,0.1943492,0.0,3.3686552,0.0,0.0,0.0,0.0,0.0,1.9897451,0.0,0.0,0.0,0.0,0.0,5.568101,2.4019642,0.0,0.0,0.0,0.0,0.0,0.0,0.0,0.0,0.0,3.6019833,0.0,1.9208076,1.2795434,4.357841,0.0,0.0,3.3927114,4.894093,0.1585454,1.604755,0.0,0.16282707,0.0,2.0137775,0.0,0.24736987,0.0,3.9064562,0.0,0.0,SIDM00708
ACH-000860,0.0,2.802169,0.0,2.5293634,0.0,0.0,4.203763,1.0528914,2.3155937,0.0,0.0,2.179166,0.0,0.0,0.0,0.0,1.2858379,0.0,0.0,0.0,0.595245,0.0,5.1087546,0.0,0.0,0.0652509,0.0,2.4000456,2.2704895,0.0,2.8816028,3.65753,0.0,0.0,3.0527046,0.8946223,0.0,1.1577362,0.0,6.7278886,0.0,0.0,0.0,0.0,3.0071204,0.0,0.0,0.0,4.4011016,2.4401913,0.0,0.0,0.0,0.0,0.0,0.0,0.0,0.0,0.0,0.0,1.6075327,0.0,1.843265,0.71006835,0.0,0.52741313,0.0,0.0,0.0,0.0,2.1469767,0.0,1.7596607,0.0,0.7365704,0.0,0.0,0.0,0.0,2.3575714,3.291233,0.0,0.0,0.0,0.0,1.721409,0.8808767,5.8260436,7.3888187,0.0,0.0,0.0,3.1540842,1.1146176,0.0,3.428658,0.0,2.6023986,0.060564477,0.0,0.0,2.763609,1.9516556,0.0,0.0,2.0999787,0.0,0.0,0.9214835,0.0,0.86213386,0.0,1.015843,0.0,1.098617,3.8354933,0.0,0.0,0.0,0.0,0.0,0.50027734,0.0,0.0,0.0,0.5558091,0.0,1.1200575,0.0,0.0,0.011913392,0.5968203,0.7418506,0.53707504,0.0,0.0,0.43263826,4.4608035,2.8644185,0.9919984,0.0,0.0,0.0,0.0,3.1782913,4.348166,0.0,4.9116063,2.6879156,0.0,0.0,3.0924249,2.8432248,2.8293967,0.26765603,0.0,0.0,4.052357,1.4695936,5.6110992,4.2918143,0.0,0.0,0.0,0.0,2.4950154,0.36249053,0.0,1.0975713,0.3493442,0.0,1.0124289,0.0,1.3603163,0.0,3.088297,0.0,5.22691,0.0,1.039251,0.0,2.3567863,0.0,0.0105372425,3.2509706,0.0,0.7591289,0.13426426,2.8845766,1.3098576,0.0,0.0,0.0,0.0,5.050106,0.0,4.7211943,0.0,0.0,0.0,2.5091815,0.0,0.155285,5.0412216,0.0,0.0,0.0,8.129816,0.0,0.0,0.0,0.49632296,0.43306345,0.0,0.0,0.0,0.0,0.0,3.4375918,0.05524239,0.16691217,0.0,0.0,0.0,2.4819467,0.5010975,0.0,0.0,0.0,0.0,0.0,0.0,0.0,0.56932575,0.0,0.0,0.0,2.3924737,0.0,1.6415803,0.0,0.0,2.1799896,4.525255,0.3327306,1.2380929,0.0,0.99160624,0.0,1.3975924,0.0,0.9819163,0.0,1.8117485,0.0,0.0,SIDM00718
ACH-000744,0.0,0.0,1.359552,0.0,0.0,1.6489065,0.0,0.0,0.0,6.8689947,0.0,0.0,0.0,0.4245785,2.5049884,0.0,0.0,3.4570668,0.0,0.0,0.0,0.0,0.0,0.0,0.0,0.0,0.0,0.0,0.3028492,0.0,0.0,0.0,0.0,7.043069,0.0,4.242628,1.2500122,0.0,9.548497,0.5783108,0.0,0.0,0.0,0.0,3.5371635,0.0,1.4078752,0.0,0.0,0.29045096,7.221082,3.876292,6.239672,8.9404545,0.0,0.9829684,0.10140036,0.0,0.0,1.124251,0.0,1.4130738,4.738162,0.0,4.8213654,0.0,0.0,0.0,0.0,2.5706925,0.0,3.535133,0.0,0.0,0.0,0.0,0.0,0.0,1.3725245,0.0,0.0,0.049329605,2.5549707,4.552065,0.15989004,0.3361347,0.15037934,0.0,0.0,15.146528,0.8795659,0.0,1.2057161,0.0,1.7281178,0.0,0.0,1.5261486,0.0,0.4573387,0.0,0.0,0.0,0.0,0.60252225,0.0,0.0,0.0,0.8559445,1.1103501,0.0,4.862425,0.40084365,2.1399906,0.0,0.0,0.0,3.9927735,0.0,0.0,0.0,0.94026303,0.0,0.0,2.3630571,0.0,0.0,7.769882,0.0,4.109462,0.9909906,3.4386802,6.9089103,0.0,3.7629821,0.0,8.627085,2.2939107,0.0,0.0,0.0,0.0,0.0,0.0,0.0,0.0,2.2909875,0.0,0.0,0.0,0.0,3.1886203,0.0,0.99178255,0.0,0.7171415,0.0,2.6612906,3.8394496,0.0,1.506942,6.942565,0.0,3.1490815,0.0,0.14802092,0.0,0.0,0.0,0.0,0.0,0.0,0.0,0.0,0.0,0.0,2.1460958,0.0,4.2452774,0.0,0.0,0.25455856,0.0,0.0,0.0,0.0,0.0,0.0,0.0,0.0,1.0319313,0.0,0.0,0.0,1.0059739,0.6345299,6.347991,0.0,4.4442573,0.0,2.7294674,0.5925953,3.2564862,0.0,0.0,4.780104,0.0,0.0,0.0,0.0,0.0,0.2604415,0.0,1.4897792,0.0,0.42596224,0.0,0.0,1.3500853,3.6294465,0.0,5.3459706,0.0,0.0,0.0,1.4589261,0.22949976,2.3859987,0.0,0.0,0.0,0.0,1.4045727,2.1454704e-05,0.0,0.0,0.0,0.0,0.0,3.817797,3.3895862,0.10210835,3.8935745,0.0,0.12897018,0.0,3.3792536,0.0,4.3419228,0.0,0.0,0.0,0.0,1.1986469,0.0,0.0,SIDM00747
ACH-000853,0.6014805,0.0,0.0,0.0,0.0,9.331413,0.0,3.073728,0.0,0.0,0.0,0.0,3.1249492,2.1808238,0.0,0.0,8.261557,0.0,0.0,0.0,0.0,1.3180457,0.0,2.970893,0.0,0.0,0.0,0.0,0.0,6.2470093,10.820024,0.0,0.0,0.0,0.0,0.0,0.0,0.0,0.0,0.0,0.0,0.0,0.0,2.2806802,0.0,0.0,0.0,3.874988,0.0,4.340461,0.0,0.0,0.0,0.0,0.0,2.7710116,0.0,5.620958,0.0,0.0,6.041583,4.546451,0.0,1.1136122,0.0,0.0,5.615714,11.276677,0.0,0.0,0.0,0.0,0.0,11.896455,0.0,5.7912827,1.0902827,0.0,8.170105,6.3601613,0.0,0.0,2.6438851,0.0,0.0,5.862392,0.0,2.6943805,0.0,10.397289,0.0,4.1803,0.0,1.8514102,0.0,0.0,0.0,0.73783857,0.0,0.0,0.0,0.0,0.0,5.778109,0.0,0.0,0.0,0.0,6.9909196,0.0,0.0,2.9715993,0.0,1.7459385,0.0,0.0,0.0,0.0,0.0,11.713113,1.2930105,0.0,0.0,0.0,0.0,0.0,5.8554263,0.0,0.0,0.0,0.0,3.6773412,1.5392096,5.9624715,8.622816,0.0,0.0,0.0,0.0,0.0,0.0,5.5877714,1.987899,0.0,0.0,0.0,0.0,0.0,1.9082681,1.6139195,4.1272316,0.0,0.24145311,3.6663027,4.7492995,0.0,0.0,0.0,0.0,0.0,0.62164736,0.0,9.021568,0.0,0.0,0.0,0.0,0.0,0.0,0.0,5.1034627,9.496413,0.0,0.3512243,0.0,0.0,0.0,5.8635306,8.930712,0.0,0.0,4.4760323,4.134453,0.0,5.125612,0.0,0.0,0.92970073,0.0,0.0,1.8904948,0.0,0.0,0.0,0.0,6.992794,0.0,0.0,0.0,0.0,0.0,6.2443843,1.6100705,0.0,3.9944031,0.0,0.0,0.0,0.0,0.0,2.2007573,0.0,0.0,0.0,9.705759,5.0325494,0.0,0.0,5.164104,0.0,0.0,0.0,9.634346,0.0,0.0,0.0,11.860254,4.9041066,10.725275,0.0,0.24678463,0.0,0.0,3.3737268,8.439759,0.0,0.0,0.0,0.0,0.0,0.19019915,2.5786495,0.0,0.0,0.0,0.0,0.0,3.320942,0.0,0.0,8.741738,0.0,0.0,0.0,1.8260272,2.557383,SIDM01122
ACH-000929,0.0,0.0,0.29916963,0.0,4.8137536,0.0,0.0,1.5420489,0.0,6.8859134,0.0,0.09030586,0.0,4.766749,1.0867467,0.0,0.0,5.550526,0.0,0.0,0.0,1.2063597,0.0,4.5383596,0.0,1.8106601,0.0,0.0,0.0,0.7491815,0.0,0.0,0.0,5.221349,0.0,0.06636599,8.449571,0.0,5.9174733,8.4813595,1.4572451,0.0,0.72529805,0.0,0.09265559,0.1517419,0.5967785,0.8332054,0.0,0.0,4.790581,2.9188616,6.1047454,8.658865,0.0,0.60959315,5.185682,0.0,0.0,1.2716839,0.3406206,0.06366899,4.980924,0.15212132,2.7183585,0.0,0.0,0.0,0.0,2.1612442,0.06267819,0.6295327,0.0,0.0,0.0,0.0,0.0,0.89517444,0.0,0.82102466,0.0,6.363733,0.29765096,7.2426443,3.7678225,0.1850808,0.0,0.0,0.0,0.0,7.8896966,0.0,0.0,0.0,3.4578078,0.0,0.0,0.0,2.5396476,2.8528662,9.200333,2.5109067,0.0,0.0,1.8900152,0.0,5.3171515,0.0,0.23723213,1.0614271,2.2550135,0.6871709,0.0,6.636656,3.935078,0.0,0.0,6.434381,0.0,0.0,0.0,0.0,2.1998794,0.0,0.0,0.0,0.0,5.2647147,0.9713889,4.2598586,0.0,0.0,0.760054,0.0,0.0,0.0,0.0,0.8474501,0.0,0.0,0.0,0.0,0.0,0.0,0.0,1.2877609,0.0,0.0,0.0,0.0,0.0,0.0,0.0,0.036789738,0.0,0.05899837,0.0,3.6588297,3.0361476,0.0,6.373731,6.7717476,0.0,0.0,0.0,4.5725083,0.0,0.0,0.04269036,0.99700886,0.0,3.4670343,0.0,0.0,0.0,0.5257878,0.10125552,0.0,0.0,4.9065228,0.0,0.37813142,0.0,0.0,0.0,0.0,0.0,0.96446705,0.0,0.0,1.6535493,0.0,0.0,0.0,2.0990906,0.3290552,4.0848274,0.0,6.7146835,0.0,0.0,0.0,0.0,0.0,0.0,3.7388923,0.17650717,0.3315872,1.0799278,0.0,0.0,3.2690613,1.197306,3.4177833,0.0,0.0,3.8818905,0.0,0.0,1.3844543,0.0,1.603729,0.0,0.0,0.0,2.0296645,1.7958214,0.0,0.0,0.0,0.0,1.2315062,3.5884426,1.1602457,0.0,4.746465,0.0,0.96908605,0.0,2.6817145,5.8863854,0.0,4.2964873,0.0,0.0,1.543979,6.839216,0.0,0.0,2.19157,0.0,0.0,8.267049,0.16071129,0.0,0.0,SIDM00703
ACH-000311,0.0,0.0,0.5142702,0.0,5.9352984,0.0,0.0,1.8330623,0.0,6.799687,0.0,0.0,0.0,4.7259326,3.043524,0.0,0.0,3.9190426,0.0,0.0,0.0,2.1417038,0.0,5.378355,0.0,0.0,0.0,0.0,0.0,0.41516262,0.0,0.0,0.0,0.0,0.0,0.0,9.739866,0.0,7.876046,7.198851,3.8921916,0.35759348,0.0,0.0,0.0,0.0,1.731284,0.0,0.0,0.0,4.0024147,3.8603497,4.206754,6.904597,0.0,1.4647131,8.693355,0.0,0.0,0.0,2.2332873,1.1765889,2.2590146,1.7978376,2.3925097,0.0,0.0,0.0,0.0,0.0,0.0,4.5388036,0.0,0.0,0.0,0.0,0.0,0.0,0.0,0.7656889,0.0,5.303367,1.7363172,7.1290946,1.7994757,0.0,0.0,0.0,0.0,0.0,9.205655,0.0,0.0,0.0,4.963305,0.0,0.0,0.0,5.010125,1.3131716,9.93316,5.5512705,0.0,0.60391676,6.666752,0.0,2.9296114,0.0,0.0,6.0729976,5.991852,2.5385783,0.0,6.159241,8.240595,0.0,0.0,8.550384,0.0,0.0,0.0,0.0,0.0,0.0,0.0,0.0,0.0,9.364902,0.0,2.0847404,0.0,0.0,0.031807046,0.0,0.0,0.0,0.0,2.7274146,0.0,0.0,0.0,0.0,0.0,0.0,0.0,0.0,0.0,0.0,0.0,0.0,0.0,0.0,0.0,0.0,0.0,0.5807818,0.0,3.5189242,1.4390864,0.0,7.9533253,8.42248,0.0,0.0,0.0,5.8608785,0.0,0.0,0.9995773,0.0,0.0,5.445628,0.0,0.0,0.0,4.32837,0.762347,0.0,0.0,4.0761175,0.0,0.0,0.0,0.0,0.0,0.0,0.0,0.18635833,0.0,0.0,0.0,0.0,0.0,0.0,0.0,0.0,3.892179,0.0,9.207721,0.0,0.0,0.0,1.9374216,0.0,0.0,4.9635015,1.0255685,0.0,0.502317,0.0,1.6297368,6.302114,4.210278,4.6352735,0.0,0.0,1.7490478,0.0,0.0,0.91230136,0.0,4.94037,0.0,0.0,0.0,3.9874492,1.5506095,0.0,0.0,0.0,0.0,6.5337462,2.6654673,0.7904802,0.0,5.834332,0.6821028,2.3591404,0.0,1.4027389,6.692122,0.0,3.833694,0.0,0.0,2.6776807,6.5511703,0.0,0.09240643,3.1763248,0.93888396,0.0,8.99292,0.0,0.0,0.0,SIDM00702
ACH-000675,3.584198,0.0,0.0,1.3165343,0.0,0.0,3.3678339,0.0,2.8209918,0.0,1.568189,2.816794,0.0,6.6254687,0.0,0.7834828,4.611596,0.0,0.0,0.0,0.0,6.237562,0.0,1.533401,0.0,0.0,0.0,10.693704,0.0,4.606449,3.852363,0.0,2.0978615,3.196111,0.0,0.0,0.0,0.0,0.0,0.0,0.22212121,1.9496388,0.0,0.0,1.4823886,0.0,0.0,3.6608276,1.0810857,1.1301134,0.0,0.0,0.0,0.0,0.0,0.0,0.0,0.0,1.1832576,0.0,1.00331,0.0,1.2619537,0.0,0.0,0.0,0.0,8.144072,0.0,2.2723727,0.0,0.0,0.0,4.8591447,0.0,0.0,0.9661657,0.0,8.282491,8.740228,0.16784589,2.0789018,0.0,0.0,3.946804,3.6276355,0.0,7.7771125,4.46442,0.0,0.0,8.940283,0.0,0.012813086,0.155461,1.0281754,0.0,0.0,0.0,4.0391774,0.9842485,6.5644646,0.8224286,0.0,0.0,7.273275,1.4148625,1.8494312,2.995836,0.0,0.0,0.0,2.0550654,0.26122504,0.0,0.8335296,0.0,0.0,0.0,1.8144902,1.1052715,0.19101991,0.0,0.0,0.0,5.349124,3.6864824,0.0,0.0,2.9728026,0.0,0.0,0.2911728,0.080768734,2.1329463,5.6247854,0.0,0.0,2.0424824,0.0,0.3313603,6.9029775,0.0,4.1815004,0.0,1.6208429,1.2472471,0.0,0.0,4.3022575,3.1378725,0.0,0.0,0.0,1.7884405,0.0,0.0,0.0,0.3167634,5.4870443,0.0,0.0,0.0,0.0,0.0,1.5553724,0.0,0.0,0.0,3.201964,5.5167794,0.0,0.24777025,4.7311726,0.0,0.0,0.22806995,0.0,0.0,0.0,1.6709963,2.8529153,3.6419537,0.0,1.4721328,0.0,0.0,9.604705,0.28603038,0.86664665,0.08949924,0.0,0.0,1.9973468,2.5647736,10.236031,0.31802627,0.0,0.0,0.0,8.984909,2.3355775,0.0,0.4837166,3.6438372,0.0,0.0,0.0,0.0,0.5974381,0.06620974,0.0,0.0,0.0,3.1913393,1.6006031,5.9856305,4.773061,0.0,0.0,3.593764,0.0,1.8061423,0.0,3.5663831,0.0,0.0,0.20249762,0.0,3.2055461,0.85776347,0.13917734,0.0,4.5730915,0.0,5.367105,0.0,0.0,9.763207,0.6430058,0.0,0.0,0.0,0.0,1.8089495,0.827786,0.18669347,3.4532514,0.0,0.0,2.2197886,0.0,0.0,0.0,0.0,0.31445143,SIDM00739
ACH-000496,0.0,4.139337,0.0,0.0,3.088775,0.0,0.0,2.387844,0.6523701,0.0,3.444715,0.0,1.7757252,0.0,0.0,0.0,0.0,0.0,0.0,8.76662,0.0,0.0,0.0,1.4718604,0.0,0.0,2.4796097,0.22219227,0.27666178,3.9551754,0.0,0.0,0.0,0.0,0.0,0.0,0.41916206,0.71453255,0.0,0.0,0.0,1.7943408,0.0,6.1896152,0.0,0.0,2.2224777,0.0,0.0,1.7251204,0.0,0.0,0.0,0.0,0.0,4.972256,3.7130973,2.6573827,0.0,9.221362,0.0,0.0,0.0,3.4716947,0.0,5.799654,2.0320935,0.3884701,5.4956036,0.0,0.0,0.0,0.9477922,0.0,4.9401693,5.491508,2.6848667,1.5845165,0.0,0.0,0.0,5.109462,0.0,1.0372037,0.8814469,0.0,0.8379252,0.0,0.0,0.0,0.0,0.0,0.0,0.0,0.0,0.0,0.0,1.4875627,0.0,0.0,0.0,0.0,2.554276,1.214292,5.6567626,0.0,3.7121773,0.0,0.0,0.0,0.0,1.9297454,1.2436503,0.0,0.0,0.0,8.161799,1.1645702,0.0,0.0,3.5573647,0.0,6.3440747,4.48611,0.0,0.8714318,0.0,1.286773,0.0,2.0348976,1.8976992,0.0,0.0,5.6809216,0.0,4.3427215,4.6076107,0.0,0.0,0.0,0.0,0.0,0.0,0.44408524,3.7264512,0.9479916,0.0,0.0,0.0,3.6382394,8.854528,0.0,0.0,0.0,0.050787326,0.0,0.43917271,1.7583112,0.0,0.0,0.0,0.0,0.0,7.4245453,0.0,0.0,0.4038062,9.837972,0.0,0.0,0.0,3.9417124,0.0,0.0,4.562765,0.0,0.0,0.0,0.0,0.0,0.0,0.0,0.0,6.1095076,0.0,9.903188,0.0,0.4743461,0.6165496,0.0,0.0,0.0,0.23511645,0.0,0.0,0.0,0.0,0.0,0.0,2.578158,0.0,0.0,3.9813564,0.0,0.0,0.0,8.97635,0.0,0.0,6.570443,1.2625521,0.43784407,0.0,1.4581026,0.0,0.0,0.0,1.016952,0.0,2.0456562,0.0,0.60936666,0.012976138,4.2766395,0.0,0.0,4.7776227,5.1134996,3.1034513,0.0,2.83513,12.843545,1.9801419,2.2963567,2.866667,0.0,3.093531,0.0,0.49856785,0.0,3.513892,0.0,0.0,0.0,0.0,0.29639116,2.3466268,0.0,1.9634117,1.7373149,0.0,0.0,0.0,0.0,2.2779825,0.3529072,SIDM00771
ACH-000062,3.8743649,2.322214,0.9764094,0.0,1.8994288,0.0,0.0,0.42529297,0.0,0.0,0.85150874,0.0,2.491673,0.0,0.0,0.0,0.0,0.0,0.0,6.140398,0.0,0.0,0.0,1.2403905,2.369932,1.050699,2.9414504,1.1888996,0.0,1.8579472,0.26431513,0.0,4.660668,2.1653898,0.0,1.4908726,0.0,3.0111647,0.0,0.0,0.0,0.0,0.0,2.667623,0.0,0.74973345,4.239218,0.45299187,0.0,0.96369886,0.44798353,0.0,0.0,0.0,0.0,4.249449,1.1535074,0.0,0.0,3.356146,0.0,0.0,0.0,0.686959,0.0,1.0628971,1.8655361,1.8508356,0.0,0.0,0.0,0.0,0.0,3.5731828,0.0,2.0050387,5.7841926,1.3731073,0.0,0.0,0.0,3.5249486,0.0,1.4178375,2.030083,0.0,0.0,0.0,0.0,2.1629982,0.0,1.670359,0.0,0.0,0.0,0.0,0.0,1.8171294,0.0,0.0,0.0,0.0,0.0,0.0,0.46455824,0.0,0.6567969,3.3223796,0.0,0.0,0.0,2.9642942,2.3471847,0.0,0.0,0.0,4.5286756,0.5428547,0.18262999,0.0,0.0,0.0,5.783174,4.079506,0.0,0.0,1.4109178,0.0,0.0,3.1262238,0.6683853,0.0,0.22952448,0.24522349,0.0,2.5272596,3.2388048,0.0,0.0,0.0,0.0,2.811405,3.943017,0.0,0.0,1.9986466,1.1873435,0.0,0.0,6.526184,7.984179,0.0,0.0,0.0,2.280426,1.4340429,3.2360144,0.0,0.0,0.0,0.0,0.97138214,0.0,2.8386207,0.0,0.0,0.0,8.79885,0.0,0.14977899,0.0,2.3271375,2.3359354,0.0,1.5395051,0.0,0.8420932,0.0,0.0,0.0,0.0,0.0,0.0,3.9885566,0.0,2.4682715,0.0,0.0,0.0,0.0,0.0,0.0,1.6364292,0.9545397,0.0,0.0,0.0,1.418125,3.3649578,3.6233854,1.0152029,0.0,0.75377643,0.0,0.0,0.0,5.778746,0.0,0.0,0.0,1.1971145,0.0,0.0,1.5435791,0.062605724,0.0,0.0,1.6611114,0.0,1.205002,0.0,3.361117,2.307217,1.5614423,0.0,0.0,1.891409,3.6994703,2.643335,0.0,1.0628961,5.8909616,0.50898266,2.7089815,0.23673089,0.0,0.1293547,0.0,1.7738837,0.0,8.0006895,0.0,0.0,0.0,0.4395378,0.2779822,4.791788,0.0,0.75623685,0.0,0.0,0.11706404,0.0,0.0,3.337702,0.0,SIDM00355
ACH-000878,0.0,2.2477508,0.0,0.0,2.5322568,0.0,0.49239686,0.88012147,4.7609386,0.0,0.49219808,3.4481301,0.60334015,0.0,0.0,0.0738263,0.0,0.0,0.0,3.8381777,1.6881049,0.0,0.0,0.59684557,0.21891412,2.0690258,0.0,3.2946982,2.344614,0.34256554,0.0,0.31764552,0.0,2.468726,1.3356338,1.9434679,2.4390633,1.0464553,0.0,4.979687,0.0,0.0,1.4909027,1.1363537,0.0,0.0,3.0263271,0.0,0.7667213,0.06990274,0.39678487,0.19380087,0.47507662,1.1602589,0.0,3.3289764,3.2459772,0.0,0.0,5.616092,0.0,0.0,0.32240993,0.0,0.8680044,4.598979,0.0,0.0,4.092413,0.0,0.0,0.0,1.9201516,0.0,3.4250407,0.0,4.244987,2.3837042,0.0,0.0,0.0,2.6460245,0.0,5.0360765,0.8534831,0.0,1.327249,0.0,2.11058,0.0,1.8077254,0.0,0.0,0.0,0.0,0.6947749,0.0,0.0,0.0,0.0,1.0869516,0.0,0.564243,0.0,0.8018421,1.2661769,4.4921494,0.0,0.0,0.93387204,0.0,0.20614907,0.0,0.0,0.32811958,0.0,1.0366886,0.0,0.0,0.0,0.0,2.3431513,7.3339477,6.1494994,0.0,3.4968245,0.0,0.19989952,0.0,3.5843937,0.0,0.0,0.058751326,1.2576065,0.0,2.3466792,0.41824552,0.0,0.0,0.0,0.0,0.0,0.17552769,0.40963086,2.348333,3.0864906,0.0,0.0,0.0,0.0,2.7926297,0.0,0.0,0.0,0.0,0.4090245,1.2861824,3.728496,0.9409962,0.0,0.6798036,0.0,0.0,4.019979,0.017158845,1.1364397,1.4852865,3.457015,0.0,0.0,0.0,0.36216068,1.2938366,0.0,1.4953053,0.0,0.0,0.0,0.0,2.5080698,0.0,0.0,0.0,2.537187,0.0,3.973421,0.0,1.6002935,2.238769,0.0,0.0,0.0,0.0,0.0,0.0,0.0,0.022889756,0.0,3.4309764,3.113972,0.008436585,0.0,0.14837062,0.0,0.0,0.0,2.743125,0.0,0.0,2.6756375,0.06953705,0.0,0.0,0.34470752,0.2893773,0.0,0.0,0.0,0.0,3.6671295,0.014598043,0.0,0.0,1.6717657,0.27514267,0.4734435,0.9768244,2.1490467,0.5505705,0.0,0.5534075,2.7131958,0.36340386,1.0893953,0.0,2.0417426,0.0,0.0,0.30767164,0.0,2.0430741,0.0,0.0,0.0,0.30047837,1.3191667,4.197785,0.0,4.4646583,0.84537715,0.0,0.0,2.615288,1.3321748,2.0571687,0.0,SIDM01072
ACH-000603,0.0,0.0,3.3648615,0.5702852,0.0,0.0,0.0,0.0,0.0,2.9639003,3.8504627,0.0,0.86120754,0.9276649,0.20244712,0.0,0.0,0.0,1.6884265,0.0,0.0,0.0,0.0,0.0,0.0,0.0,0.0,3.5135117,4.6658487,1.298897,0.0,0.0,0.0,11.0014305,0.0,4.7686806,1.2292398,0.0,2.5102282,0.6420165,0.0,0.0,0.0,0.0,8.763553,0.0,0.0,0.0,0.0,1.3561944,6.9328933,0.0,4.293952,11.396089,0.0,2.3717697,2.9877036,0.0,0.0,1.6904994,0.0,0.0,3.4599593,0.0,5.882634,0.0,0.0,0.0,0.0,5.5661044,0.0,0.0,0.0,0.0,5.022153,0.0,0.0,0.0,1.3693302,1.730632,0.98753536,0.0,1.1702392,3.3972778,2.8283837,2.2731264,1.9851093,0.0,2.6263409,9.568353,0.0,0.0,0.0,0.0,0.0,0.0,0.0,4.428448,3.1292276,4.358867,0.0,4.4303074,0.0,0.0,0.0,0.0,0.0,0.0,6.567802,0.0,0.0,3.6367538,5.5709233,0.0,1.5327171,0.0,0.0,0.0,0.0,0.0,0.0,0.0,0.9813745,0.6228579,0.0,0.0,0.0,9.988659,0.0,4.614351,4.5501137,0.71908695,5.6657205,0.0,0.5532412,0.0,8.125372,3.9309986,0.0,0.0,0.0,0.0,0.0,1.9413708,0.0,0.8737855,0.0,0.0,0.0,3.1751168,3.1637774,0.0,0.0,4.6311364,1.3862963,0.23170641,0.0,2.2820406,1.4449297,0.0,0.0,6.393441,0.0,3.6201897,0.0,0.0,0.0,0.0,0.7409488,5.6727757,0.0,4.780533,0.0,0.0,0.0,0.0,5.0011597,0.0,0.0,0.0,0.0,5.7986283,0.0,0.0,6.331617,0.0,0.0,1.1510049,0.0,0.0,4.843761,0.0,0.0,0.0,3.7391555,0.0,1.7290987,0.0,1.3304607,0.0,1.4813787,0.0,5.133711,0.0,0.089446574,0.0,0.0,0.0,0.0,0.0,1.003506,0.0,0.0,0.16227596,0.0,0.64504915,0.0,0.0,0.0,2.4603,0.0,7.5560856,0.0,0.0,0.0,0.34904745,0.0,3.9902523,0.0,0.0,0.0,1.3889599,0.3767224,0.50624883,0.0,0.0,0.0,0.0,2.18044,2.133776,0.0,0.0,5.932687,2.1248252,0.0,0.36081162,5.9886827,1.5096478,0.4641293,0.0,0.0,0.0,0.0,0.0,0.0,0.0,SIDM00990
ACH-000825,6.1401687,0.0,4.226192,0.0,3.49067,0.07618173,0.0,8.456983,2.1731446,0.6107732,4.1108623,3.5822873,0.0,0.0,0.0,3.0322235,11.331737,0.0,2.7621887,3.8028667,0.2690716,6.4201784,2.4847143,6.231645,0.0,0.0,4.2054443,0.0,0.0,6.452673,0.0,0.0,0.0,0.0,0.0,0.0,0.0,0.0,0.0,0.0,2.9797547,10.048384,0.0,6.9209967,1.1397673,0.0,0.05794609,0.0,0.0,2.9681437,0.0,0.0,0.0,0.0,8.965086,0.0,0.0,0.0,0.0,0.0,3.4884331,0.035343908,0.0,1.2166786,0.0,0.0,5.0201874,0.0,0.0,0.0,4.4544573,0.0,0.0,5.5045385,0.0,5.0810685,0.0,0.0,0.0,0.0,0.0,6.497782,0.0,0.0,2.5475392,0.0,0.0,0.0,0.0,0.0,0.0,0.0,0.0,2.9388285,5.430746,1.5829003,0.0,0.0,0.0,0.0,0.0,0.0,6.5250826,0.0,2.60331,0.0,1.6090455,9.374185,0.0,0.0,0.0,4.44094,0.0,0.0,0.0,0.0,7.5920777,1.2286887,0.0,0.60304403,5.440606,0.0,0.0,0.0,0.4543033,3.620498,0.0,0.0,0.0,0.0,1.4845558,0.0,0.0,2.18325,4.704677,2.629882,0.0,0.0,0.0,0.0,0.8068948,0.12735884,1.1865535,0.0,3.4518225,0.0,0.0,0.0,5.3317833,4.5576158,3.658994,0.0,0.0,0.0,0.41170406,0.8638991,2.836292,0.0,0.0,1.8372471,0.0,0.0,7.589005,0.0,0.0,0.22012225,0.0,2.9776134,5.7868733,0.0,0.0,3.075881,3.2256212,3.127174,1.0344093,0.0,0.0,0.0,0.0,0.0,0.8790518,0.0,0.0,0.0,0.0,0.0,0.0,2.0548012,0.0,0.0,0.0,0.0,10.651343,0.0,0.0,5.101523,0.0,0.0,0.0,0.0,0.0,0.0,4.897849,0.0,0.7418331,0.933711,2.727257,0.0,0.0,4.4417944,8.081875,0.0,0.0,2.8266616,10.351176,0.0,0.0,0.0,0.0,0.0,2.5894787,3.4232018,4.8360896,1.4675161,6.2998123,0.0,0.0,0.0,0.0,0.0,1.7783445,11.685547,1.9880216,0.0,4.1349564,0.0,6.240887,0.0,0.501839,0.0,1.4573119,3.133077,0.0,0.0,0.0,7.3981633,0.0,0.0,0.0,0.6075266,0.0,3.8128536,0.052420147,0.0,0.0,3.9957438,SIDM00134
ACH-000434,0.0,5.712361,0.0,0.0,0.0,1.626052,0.0,4.6155305,0.0,6.801044,2.1069043,0.0,0.0,0.0,0.0,0.0,2.7257295,0.0,1.7007794,0.8749346,12.987048,0.0,0.0,5.182863,0.0,0.0,2.4247775,0.0,1.353456,1.4699157,0.0,0.0,0.0,0.0,8.647254,0.0,3.735385,4.84269,0.0,0.0,0.0,5.6579385,0.0,2.5668797,0.7959264,0.0,4.4497466,0.0,0.0,5.0333986,0.0,0.0,0.0,0.0,7.235739,0.0,0.98030937,6.5384197,0.0,5.93567,3.8083215,0.0,0.0,0.17026009,0.0,10.043636,5.998909,0.36610958,6.9450245,0.0,2.120971,0.0,8.564647,2.1470284,0.0,6.665714,0.0,0.0,0.0,0.0,0.0,0.0,3.1028075,0.0,0.0,0.0,0.0,0.0,0.0,0.0,0.0,0.0,0.0,5.229652,0.0,0.0,8.411544,0.0,0.0,0.0,0.0,0.0,12.769571,6.586661,2.8473551,0.0,0.0,0.0,0.0,0.5838667,0.0,3.2732975,0.017872484,0.0,4.2322054,0.0,5.572863,0.0,4.6350017,7.861317,0.0,0.0,0.0,0.0,5.4696,0.0,0.0,0.0,10.177505,0.0,1.5927371,0.0,0.0,6.546963,0.0,0.0,0.0,0.0,0.0,2.2601347,0.0,0.0,4.317445,0.8642348,6.033839,0.0,0.0,0.0,4.8034663,0.0,0.0,0.0,0.0,0.0,0.0,0.0,0.17970864,0.0,0.0,0.0,0.0,0.0,4.072982,1.1075917,3.9522831,0.0,0.0,0.0,0.0,0.0,0.0,7.979109,0.0,2.4557076,0.0,3.2004595,0.0,3.1996768,0.0,0.0,0.0,0.0,5.10867,0.15716907,6.26128,7.1305165,4.9671965,1.4121568,0.0,1.732114,0.0,3.085122,3.5954287,0.0,0.0,0.0,0.0,6.1606464,0.0,0.0,0.0,0.0,0.021632306,0.0,0.0,0.0,3.9611137,10.151673,0.0,3.0357769,1.3898419,8.507374,0.0,4.290348,3.967621,0.0,0.0,0.0,8.519612,0.49573645,0.0,2.195337,1.5378371,10.3851,0.0,1.8150444,4.8102813,0.0,7.3393564,0.0,2.8902256,1.0878872,0.4423037,0.0,18.250683,0.0,1.6514639,0.0,0.0,0.0,0.0,5.8652596,0.0,6.6053376,0.0,0.0,0.0,0.0,1.0849202,0.0,0.0,0.0,0.0,0.0,0.85447896,18.09008,SIDM00763
ACH-000521,0.6214297,5.0130277,0.0,0.0,0.0,1.0314103,0.0,0.0,0.0,0.0,0.6240017,0.0,4.901589,0.0,0.0,0.0,0.0,0.8320936,0.0,2.1107154,0.0,0.0,0.0,0.2208379,6.2270675,4.0345407,0.43693694,0.0,4.516903,0.0,4.056595,0.0,5.917026,1.6718379,0.0,6.52592,2.941543,7.2504516,0.0,0.0,0.0,0.0,0.0,0.0,0.0,0.0,6.7132297,2.001124,1.8783877,0.0,3.952938,0.0,0.0,0.0,0.0,3.906968,4.15238,0.0,0.0,1.827847,0.53128505,0.0,3.6182513,0.0,0.0,0.0,1.1612765,2.3409288,0.0,0.0,0.0,0.0,0.0,3.9341302,0.5559194,2.3864949,6.736444,0.8757444,0.0,0.0,0.0,0.0,1.7439152,0.0,0.0,0.0,0.0,0.0,0.0,5.698172,0.0,0.0,0.0,0.0,0.0,0.0,0.0,0.0,0.0,0.0,0.0,0.0,0.36427617,0.8337192,0.0,0.0,0.0,0.0,1.0205946,0.0,0.0,5.057318,0.0,0.0,0.0,0.0,6.4561715,0.0,0.0,0.0,0.0,0.0,5.846871,1.2365546,3.885387,0.0,0.0,0.0,5.4561214,0.0,0.0,0.0,3.9757302,0.0,0.0,0.0,0.0,0.0,0.0,0.0,1.0832484,0.0,4.304493,0.0,0.0,2.500289,0.0,0.0,0.0,6.2009516,6.7280045,0.0,0.0,0.07347693,1.5090435,0.7566112,3.5116463,1.0688703,0.0,0.0,0.0,0.0,2.9297903,0.0,5.7628474,0.0,0.0,2.7419953,0.0,0.0,1.6949973,5.7537208,1.1589775,0.0,0.0,0.0,0.31811976,0.0,0.0,0.0,0.0,0.0,0.0,0.024876868,1.3184909,0.27359897,0.0,0.47714698,0.0,0.0,0.39132535,0.0,0.0,0.0,0.0,0.0,0.0,4.95784,0.0,5.56184,0.0,0.0,0.0,0.0,0.0,0.0,3.2048194,0.0,0.3536368,0.0,1.3354794,2.0155852,0.0,1.7725838,1.1587191,3.373993,0.8729559,0.0,2.0159929,0.1018115,0.0,0.0,0.0,4.5555606,0.0,1.4126052,5.2900877,0.0,5.7477107,0.0,2.9349816,0.0,0.0,3.01331,7.278585,0.0,0.0,0.0,0.0,0.0,7.0870533,0.8500556,0.0,0.0,4.050972,0.0,5.609294,0.0,0.0,0.0,0.0,0.0,0.0,0.0,3.621505,0.0,SIDM00715
ACH-000665,3.9344068,6.6567593,1.1523361,0.0,5.7111354,0.0,0.0,2.8497784,4.199215,0.0,3.6903799,0.92177737,5.715696,0.0,0.0,0.7539189,2.0325155,0.0,1.2450665,8.249559,0.0,1.6652551,0.0,2.924409,0.0,2.2645917,1.4410529,3.4819465,0.0,5.179497,0.0,0.0,0.81618816,0.55905867,0.0,0.0,0.0,0.0,0.0,0.0,1.2540311,2.8319771,0.0,4.8715506,0.1241126,0.6118282,0.0,0.8466772,0.56299204,0.8220192,0.0,0.0,0.0,0.0,1.8593655,0.0,0.0,0.0,0.0,2.9738564,0.0,0.0,0.0,0.5104231,0.0,0.0,2.4385512,2.2458582,0.0,0.114428475,0.0,0.0,0.0,3.310073,0.13558792,3.010415,0.0,3.9195197,0.63200265,0.0,0.0,8.953772,0.0,2.7350087,8.215025,0.0,0.0,0.0,0.702595,0.0,0.0,4.858661,0.0,0.0,1.7154263,0.0,0.0,2.8688383,0.0,0.0,0.0,0.0,0.0,0.0,0.009375323,0.0,6.5055294,0.0,0.0,0.0,0.0,3.784701,0.0,0.0,0.0,0.0,10.033596,0.0,0.0,0.0,5.647361,0.0,6.1384068,0.0,0.0,1.5956174,0.0,0.0,0.0,2.6752775,2.8032866,0.0,0.0,0.16047552,0.0,3.1118143,1.2659018,0.0,0.038450226,0.0,2.0973923,2.1349185,2.6626768,0.0,2.999426,0.0018889904,0.0,0.0,0.0,10.246785,12.711659,0.0,0.0,0.0,3.8282266,1.8304095,0.0,0.0,0.0,0.0,0.0,2.5153944,0.82721287,1.1142732,0.0,0.0,0.0,7.1019588,0.88041234,1.0650562,0.0,1.6803682,1.9358172,0.0,4.474437,0.0,1.1350696,0.0,0.0,0.5767875,2.752507,0.0,0.0,3.0259395,0.0,0.0,0.0,1.371835,3.9578636,0.107417434,0.0,0.0,7.5982804,0.0,0.0,0.0,0.0,0.0,0.0,7.2857246,0.0,0.0,0.05743789,0.0,0.0,0.0,4.836394,0.0,0.0,5.70366,1.0356414,0.0,0.0,0.0,1.2144504,0.0,0.0,3.0397112,0.0,0.0,0.0,0.0,4.02871,3.753018,5.342681,0.0,0.0,0.0,0.0,0.0,2.5169318,13.362681,3.857257,0.2614748,0.0,2.2602062,0.0,0.0,4.3392825,0.0,6.418854,0.0,0.0,0.0,1.3008554,6.340013,5.5623274,0.0,0.0,1.8711777,0.0,5.1408796,0.4395066,0.0,0.0,0.0,SIDM01103
ACH-000414,0.0,0.0,2.2147782,0.0,1.0662005,0.0,0.0,0.12362473,0.065163605,3.196118,0.0,0.0,0.0,0.0,1.6860678,0.0,0.0,0.0,0.0,0.0,4.0314684,0.0,0.0,0.27588603,0.6546717,0.0,0.0,0.0,1.2501509,0.0,0.0,0.0,0.0,0.0,0.0,9.388756,8.651637,0.15445825,1.6784923,0.63235015,0.0,0.0,0.0,0.2778717,0.0,0.0,8.955877,0.0,0.0,0.0,6.57158,0.0,0.0,0.4579872,0.0,8.953273,12.5261345,0.0,0.0,5.648539,0.0,0.0,0.0,0.5803849,3.8930202,9.868294,0.0,0.0,4.1745267,0.0,0.0,1.5982989,2.3962078,0.0,1.5888118,0.0,2.2991889,0.0,0.0,0.0,0.0,0.0,4.259052,5.7955427,0.0,0.0,5.1341467,0.0,0.0,0.23078494,1.7025243,0.0,0.0,0.0,0.0,0.0,0.0,0.0,7.556066,0.0,0.0,1.905964,0.0,1.4341811,1.4543629,0.0,0.0,1.1675782,0.0,4.6140013,4.5712643,3.0399625,0.0,0.0,5.229753,0.0,0.0,1.4339808,0.0,0.0,0.0,0.0,5.21335,9.254449,0.0,0.0,0.0,6.9202294,1.089828,2.582929,0.48609367,0.0,2.3511512,0.0,0.0,0.0,0.6621112,0.0,0.0,0.6697899,0.0,0.0,1.0274955,0.0,0.0,0.0,0.0,0.0,0.0,0.0,0.0,0.0,0.0,0.0,0.0,0.0,2.4634342,5.5430365,0.0,0.0,0.0,1.6110831,0.0,2.3824613,1.2411925,2.2707245,0.0,2.0481067,0.119936965,0.0,0.0,3.101419,1.1549945,0.0,0.0,0.57336366,0.0,0.0,0.0,0.0,0.0,0.0,0.0,0.0,0.0,7.965158,0.0,2.1121402,0.0,0.0,0.0,0.0,0.0,0.0,0.0,0.0,0.0,0.0,7.038958,0.0,0.0,0.0,2.013661,0.0,0.300608,0.0,0.0,0.0,0.0,0.0,5.255212,4.6413913,0.8838138,5.304401,2.1516993,0.6645453,0.0,0.0,0.0,8.385646,0.0,7.9581294,0.0,1.6770316,0.27517435,4.7015266,1.3123691,5.2803864,6.9498243,0.0,1.1934206,2.6814384,1.6350682,1.4007673,0.0,0.0,1.7629246,0.0,0.0,0.0,4.05689,1.1033791,1.1796885,0.0,0.0,0.0,7.210431,0.0,9.530401,0.78948724,0.0,0.0,2.165469,0.0,0.0,0.0,SIDM00762
ACH-000869,0.0,0.0,0.0,2.7407863,0.0,7.271138,0.0,0.0,0.0,4.0648723,0.0,0.0,0.0,0.0,0.0,3.9005098,0.0,3.571718,0.0,0.0,0.0,0.5456686,0.0,0.0,2.3078055,0.0,0.0,0.0,0.0,0.0,0.7942762,0.0,0.0,6.8966656,0.0,0.0,0.0,0.15169388,7.549764,0.0,0.0,0.0,0.0,0.0,0.0,0.0,0.0,6.533585,0.0,0.0,2.5189438,6.611616,8.040487,5.1474643,0.0,0.0,0.0,0.0,0.0,0.0,0.52864623,5.1309285,0.0,0.0,0.25935408,0.0,0.0,2.9559848,0.0,0.0,0.0,4.3439293,0.0,0.0,0.0,0.0,1.7276285,0.0,6.592125,0.0,4.0153446,0.0,0.0,0.0,2.5736802,0.93731964,0.0,0.6207203,0.0,15.9724045,0.0,0.64987177,0.6318829,0.0,3.3203223,0.0,0.0,1.2954046,0.0,1.1761146,0.0,0.0,0.0,0.0,0.0,0.0,0.0,1.2058388,4.379413,0.0,0.0,3.4404843,0.0,6.332699,0.0,0.9133799,0.0,4.8519053,0.8150907,2.5025265,0.0,0.0,0.0,0.0,4.9442315,0.0,4.894921,0.0,0.0,3.467272,0.0,2.5975435,9.495922,0.0,5.5108876,0.0,0.8300294,0.0,0.0,0.0,0.0,6.3756733,3.3190217,0.0,0.0,0.0,8.781478,0.0,1.6822317,0.0,0.0,7.6628823,2.7836945,0.0,0.0,1.1640702,0.0,0.0,2.467345,0.0,0.0,3.9992225,0.0,0.0,2.9104013,0.0,0.0,0.0,0.0,0.0,0.0,0.0,0.25412083,0.0,0.0,0.0,1.0526317,0.0,9.800939,0.0,0.55891395,0.0,5.180015,0.0,0.0,0.0,0.0,1.0148008,0.0,0.0,1.1968791,0.0,0.0,1.7167281,0.56676596,4.575733,2.2482893,0.0,1.1139501,0.0,9.831597,4.763409,0.0,0.0,0.0,4.565781,0.0,0.0,0.0,0.0,0.2643012,0.0,0.0,0.0,1.3525368,0.0,2.7899375,0.0,0.0,0.0,0.0,0.0,2.6011617,0.0,0.0,0.3012556,0.7881901,0.121286824,0.0,0.0,0.0,0.0,2.4196472,3.0251436,0.0,0.0,0.0,0.56046116,0.0,2.3585124,1.7312548,3.1475449,0.0,0.0,5.950345,0.0,0.0,0.0,0.0,0.0,0.78748626,0.0,0.013773508,4.302484,1.901969,0.0,SIDM00750
ACH-001489,0.0,0.0,0.0,9.1467285,0.0,4.3497424,0.0,0.0,0.0,0.77752846,3.6032765,0.0,0.0,0.0,0.0,0.0,0.0,0.0,8.791211,0.0,0.0,0.0,0.0,0.0,0.0,0.0,0.0,0.0,0.0,0.9893897,0.0,0.0,0.0,0.0,1.1265937,0.0,0.0,0.0,0.0,0.0,0.0,6.1766925,0.0,0.0,7.0127273,0.0,0.0,0.0,0.0,6.811035,0.0,0.0,0.45322716,9.76857,0.0,0.0,0.0,3.8199492,0.0,1.2068982,4.035363,9.183783,0.0,0.0,0.66591495,0.0,0.0,0.0,0.0,0.0,0.0,1.8232653,0.0,0.0,0.097636595,0.0,0.0,0.0,9.953457,0.0,5.189466,0.0,0.0,0.0,0.0,2.3238459,0.0,0.0,0.0,4.559373,0.0,0.0,0.0,0.0,0.0,0.0,0.0,9.853448,0.0,0.0,0.0,9.370799,0.0,3.4800773,0.0,1.755996,0.0,0.0,6.458667,0.0,0.0,6.7703648,3.953815,0.0,1.6219599,0.0,0.0,0.8224536,0.0,0.0,3.492966,2.3504965,0.0,0.0,1.9182379,0.0,0.0,10.621639,0.0,0.0,0.0,10.980966,4.1579027,0.0,0.12494495,0.0,6.703831,2.6172311,0.0,0.0,0.0,0.0,0.0,0.64873564,0.0,0.20535526,0.0,0.0,0.0,1.251997,0.0,0.0,13.003281,11.250181,0.96476763,0.0,0.0,4.337883,0.0,0.0,3.0543976,4.4127526,0.0,2.2642274,0.0,0.0,0.0,0.0,0.6050328,0.33586803,0.0,7.3151636,0.0,0.0,0.0,10.722142,0.0,4.1524224,0.75714433,0.0,0.0,4.910519,0.0,0.0,8.122985,0.0,0.0,1.256351,0.0,10.38671,2.7150862,0.0,0.0,0.0,0.0,0.0,8.885883,0.0,0.0,0.0,4.9951215,11.839357,7.5152273,0.0,0.0,0.0,0.0,0.0,0.0,2.566724,0.0,0.0,0.0,0.0,0.0,0.0,0.0,0.0,0.0,0.0,0.0,1.9197134,0.0,0.0,0.0,2.9642944,0.0,6.1284337,1.958891,0.0,0.0,1.3548418,0.22692338,3.6989431,0.0,0.0,0.0,0.0,0.0,0.0,0.0,0.0,4.605173,5.3830886,0.0,0.0,0.0,7.7359014,0.0,0.0,0.0,0.0,0.0,0.0,0.0,0.7030337,SIDM00508
ACH-000706,3.174178,0.0,0.0,0.0,0.0,3.8580704,0.0,0.0,0.0,0.0,0.0,0.0,0.0,0.0,0.0,0.0,0.0,0.0,0.0,1.1358442,0.0,0.73356086,0.0,0.34740183,6.114307,1.4874097,0.0,0.0,1.8528885,0.0,4.770743,0.0,8.566016,8.029664,0.0,3.6532183,0.0,4.37,1.2435539,0.0,0.0,0.0,1.1404736,0.0,0.0,0.8128426,7.5478106,4.2151437,0.0,0.0,5.9965906,0.40577,0.42278016,0.0,0.0,4.6966767,2.8996637,0.0,0.0,0.70543903,0.0,0.5765838,0.0,0.0,1.6008961,0.7174514,0.0,1.0667754,0.0,0.0,0.0,0.4790194,0.0,3.7864246,0.0,0.0,5.7688756,0.782372,0.0,0.0,0.0,0.4093648,0.0,0.535251,0.0,0.0,0.0,0.0,0.0,9.374588,0.0,2.075232,0.0,0.0,0.0,0.0,0.0,0.0,0.0,3.2961907,0.0,0.0,0.0,0.0,0.0,0.0,0.0,6.298837,2.0177588,0.0,0.0,4.4365687,3.5351396,0.0,0.0,0.0,0.0,2.2344892,0.8342774,0.0,0.0,0.0,1.792925,3.7577395,2.378372,0.0,3.7216763,0.0,0.0,2.019921,0.0,0.0,5.9940248,0.0,0.86227036,0.0,0.0,0.0,0.0,0.0,0.0,4.532903,7.70679,0.0,0.0,0.4687152,1.219429,0.0,0.0,5.6082926,2.1642008,0.0,0.0,0.4143065,0.68656737,1.1587723,6.534429,0.0,0.0,0.0,0.0,0.892166,0.0,0.0,4.447126,0.0,0.0,3.3497071,0.0,1.2515051,4.3511705,0.12521559,4.282776,0.0,0.0,0.0,0.0,0.0,0.77756345,0.0,0.0,0.0,0.0,0.0,0.0,0.0,0.0,0.31105936,0.0,0.0,0.0,0.0,0.0,2.7683063,0.0,1.2827162,0.0,3.5060196,4.557055,0.52456963,5.7862105,0.0,0.0,0.0,0.0,0.53519726,0.0,0.0,0.0,0.0,1.4430053,0.0,0.0,2.376172,1.7835726,2.9718747,2.755592,1.2444384,0.0,3.2950761,0.0,4.7713304,2.3096912,1.9169623,0.0,0.13266061,0.0,0.5732451,3.9524693,0.0,0.0,0.0,0.0,3.2419624,0.0,0.0,0.0,0.0,0.0,0.0,8.860635,1.8344648,0.0,0.0,6.547997,0.0,5.9693613,0.0,0.0,0.0,0.0,0.5041864,0.0,5.9179053,5.7449694,0.0,SIDM00119
ACH-000337,0.0,0.0,0.0,4.9000115,0.0,0.0,5.443648,0.0,0.0,1.6857986,0.2863488,0.0,0.0,1.8219374,0.0,0.26284507,0.3638605,0.0,0.0,0.0,0.0,0.39392447,3.8135633,0.0,0.0,0.0,0.0,0.0,0.0,0.5794366,1.4290987,3.2419558,0.0,0.0,0.0,0.0,2.6110673,0.0,0.11086637,4.4188433,0.0,2.1101105,0.0,0.0,4.624222,3.5140538,0.0,0.0,1.6327964,0.46556684,0.0,0.6287877,0.0,0.0,0.0,0.0,0.0,0.0,0.0,0.0,4.7700415,0.6379897,1.9907913,0.3911641,0.0,0.0,0.0,0.0,0.0,3.0354543,0.4906915,0.01937847,0.0,0.0,0.0,0.0,0.0,0.0,0.0,7.69451,1.9325551,0.0,0.0,0.0,0.0,2.920374,0.0,0.0,4.25417,0.0,4.1894946,0.22837792,2.4966643,1.1529752,0.0,6.172276,0.0,0.14579515,2.8864174,1.1700486,5.82988,8.063405,0.0,3.4319265,1.8077035,0.0,0.48124883,0.0,0.0,0.0,5.812705,1.1528844,0.0,0.0,7.6002383,4.245126,0.0,0.0,0.0,0.0,2.9449894,3.9480195,0.0,0.0,0.0,0.0,0.0,2.9670424,0.0,0.0,1.3214976,2.016886,0.0,0.0,0.0,0.0,0.0,7.7068286,1.9537883,0.28129783,0.0,0.0,0.0,0.20644447,0.0,4.4250226,0.0,0.5361504,0.0,0.0,0.0,0.0,1.8359464,1.6366227,0.0,1.1837271,0.0,3.251555,0.3899829,0.88443464,10.255671,1.7901747,0.0,0.0,0.0,2.2299442,0.7686559,0.0,0.5298168,0.66074663,0.0,2.925403,0.0,4.0914106,0.0,6.3487315,0.0,2.8242428,0.0,3.493529,0.0,4.7022986,0.0,0.0,1.9235907,0.0,0.0,0.0,0.0,1.3748296,0.23451138,0.0,0.0,0.0,2.976907,0.0,5.269273,0.0,0.0,0.0,0.0,1.0690162,1.6973073,3.4316025,0.59224796,0.0,0.0,5.6097217,3.5705624,0.0,0.0,0.0,0.87086374,0.0,0.0,0.0,0.0,0.0,0.0,0.8946571,0.0,0.0,0.0,0.0,0.0,4.272955,0.0,0.0,0.0,3.2193625,0.0,1.8346459,0.0,0.18678361,0.0,4.390498,0.87646717,7.4556236,0.0,2.6624417,0.0,0.0,2.3859951,4.880157,0.0,0.37789598,0.0,0.033045832,0.0,2.5239851,1.4687074,0.0,0.0,0.7985958,0.0,0.0,SIDM00137
ACH-000951,0.0,0.0,0.0,4.6359687,0.0,6.2721343,0.0,0.0,0.0,4.376136,0.0,0.0,0.0,3.5299442,0.0,2.6489007,0.0,6.0817885,0.0,0.0,0.0,0.27630955,0.0,0.0,0.0,0.0,0.0,0.0,0.0,0.57490844,0.91412896,0.0,0.0,2.3971856,0.0,0.0,0.0,0.0,4.682572,0.0,0.0,0.0,1.4081086,0.0,0.0,3.8682218,0.0,4.2560825,0.0,0.0,0.0,4.4144235,6.025666,6.6407094,0.0,0.0,0.0,1.263007,0.0,0.0,4.23034,5.951621,1.2909602,0.0,2.4054642,0.0,0.0,5.121958,0.0,2.928943,0.0,1.6973596,0.0,0.0,0.0,0.0,0.91174114,0.0,6.5097127,4.6089945,3.0966752,0.0,0.0,0.0,0.74283946,4.332714,0.0,0.0,0.0,9.509904,3.119206,2.1590044,3.9449625,0.0,2.6398516,1.2973965,0.0,0.07201557,0.0,2.8562467,4.7831454,1.2685958,0.0,0.0,0.9764166,0.0,0.0,0.0,3.4248524,0.0,0.0,0.9659602,0.0,9.293414,0.0,1.289528,0.0,5.5241218,0.0,4.506377,1.9858133,0.94386655,0.0,0.0,2.9760523,0.0,0.7200194,0.9371732,0.0,1.0861218,0.0,3.6705644,3.3941731,0.0,2.6277993,0.0,0.0,0.0,0.82946384,0.0,0.0,0.0,0.0,0.0,0.0,0.0,3.5846853,0.0,1.282466,0.0,0.0,5.625807,2.0183747,0.0,0.12534088,0.0,0.0,0.0,1.4417264,0.0,4.6954856,3.4639113,0.0,0.0,1.6590915,0.0,0.0,0.0,0.0,0.0,0.8638363,0.0,0.0,0.0,0.0,0.0,0.0,0.0,4.7491684,0.08412625,0.0,1.4803569,4.7572303,0.0,0.0,0.0,0.0,0.0,0.0,0.8597297,2.800258,0.0,0.0,0.0,1.5453621,1.3997114,3.7923234,0.0,0.0,0.0,3.751129,4.9503837,0.0,0.0,2.9575284,4.1258087,0.0,0.0,0.0,0.0,0.0,0.0,0.0,0.0,1.5488368,1.4182894,6.6780343,1.3486315,0.0,0.0,0.0,0.19079885,1.0055994,0.0,0.0,2.754173,1.304172,0.55412,0.0,2.7812998,0.15350962,0.0,0.0,1.4656588,0.0,0.0,1.3109494,4.447411,0.0,2.4468358,0.0,1.3575239,0.0,0.0,3.9730513,0.0,0.0,0.0,0.0,0.60305357,4.687684,0.0,0.0,1.7087406,0.0,0.0,SIDM00727
ACH-000826,0.0,0.0,0.0,0.32411003,0.0,3.1806753,0.0,0.1002097,0.0,1.9864752,0.0,0.0,0.0,0.0,2.9004004,4.870581,0.0,3.7354171,0.0,0.0,0.0,0.0,2.8168442,1.7301366,6.7185245,0.904706,0.28842524,0.0,0.0,0.0,0.0,0.0,2.2572422,0.0,0.0,0.0,0.4050009,0.0,3.5773094,0.0,0.0,0.13173589,0.0,0.0,0.0,0.9257251,2.9894967,0.80845845,0.0,0.0,0.0,0.9575933,3.0006435,1.0900024,0.0,0.0,0.0,0.15009737,0.0,0.0,1.680896,3.0814583,0.0,3.5069654,0.0,0.053787228,0.0,1.1959454,0.0,0.38388544,0.0,4.046898,4.915427,0.0,0.0,2.061562,0.0,1.9447004,0.0,0.9278382,0.0,0.0,0.30778655,0.0,0.0,0.73531467,0.0,0.0,0.0,2.2162488,1.8100225,0.0,2.1228185,2.5916424,3.2730417,3.596434,4.816042,0.0,0.0,0.32668376,3.2483296,0.0,0.0,0.0,1.9097009,0.0,0.0,4.7565374,0.8922116,2.1242416,0.0,0.0,0.0,5.7603483,0.0,6.0738916,0.0,0.02030796,0.0,6.316117,1.5270483,0.0,0.0,0.0,6.0126595,0.0,0.9660033,0.0,3.1973,0.0,0.0,0.0,1.4838899,0.0,0.0,0.0,0.0,0.0,2.8975196,1.3624611,1.1074246,1.2828618,0.0,0.0,0.0,0.0,4.9677544,4.299954,4.049831,0.0,0.0,5.3916464,0.0,0.0,0.0,1.5526787,0.0,0.0,0.0,0.6581259,0.04151592,0.15467735,0.0,0.0,4.2736464,0.0,0.9800191,0.0,0.048657678,0.0,0.0,0.0,0.80659616,0.0,0.0,0.0,1.1406137,0.0,4.10194,1.3057415,0.48217842,0.09246078,4.2463894,0.16245648,0.027730986,0.0,4.7628717,0.0,0.0,0.0,0.0,4.6828513,0.0,4.1169906,0.13388014,0.0,0.0,2.2072277,0.0,0.0,0.0,0.0,0.0,0.0,0.13465545,3.1693466,0.0,5.5517135,0.07992654,0.0,0.8949816,0.0,3.0410273,0.9426053,1.6888096,0.8565591,4.0010924,0.0,0.0,0.0,0.0,0.0,0.0,0.0,0.0,0.0,1.3478012,0.0,0.0,3.960826,1.8981906,0.0,0.917942,0.0,0.0,0.0,2.062435,5.279162,0.0,0.0,0.0,5.011105,0.0,0.0,0.0,0.0,0.0,0.0,0.0,0.0,1.7528267,0.9135872,1.4045827,0.0,1.5395151,1.9452635,SIDM00939
ACH-000886,0.0,3.4305573,0.0,1.1294299,0.0,0.0,3.1707792,0.91986495,4.144909,0.0,0.74051535,4.543235,0.0,0.0,0.0,1.8305701,1.4857644,0.0,0.0,0.0,0.5937573,0.36569917,5.651461,0.0,0.0,0.0,0.0,2.5541143,0.83069664,0.0,1.1805995,2.073701,1.2498935,0.0,2.4167497,0.7403603,0.0,0.015809441,0.0,3.331932,0.69508797,0.50186217,0.88079464,0.0,1.5397795,0.0,0.0,0.0,4.3488593,0.99276435,0.0,0.0,0.7804053,0.0,1.7762083,0.0,0.0,0.0,1.1609148,0.0,0.75737274,0.0,0.0,0.0,0.0,0.29719356,0.0,0.0,0.0,0.0,3.211222,0.0,2.6315641,0.0,0.12805721,0.03132762,0.0,0.84404695,0.1729176,0.55068004,1.4846686,0.0,0.0,0.0,0.0,1.7172383,0.8536153,5.829926,4.9092035,0.0,0.0,0.0,2.336672,1.8221887,0.0,2.602839,0.0,0.4887432,0.0,0.5331881,0.0,0.13237168,3.851767,0.0,0.0,2.8144357,1.8232749,0.0,0.5025653,0.06170698,0.0,0.0,0.68939286,0.0,0.0,2.9698777,0.9296548,0.0,0.4330102,0.0,0.0,0.4003286,0.0,0.023802403,0.77532005,3.1545744,0.0,0.0,0.0,0.0,0.0,0.36649525,0.008427066,1.6722193,0.0,0.19931924,0.25687024,0.479916,3.4457865,1.1465994,1.310894,0.15284167,0.0,0.0,4.773299,1.3373966,0.0,1.7408848,2.8535945,0.0,0.0,3.884831,1.062201,0.5235549,0.0,0.0,0.0,1.0155717,0.50027317,6.757858,0.98514926,0.0,0.0,0.0,1.2134154,2.8021972,0.0,0.0,1.7161922,0.22988236,1.3743149,0.0,0.0,2.0359569,0.0,1.6178674,0.0,3.3871732,0.0,0.0,0.5723156,0.0,0.0,0.0,2.124886,0.0,1.0962354,3.0137694,4.03493,1.1158234,0.0,1.8028377,0.0,0.0,2.9650967,0.0,1.4806889,0.023532713,0.0,1.6621445,2.6793978,0.0,0.0,3.461205,0.0,0.0,0.0,4.5327454,0.0,0.73190427,0.0,0.23148966,0.66965973,0.0,0.6413574,0.0,0.0,0.0,0.83769596,0.0,3.9709284,0.0,0.0,0.18950616,3.5156708,0.0,0.0,0.0,0.0,0.0,0.0,0.0,0.0,0.0,0.0,0.35372022,0.0,1.1506598,1.1028578,0.15294062,0.0,0.0,0.11552999,3.068096,0.95335895,1.8813467,0.0,0.0,0.3606589,0.7402276,0.0,2.6037838,0.0,1.9163475,0.0,1.4711457,SIDM00756
ACH-000888,2.8178606,1.4620275,0.0,1.4881772,1.1311451,0.15462469,2.259786,0.0,3.3215446,0.0,0.0,2.1072218,0.0,0.02451351,0.0,0.09435605,0.0,0.0,0.0,2.1107168,1.7915831,0.0,0.0,0.6921883,2.1044686,1.6065431,0.0,3.9255962,0.87069947,0.0,0.53600925,0.81118286,3.1779313,3.0102646,0.0,1.4488065,0.0,0.96246094,0.0,0.9325314,0.0,0.0,2.6126003,0.0,0.0,0.18433411,2.4928453,1.0071771,0.23853977,0.909687,0.76847345,0.8844922,0.2653181,0.0,0.0,1.9155933,1.3335136,0.0,0.67956394,1.4932296,0.0,0.0,0.0,0.0,0.42344007,2.175543,0.0,0.79786396,0.39011124,0.0,0.6417803,0.0,0.2267666,1.1660517,0.084633395,0.0,4.861036,1.1906976,0.0,0.23895852,0.0,0.0,0.0,2.3623405,0.07473769,0.0,1.2187036,2.5606918,1.4423739,0.9978498,0.0,1.5657067,0.68903,0.0,0.0,0.62141484,0.0,0.0,0.0,0.7056968,0.35860905,0.10008611,0.0,0.0,0.0,2.689781,1.3472549,3.123095,0.0,0.21107008,0.0,0.0,1.4629592,0.0,0.088163,0.9069742,0.0,0.0,2.3699322,0.0,0.0,2.3040864,3.2647324,4.6970353,0.190419,1.9705287,1.0245271,0.0,0.0,3.3518517,0.0,0.1290217,0.8590938,0.31202108,0.7163514,2.2128205,0.38664195,0.0,0.1739033,0.029849978,0.0,3.2695792,1.9999491,1.0383198,0.33319575,1.2967075,2.4314961,0.0,0.0,0.51028097,0.15807274,1.446397,0.0,0.0,0.0,0.13028744,3.030873,0.0,1.6801323,0.0,0.0,0.0,0.0,1.197362,1.7614465,0.2534198,0.0,2.3946538,0.0,0.3610035,4.410941,0.0,3.0220292,0.0,1.8488162,0.0,0.0,0.0,0.0,0.09389286,0.789256,0.0,1.2707583,1.5969403,0.0,1.4258157,0.0,1.5086689,1.8825077,0.0,0.0,0.0,0.0,2.3037279,0.0,2.0269437,0.0,0.12044666,4.874491,1.949045,2.4483721,0.0,0.0,0.0,0.0,0.0,0.22565852,0.0,0.2695349,0.6542291,0.0,0.0,0.0,0.0,1.012302,0.539692,0.9265371,1.424931,0.0,2.9758036,3.6810238,0.0,0.0,0.1450094,1.0141941,0.0,0.0,1.7873081,0.54600304,0.0,0.45508403,0.0,0.0,1.3056568,0.0,0.7516286,0.0,0.418028,2.9597988,0.0,1.4623756,0.0,0.0,0.0,1.9927206,0.9870358,1.8340459,0.0,3.0662227,0.0,0.0,0.7413136,0.5833491,3.3640532,3.2571366,0.0,SIDM00755
ACH-000030,0.0,0.68845004,0.0,0.0,3.3880527,0.0,0.0,0.29016227,2.7727304,0.0,0.0,1.0042604,0.13586432,0.0,4.8292217,2.5884507,0.0,0.0,0.0,0.0,0.0,0.0,4.0875206,0.79798955,5.375523,1.765718,1.0402001,0.0,0.022842582,0.0,0.0,3.017541,0.9265232,0.0,0.0,0.0,2.866661,0.0,2.1390946,2.8570461,3.5783865,0.0,0.0,0.0,0.0,0.0,0.78762877,0.03707054,0.85842997,0.0,0.0,0.6839684,2.3554957,0.059097443,0.0,0.15276188,0.6200802,0.0,0.0,0.0,0.0,0.8525032,0.94037795,4.676089,0.0,0.0010547305,0.0,0.0,2.2186537,1.0719332,0.0,2.3812497,5.4500623,0.0,0.0,2.975632,0.0,2.6467564,0.0,0.0,0.37493125,2.7751997,0.29240605,2.6131818,0.5082205,0.0,0.0,0.0,0.028036876,0.0,1.8786157,0.0,0.0,1.8378035,5.2420177,3.4842358,0.4633122,0.0,0.06882037,0.19241464,2.927211,0.0,0.0,0.0,0.97423166,0.0,0.4120102,1.4218531,0.72398114,2.6989975,1.1524649,0.0,0.0,2.2885907,0.0,1.517182,0.0,0.0,0.0,0.0,0.0,0.0,0.0,0.0,0.0,0.670823,0.0,0.0,0.8116895,0.0,0.0,0.0,0.0,0.0,0.0,0.0,0.0,0.0,0.2095166,2.2939215,3.0378997,0.0,0.0,0.0,1.6140512,0.0,3.725123,6.110128,1.7068201,0.0,0.0,1.8717378,0.0,0.0,0.0,0.70155984,0.0,0.0,2.9232645,2.247192,0.0,2.036525,0.0,0.0,0.0,1.1454531,1.3427398,0.10563064,3.246766,0.0,0.0,0.0,0.12616399,0.0,0.5132916,0.0,2.1808102,0.0,1.7765151,5.948328,1.3149264,0.0,0.0,0.70135176,0.0,0.0,3.384934,0.0,1.0714316,0.0,0.0,0.79491574,0.0,2.6810772,1.6180556,0.0,0.0,0.5181802,2.4111085,0.3203347,0.0,0.0,0.0,1.8531945,0.0,3.2448595,0.39826447,4.802342,0.9631194,0.0,0.0,0.009314861,6.9474525,2.7053041,0.0,0.0,1.6475542,0.0,0.0,0.0,0.0,0.0,0.0,0.0,2.2791724,0.0,0.98221505,0.0,0.0,0.43536562,0.0,0.0,2.5422275,0.0,0.0,0.023650888,0.020736465,1.7073642,0.0,0.0,0.0,2.9758327,0.0,0.0,0.0,0.8477505,0.0,0.0,0.0,0.0,0.0,5.2896433,4.7604003,0.018073823,0.0,0.22135553,SIDM00237
ACH-000589,0.0,0.0,1.4114096,0.0,2.8484657,0.0,0.0,0.6563049,0.0,4.5261054,0.0,0.19805251,0.0,2.2310643,1.5373583,0.0,0.0,3.6351051,0.0,0.0,0.0,0.0,0.0,1.0162874,0.0,1.920048,0.0,0.0,2.0691218,0.0,0.0,0.6091654,0.0,6.92639,0.0,2.171742,4.3080583,0.0,5.525212,5.8583255,0.03136649,0.0,1.06211,0.0,1.0631771,0.0,0.67725825,1.9531394,0.0,0.0,5.324606,1.0909472,4.5862203,7.9844327,0.0,0.690855,2.3951511,0.0,0.0,1.4480237,0.0,0.0,6.0690813,0.32710132,2.171634,0.0,0.0,0.0,0.0,2.2697358,0.2707425,0.0,0.0,0.0,0.5699142,0.0,0.0,1.1841251,0.0,0.0,0.30228966,3.753864,1.0718458,6.04587,2.899679,0.355673,0.0,0.0,0.8357307,5.2846045,4.0409846,0.0,0.0,0.0,1.72145,0.0,0.0,0.0,2.1432664,2.0196822,5.186456,1.195726,0.0,0.0,0.16103141,0.0,1.8799733,0.0,1.1540933,0.0,0.45806822,0.6925266,0.44633922,2.7504454,0.9901033,0.0,0.0,2.7832077,0.0,0.0,0.0,0.0,2.9949107,0.38191643,0.0,0.0,0.0,5.125563,0.25848746,5.4517837,1.1810712,0.0,2.5899112,0.0,0.66778904,0.0,3.3372571,1.8148355,0.0,0.0,0.0,0.0,0.0,0.0,0.0,2.066656,0.0137513345,0.76404625,0.0,0.0,0.0,0.0,0.0,0.9333533,0.0,0.0,0.0,3.534127,3.3539484,0.0,1.5886708,5.3482533,0.0,0.82960933,0.0,2.2581537,0.0,0.0,0.0,1.7292043,0.0,0.78450745,0.0,0.0,0.0,0.0,0.7517004,0.0,0.0,3.7831612,0.0,0.9132564,0.0,0.0,0.0,0.0,0.0,0.25599006,0.0,0.0,2.1532297,0.0,0.0,0.0,3.8940046,0.0,3.5142808,0.0,4.269154,1.1129339,0.9221574,0.0,0.0,0.0,0.0,2.6245213,0.0,0.44999528,0.61096084,0.0,0.0,1.5789875,0.43325263,2.4483633,0.0,0.0,0.6195469,0.0,0.37727383,1.2081295,0.0,2.0080783,0.0,0.0,0.0,0.29048,1.0820055,0.0,0.0,0.0,0.0,0.0,2.8263633,0.79619896,0.0,2.4118261,0.0,0.0,0.0,2.9341948,3.6289957,0.0,5.1091404,0.0,0.30218187,0.0,4.995513,0.0,0.9186925,0.0,0.0,0.0,4.8403683,0.691132,0.0,0.0,SIDM00734
ACH-000628,0.052544817,1.8650398,0.60501873,0.0,3.3461645,0.0,0.41264954,0.0,2.2732906,0.0,0.0,3.7153447,0.85748714,0.0,0.0,2.496661,0.0,3.099242,0.0,0.37284225,0.0,4.3937197,0.0,3.755805,3.384187,0.14033887,0.0,0.087678686,0.0,0.98088807,0.45930174,0.0,2.700721,3.0592968,0.0,0.0,0.0,0.0,0.0,0.0,3.5909126,0.7408155,1.4968181,1.2086755,0.0,2.6797335,0.0,3.0340192,0.0,0.0,0.0,1.5647069,5.453091,0.0,0.0,0.0,0.0,0.0,1.5151144,0.0,0.0,1.0163125,0.0,0.0,0.0,0.0,0.0,1.4626662,0.0,1.0821769,0.0,0.0,0.0,1.3740762,0.0,0.0,0.40872455,1.7101865,2.6761155,0.0,0.34382313,5.418613,0.0,3.7664297,6.137151,0.0,0.0,3.269167,0.0,0.0,0.0,4.492235,0.0,0.0,5.9156666,0.11434263,0.0,0.0,0.0,3.8237646,0.0,0.0,0.0,0.0,0.0,0.0,5.1775117,0.3720364,1.0562588,0.0,0.0,0.0,0.18599105,2.4407434,0.0,0.0,0.0,3.4197967,0.4255858,0.0,0.8042422,0.0,1.9463134,0.0,0.0,0.8883548,2.5634239,0.0,0.0,2.421138,0.87255,0.0,0.0,0.0,0.0,2.0091345,0.0,0.0,1.024224,0.0,4.4843583,4.4425125,0.72004974,0.0,0.0,0.0,4.482091,0.0,0.2642162,0.7899761,3.6390388,0.0,0.0,0.0,0.92071444,0.0,0.32694712,1.2218271,3.8579671,1.4100673,0.0,1.7854377,0.0,0.0,0.0,3.1253316,0.0,0.99256724,0.0,2.336137,0.0,0.0,4.220347,0.0,1.7370864,0.0,1.2136867,0.0,0.0,1.003244,4.100268,0.0,0.0,0.0,0.0,0.0,0.0,4.2297745,2.7540195,0.0,1.6079894,0.0,0.58746654,1.3109453,1.5393705,3.3874676,0.22534421,0.0,6.9414325,2.54419,5.9514494,0.9731014,0.0,0.49375075,0.36479503,2.411567,0.0,0.0,0.0,0.0,1.3215551,0.0,0.0,0.0,0.100421295,0.0,6.1928244,4.136711,0.0,0.0,0.0,0.0,0.94265956,0.0,4.828864,0.0,0.0,0.0,0.0,0.0,0.0,2.316187,4.366079,2.4773922,0.0,4.138554,0.0,1.8449088,2.584313,0.69024104,4.671101,0.0,0.0,0.0,2.337165,4.9258385,3.492384,0.0,0.0,1.0449326,1.7464932,2.908037,4.698804,3.2020433,0.38526624,0.0,SIDM01127
ACH-000510,0.0,4.3575826,0.0,0.0,0.0,2.8633947,0.0,2.071544,0.0,2.2195776,1.217341,0.0,0.33949384,0.0,0.0,0.0,4.637028,0.0,2.4241,1.8602332,6.8907366,0.0,0.0,1.8564333,0.0,0.0,2.3497298,0.0,0.65275824,2.1249526,0.0,0.0,0.0,0.0,4.4071536,0.8752448,0.09883354,4.130984,0.0,0.0,0.0,1.5341887,0.0,1.986523,0.0,0.0,1.3950133,0.0,0.037973482,3.081072,0.0,0.0,0.0,0.0,2.733507,1.2072594,0.0,4.4015737,0.0,2.829674,1.9711746,0.0,0.0,0.53702295,0.0,3.9011407,4.9307327,1.7641436,1.8935647,0.0,0.9723405,0.0,2.8374267,4.9604163,0.0,4.298817,0.0,0.0,0.0,0.0,0.0,0.0,3.6635895,0.0,0.0,0.30616567,0.2514598,0.0,0.0,0.3729407,0.0,0.0,0.0,3.2409678,0.0,0.0,6.6680136,0.0,0.0,0.0,0.0,0.0,6.115674,4.096125,0.0,0.0,0.0,0.0,0.0,0.0,0.0,1.7476443,0.32262143,0.0,1.8315853,1.0191586,4.375421,0.0,1.782211,6.4793134,0.0,0.0,0.0,0.0,2.8401976,0.0,0.0,0.0,6.9772654,0.0,0.15267582,1.6917555,0.0,4.0469785,0.0,0.0,0.0,0.0,0.0,0.40676296,0.0,0.0,2.9131315,1.3438021,3.2763839,0.0,0.0,0.0,1.9123058,2.5060775,0.0,0.0,0.0,0.36902073,0.0,0.0,0.6042501,0.0,0.0,0.0,0.0,0.0,5.2284527,0.19507113,2.0425966,0.0,0.5286105,0.0,0.0,0.0,0.8486115,6.210304,0.0,1.6769652,0.0,0.8457809,0.0,0.95468783,0.0,0.0,0.0,0.0,2.9368038,1.1526189,4.697225,2.665944,1.6183604,0.0,0.0,1.8087871,0.0,1.134177,4.107182,0.0,0.0,0.0,0.0,3.7679043,0.0,1.9263058,0.0,0.0,0.42388546,0.0,0.0,0.0,2.762573,2.6594052,0.0,2.3431692,0.6140639,4.776188,0.0,1.9396644,2.7820327,0.8310901,0.0,0.0,5.5835943,0.0,0.3306069,0.613992,3.016686,5.9612203,0.0,0.9434222,4.269833,0.0,5.846213,0.0,1.632334,0.0,0.0,0.35881248,11.516125,0.0,0.0,0.0,0.0,0.0,0.0,2.668711,0.0,2.5383775,0.0,0.0,0.0,0.0,0.0,0.0,0.0,0.0,0.0,0.0,0.91961455,8.240579,SIDM00649
ACH-000264,0.0,1.6220751,0.0,0.0,0.0,0.7240936,0.0,0.46933112,1.1529204,1.4760851,1.1636776,0.0,0.27663946,0.0,0.74508095,0.0,0.29567182,0.0,1.9207495,3.637698,4.492153,0.0,0.0,0.0,0.0,0.0,0.37664446,0.117259204,1.1055253,0.0,0.0,0.0,0.0,0.0,1.7175878,0.80931294,0.3731543,1.2118205,0.0,0.08460873,0.0,0.6416344,0.10625113,1.5473522,0.0,0.0,2.0891685,0.0,0.0,1.5258256,0.0,0.0,0.0,0.0,1.888593,1.7920371,0.4809855,4.6345773,0.6315513,4.01545,0.0,0.0,0.0,0.827053,0.0,4.4631505,1.2309412,0.0,5.296958,0.0,0.013798502,0.12615494,1.5986885,0.2526049,2.9379327,1.1300433,0.33151615,0.5408833,0.0,0.0,0.0,0.05578236,2.479302,0.0,0.0,0.0,2.1759923,0.0,0.45411763,0.0,0.0,0.0,0.324425,0.43541688,0.0,0.0,2.2761776,0.0,1.2892126,0.0,0.0,0.0,3.9376879,2.6463823,3.0923033,0.966288,0.0,0.0,0.0,1.2470804,0.7748723,0.054821372,0.91682106,0.0,0.2155644,0.0,1.2313807,0.0,0.72710335,0.9088223,0.0,1.6915783,1.9445065,2.4661098,0.115961805,0.43211597,0.0,0.6809235,1.7909636,0.22753271,0.8179423,1.7238247,0.0,2.738474,0.0,1.7308116,1.5360229,1.3116602,0.0,0.9042927,0.0,0.0,0.6289151,1.717429,2.2048078,0.0,0.0,1.3968267,0.21398158,0.26604283,0.0,0.0,0.8408784,0.060559176,0.0,0.0,0.23174633,0.0,0.0,0.0,0.0,0.0,0.0,3.5183334,0.7169704,0.0,1.6700577,1.4171295,0.0,0.0,0.0,0.5239187,0.0,0.0,1.1830091,0.9569939,0.0,0.8161324,0.0,0.0,0.0,0.0,0.85747755,1.9142791,1.1198626,4.9255157,1.135021,0.0,0.0,1.3998402,0.0,0.4249906,1.1206145,0.1517643,0.0,0.0,0.0,0.01942105,0.0,0.58437574,0.0,0.0,1.0012301,0.0,0.0,0.0,1.6226745,1.3596175,0.0,3.7061362,0.0,2.9120958,0.0,0.15653099,0.0,0.0,0.0,0.0,1.2529519,1.3594197,1.9065344,0.51347214,0.0,2.7732,0.0,1.1213647,1.1994934,2.0693557,3.3499691,0.0,0.0,1.2047695,0.0,0.15115103,3.8209033,0.0,1.9438943,0.0,0.0,0.0,0.0,0.0,0.0,2.7172308,0.0,0.0,0.0,2.508796,2.8852692,0.6021513,0.0,0.0,0.0,0.0,1.4783869,3.4242678,SIDM00921
ACH-000843,0.5741049,0.0,0.0,0.0,0.0,0.0,0.0,0.0,0.0,0.746543,0.0,0.0,0.0,0.0,0.0,0.7657316,0.5606321,0.0,0.10754012,0.0,1.262801,0.0,0.0,0.0,2.9061563,0.0,0.0,0.0,0.0,0.0,0.0,0.1442617,0.0,0.0,0.0,0.80626243,0.17049704,0.8593963,2.3088255,1.9642917,0.0,0.0,0.0,0.31419194,0.0,0.0,0.84941196,0.0,0.0,0.15356705,0.0,3.3321369,0.0,0.0,0.0,4.1241775,0.0,4.4911704,0.46242422,0.9188418,0.0,0.0,0.0,2.091767,0.0,3.0586765,0.46217823,0.0,5.240468,0.0,0.0,1.9117749,1.2361723,0.0,0.0,1.2684811,2.0595243,0.0,0.0,0.0,0.0,0.0,7.922721,0.0,0.0,0.0,1.9502448,0.0,0.0,0.0,0.0,0.0,0.0,0.0,0.62593704,0.0,3.7471528,2.6262393,0.17090158,0.0,0.0,0.0,1.7649767,1.2809248,0.0,0.0,0.0,0.32700163,0.0,2.3716729,1.3891716,0.0,0.0,0.14672557,0.0,0.0,0.0,0.2746522,0.23053004,0.32812834,0.0,0.4238689,0.0,1.4974127,0.0,0.0,1.4932896,0.0,0.7071946,0.0,0.0,0.0,0.0,2.9423873,0.0,2.1439223,0.3337812,2.9218707,0.0,3.2545516,2.1996753,3.8206909,0.0,2.7768755,0.0,0.0,4.979332,2.5453954,0.5469762,0.0,0.0,0.0,1.2933264,0.0,0.0,2.110359,0.33232787,0.36796144,0.38698366,0.0,0.0,0.0,0.2085751,0.4738498,0.0,0.0,1.5774434,1.3750829,0.0,0.0,0.0,0.0,0.0,0.0,3.0839386,0.0,1.943999,0.6158043,2.6386468,0.0,1.0399963,0.0,1.5763015,1.9867091,0.0,4.679374,1.2725828,0.0,0.0,0.0,0.0,0.89661884,0.0,1.5026609,0.0,0.0,0.0,0.0,0.0,0.0,0.0,0.0,1.6906601,0.0,0.41123715,1.2850885,0.8599599,0.0,0.0,0.93988466,0.0,2.2980082,1.7898276,0.0,0.0,1.7922981,0.0,0.0,0.0,0.24339488,1.4597664,0.20487005,0.0,0.0,0.0,0.07651968,3.42503,2.4486814,5.492424,0.37067205,0.27932712,0.022352416,0.0,0.5190657,0.51531976,1.5340437,1.693803,0.6160389,0.0,1.5094833,0.0,1.1553496,0.0,0.0,0.0,0.0,0.0,1.6572592,2.5082674,0.0,2.13605,0.09027354,0.0,0.0,1.9592,0.78208935,SIDM00598
ACH-000840,3.5643044,5.8154488,0.6637533,0.0,2.3846443,1.1749285,0.05067005,0.0,3.0926468,0.0,0.3960241,0.0,3.8230853,0.0,0.0,0.9252268,0.89812505,0.40440187,0.71527326,3.0995033,0.0,0.68305254,1.1163347,2.993576,3.8877878,2.6073475,1.3431674,1.2602593,0.0,1.1916469,0.0,1.7014089,5.6819425,1.530797,0.35314018,0.8380413,0.0,1.0241752,0.0,0.0,0.107185625,0.0,0.30688563,0.0,0.0,0.68653756,1.1368427,2.5992842,2.318255,0.0,0.0,0.0,0.93694496,0.0,0.0,0.0,0.0,0.0,0.0,0.0,0.0,0.71945655,0.0,0.0,0.0,0.0,1.6304743,0.7035377,0.7841927,0.8334709,0.0,0.0,1.0029578,3.700396,0.0,1.5865908,0.65500814,2.9121315,0.0,0.0,0.0,1.8598217,0.0,0.0,2.1382473,0.0,0.0,0.34726703,0.0,0.0,0.0,0.9373412,0.0,0.0,0.4429456,0.0,2.2124958,0.18053667,0.0,0.0,0.0,0.0,0.0,0.0,0.0,0.0,1.2751802,0.53840524,0.82591456,0.0,0.0,0.6179443,0.0,0.0,0.0,0.49577627,4.025298,0.0,2.2662501,0.43502635,1.745439,0.0,2.789959,0.0,0.4523313,0.0,1.0839835,0.0,0.75420785,0.0,0.0,0.0,0.0,0.4495171,0.47874194,1.4405372,0.0,0.0,2.63209,0.0,5.1785417,3.8444438,3.3637826,0.0,3.2132535,1.420236,1.1572895,0.0,0.36126503,5.6446257,3.7577682,0.030889245,0.0,0.0,1.6103644,1.2205759,0.3388511,0.0,1.0066038,2.3558514,0.0,0.10012643,2.645648,0.0,1.670345,0.0,0.0,4.1165586,0.0,1.1883119,0.0,0.0,0.29039252,0.0,0.34479228,0.0,1.1061368,0.0,0.0,0.0,3.002658,0.0,0.0,1.633894,0.0,0.0,0.7795122,0.6554638,1.9499856,0.8408624,0.09997354,0.4074217,3.7207205,1.9861983,0.0,0.0,0.0,1.3832387,0.0,6.1480794,0.4783858,0.0,0.0,0.0,0.0,0.0,1.9867059,0.0,0.91009706,1.8323433,0.0177399,0.0,0.0,0.0,0.0,1.0126138,0.9902368,0.5102655,0.53616375,0.0,0.0,0.0,2.1156228,3.4302986,2.6880465,0.0,0.5155878,0.0,0.0,0.0,0.43033886,1.9617585,1.2757062,0.0,1.2432213,0.0,0.0,0.0,1.3689721,0.0,1.7493358,0.11660079,0.0,0.0,2.0548944,0.7056786,1.9329236,0.0,0.0,0.17126232,0.0,4.1966057,0.77673525,0.0,0.79322135,0.0,SIDM01070
ACH-000667,0.0,0.0,2.0265844,0.0,1.5148797,0.0,0.0,3.1843786,0.0,7.1588593,0.21449451,0.0,0.0,0.0,4.9738216,1.4218075,2.9593897,0.0,0.0,2.8198788,1.0211428,3.5150063,0.0,1.904656,0.0,0.0,1.7501868,0.0,0.0,0.0,0.0,0.0,0.0,0.0,0.0,0.0,1.7535913,0.0,3.2352247,0.0,2.0147412,3.366557,0.0,1.6336282,0.0,0.0,7.2474623,0.0,0.0,0.9894839,0.0,0.0,0.0,0.0,1.0486925,0.046169046,5.251323,7.894715,0.0,1.0329883,0.9391384,0.1290746,0.0,6.6397457,0.0,2.9415376,0.0,0.0,9.028446,0.0,0.0,6.741443,2.6588087,0.0,0.0,3.222097,0.0,0.0,0.0,0.0,0.0,3.5465386,1.9264107,0.0,0.18384796,0.0,0.0,0.0,0.0,0.0,0.0,0.0,0.0,0.0,4.794537,0.0,0.0,0.0,3.7702703,0.0,0.0,3.7845197,3.3464274,3.829904,12.019449,0.0,0.0,7.2920947,0.0,9.444134,4.681402,2.8772314,0.0,0.0,5.0213513,0.0,0.0,5.215955,0.0,0.0,0.30370414,0.0,0.0,0.0,0.0,0.0,0.0,7.1416516,0.0,0.0,0.0,0.0,0.0,1.3500736,0.0,0.7941795,0.0,0.0,0.0,0.0,0.0,0.0,0.0,0.0,0.0,0.0,0.0,1.8690476,0.13968961,0.0,0.0,0.0,0.37069327,0.0,0.0,0.06312563,2.4270682,0.0,0.0,0.0,0.0,2.2357366,0.0,0.0,0.0,0.0,0.0699526,3.971307,1.9573853,0.0,0.0,1.54122,2.3393314,0.0,2.6244988,2.4246306,0.4424904,0.0,0.0,0.0,0.0,0.0,0.0,0.0,0.0,7.440217,2.876451,0.0,0.0,0.0,0.0,0.0,0.0,0.0,0.0,0.0,0.0,0.0,0.84979683,0.0,0.0,0.0,3.4673905,0.0,0.0,1.7823664,4.1895223,0.0,0.0,0.7744522,3.4888728,5.2447963,3.7175188,5.521359,2.5662754,0.0,0.0,0.053431466,0.0,0.0,0.0,6.8112698,0.0,0.0,0.0,0.42992565,2.3854039,0.0,3.5750313,0.0,1.79054,9.48004,3.3981981,0.0,2.237609,0.0,10.03371,0.0,0.0,0.0,2.677164,4.456075,0.0,0.36002457,0.0,2.5089078,0.0,0.0,0.0,0.16886112,2.6101003,0.0,1.8851957,0.0,0.42877126,2.6695368,SIDM01069
ACH-000015,0.0,0.0,0.0,0.23079504,0.0,5.3523283,0.0,0.9937232,0.0,0.0,0.0,0.0,1.453193,0.64486694,0.0,0.0,3.5204213,0.0,0.0035048188,0.0,0.40575415,0.0,0.0,0.84283656,0.0,0.0,0.0,0.0,1.5398417,1.8704056,6.9621425,0.0,0.0,0.0,0.0,4.3614473,0.0,2.0287955,0.0,0.0,0.0,0.0,0.0,0.92806745,0.0,0.0,0.0,0.87560636,0.0,1.6374217,0.0,0.0,0.0,0.0,0.0,2.9978778,0.0,6.0927854,0.0,0.5085459,3.8614306,1.4911308,0.0,1.6705033,0.0,0.0,3.3734791,6.4451456,0.0,0.0,0.0,0.0,0.0,7.352407,0.0,1.9479427,1.9662752,0.0,2.788545,2.6636813,0.0,0.0,5.468234,0.0,0.0,4.8619556,1.1950198,0.0,0.0,9.815364,0.17685905,0.66286635,0.0,1.38971,0.0,0.0,0.7247157,0.0,0.0,0.0,0.0,0.0,0.0,4.625062,0.0,0.0,0.0,0.0,4.344978,0.0,0.0,2.9515517,0.41892287,0.5878954,0.9433624,0.0,0.0,0.0,0.0,10.195967,0.0,0.0,0.0,0.0,2.556745,0.0,1.4689753,0.0,2.3364372,0.0,0.0,4.8496876,3.1546373,3.3110087,4.918761,0.0,0.47128376,0.0,0.0,0.0,0.0,0.0,1.9343845,0.0,0.0,0.0,0.0,0.0,0.02148975,0.5134022,0.84762144,0.0,0.0,0.5286779,2.9824507,0.0,0.0,0.0,0.0,0.0,1.4619668,0.0,5.8525734,0.0,0.0,0.0,0.7289769,0.0,0.0,0.0,4.0037975,8.121496,0.0,0.0,0.0,0.0,0.0,2.6503506,5.124983,0.0,0.0,5.2146697,1.2677709,0.0,5.8199763,0.0,0.0,0.0,0.0,0.6355829,2.3518226,0.0,0.0,0.0,0.0,1.4351718,0.0,0.26423326,0.0,0.0,0.0,3.135706,1.7837534,0.0,2.2499216,0.0,0.0,0.0,0.0,0.0,1.5452857,1.7257267,0.0,0.37827593,5.4114513,3.8019793,0.0,0.0,5.430563,0.0,0.0,0.0,4.5077615,0.0,0.0,1.4337659,8.460907,2.9250395,9.111936,0.0,1.3376597,0.0,0.0,1.58147,7.438807,0.0,0.0,0.0,0.0,0.0,0.1630391,1.5853815,0.0,0.5160754,0.0,0.0,0.0,2.257709,0.0,0.0,2.9973133,0.0,0.0,0.0,1.9431531,4.079007,SIDM00748
ACH-000666,0.5889473,0.0,0.0,0.0,0.0,1.1363884,0.0,0.0,0.0,0.0,0.0,0.0,0.0,0.0,0.0,0.0,0.0,0.0,0.0,2.317793,2.1052542,0.0,0.0,0.0,3.4107692,2.2844093,0.0,0.0,2.7275794,0.0,2.5462317,0.0,4.1653047,4.632338,0.0,5.4105625,0.31104633,4.4237933,0.8346457,0.0,0.0,0.0,1.536483,0.08890006,0.0,0.0,6.306671,1.6011593,0.0,0.0,5.0386906,0.0,0.0,0.5510466,0.0,4.096405,3.0750334,0.0,0.0,2.3776343,0.0,0.0,0.63596135,0.0,0.52630216,3.3527591,0.0,0.47643015,0.47338688,0.0,0.0,0.0,0.17408903,2.5846975,0.11910693,0.0,5.5750127,0.95565444,0.0,0.0,0.0,0.0,0.0,1.8317406,0.0,0.0,1.7034323,0.0,0.0,6.366687,0.33782265,0.13733193,0.0,0.0,0.0,0.0,0.0,0.0,0.0,0.23776728,0.0,0.0,0.0,0.0,0.0,0.0,0.0,2.8713992,0.0,0.384832,0.0,1.8909823,1.4391974,0.0,0.0,0.0,0.37510902,0.044375718,1.1978575,0.0,0.0,0.0,4.110639,4.470418,1.6595957,0.0,0.8716638,0.0,1.1729734,1.910667,0.0,0.0,3.5910232,0.0,0.6143698,0.0,0.19729601,0.0,0.0,0.0,0.0,0.450287,4.2057333,0.0,0.0,1.4843713,0.0,0.0,0.0,2.824401,1.7109079,0.0,0.0,0.0,0.0,0.0,4.261296,0.18827146,0.0,0.0,0.0,0.13486953,0.0,1.4876873,4.477585,0.0,0.0,2.6840057,0.0,0.0,3.6298046,0.31904337,2.66303,0.0,0.0,0.0,0.0,0.0,0.0018480206,0.0,0.0,0.0,0.0,0.4562538,0.0,1.2867564,0.0,0.0,0.42139953,0.0,0.0,0.0,0.0,1.5361147,0.0,0.0,0.0,2.2665715,2.9667163,2.4242435,1.0696616,0.0,0.0,0.0,0.0,0.0,0.9798273,0.0,0.41613823,0.0,0.74451727,0.0,0.0,2.4665825,0.6768123,1.6407515,0.0,0.0,0.0,4.2728157,0.0,2.6363823,0.0,2.248826,0.0,0.75083727,1.233881,2.1010828,3.5618196,0.0,0.20099044,0.0,0.0,1.9426742,0.9393421,0.0,0.0,0.0,0.0,0.0,5.2222714,0.18857762,0.0,0.0,3.3994546,0.0,3.9750955,0.0,2.7772272,0.0,0.0,0.0,0.0,2.916496,4.174689,0.0,SIDM00645
ACH-000900,0.0,1.5956545,0.0,0.0,0.0,2.9306018,0.0,0.59894544,0.0,2.8962195,0.0,0.0,0.0,0.0,0.0,0.0,1.9899296,0.0,0.0,1.0812559,6.1166897,0.0,0.0,0.87870574,1.1879328,0.0,1.0187703,0.0,2.5258007,1.2323123,0.08111974,0.0,0.0,0.0,2.0122216,3.4820971,1.5684423,3.748384,0.0,0.0,0.0,0.0,0.0,1.6614908,0.0,0.0,4.7660236,0.0,0.0,0.12965447,0.084695615,0.0,0.0,0.0,1.9955771,2.760881,0.89116216,5.303005,0.0,1.8763021,0.85899943,0.0,0.0,1.6029083,0.0,3.7537768,3.356961,0.8815743,3.0493546,0.0,0.037015703,0.0,3.2807457,4.023031,0.0,2.4160886,1.9598999,0.0,0.0,0.0,0.0,0.0,5.2445416,0.0,0.0,0.0,1.730224,0.0,0.0,2.742296,0.0,0.0,0.0,2.0083137,0.0,0.0,5.1315207,0.0,0.0,0.0,0.0,0.0,4.332167,4.0399466,0.3317896,0.0,0.0,1.7878249,0.0,2.663311,0.0,1.4824605,0.0,0.0,2.3982322,0.0,2.343279,0.0,1.06051,6.920554,0.0,0.0,0.0,0.0,5.375332,0.0,0.0,0.0,6.4950666,0.0,0.0,2.752443,1.1286058,2.2799237,1.1393931,0.0,0.0,0.0,0.0,2.003789,0.0,0.0,2.9236097,0.0,0.0,0.0,0.0,0.0,0.426626,0.28803533,0.0,0.0,0.0,0.0,0.0,0.0,2.1291337,0.0,0.0,0.0,0.0,0.0,4.2449923,0.8863346,2.8738887,0.0,0.8291363,0.0,0.0,0.0,1.686829,6.2574997,0.0,0.0,0.0,0.0,0.0,0.0,1.4943206,0.0,0.0,0.24228403,2.919729,0.0,3.034467,4.653975,0.67008984,0.0,0.0,0.42314944,0.0,2.256293,1.0973554,0.45263636,0.0,0.0,0.0,3.7661135,0.0,0.34695783,0.0,0.0,0.116386704,0.0,0.5292556,0.0,1.2038262,1.740695,0.0,0.070559755,1.0569472,5.361953,0.0,2.920625,3.475346,1.6997802,0.0,0.0,4.02415,0.19459984,0.8402047,1.7710022,1.4175457,4.1212454,0.0,2.3992429,3.527253,0.2062398,7.935686,0.0,2.456819,0.0,0.0,0.0,10.24109,0.0,0.64609605,0.0,0.0,0.0,0.50112045,3.5790558,0.0,1.4009022,0.0,0.0,0.0,0.0,1.6083694,0.0,0.0,0.0,0.0,0.0,2.7626035,7.3293395,SIDM00138
ACH-000718,0.0,1.3141203,2.0474403,0.0,1.5827304,0.0,5.321969,0.0,0.59336823,0.0,0.023034498,5.32463,0.0,0.0,4.0780697,4.908419,1.5123296,0.0,0.0,0.0,0.0,2.4224257,12.083264,1.9016687,0.0,0.0,0.66548854,0.0,0.0,0.0,1.1690445,2.3701372,0.0,0.0,0.0,0.0,0.0,0.0,0.0,0.0,8.467647,3.3276722,0.5442803,0.0,5.5905557,1.8969196,0.0,0.0,2.8124177,0.0,2.6356733,0.0,1.252527,0.0,2.9054213,0.0,1.7093241,0.0,2.4672496,0.0,7.657156,2.8551335,0.0,0.031906806,0.0,0.0,0.0,0.0,0.0,0.0,6.127253,0.0,0.0,0.0,0.78702617,0.2940311,0.0,0.0,1.0923074,0.46822718,2.7989206,3.4565334,0.0,1.8766254,0.0,1.4299109,0.0,3.5022106,2.1421583,0.0,0.0,0.0,0.0,1.0383697,0.5925943,4.922839,0.0,0.0,2.5679488,4.605058,0.0,0.0,2.629461,0.0,0.0,0.0,2.1200974,0.0,0.20320185,1.6607908,1.7328078,0.0,0.0,0.0,0.24370688,1.287153,0.0,0.5229662,0.0,0.0,0.9662757,0.0,0.0,0.0,0.0,5.607152,0.0,0.0,0.0,0.0,3.0614586,0.0,0.0,0.0,0.0,0.0,0.0,0.0,0.0,2.6246562,0.048734315,0.0,0.0,0.0,2.3789608,0.0,0.0,0.0,0.73307604,0.0,0.0,0.0,0.0,0.2568916,1.0205176,0.0,0.7277696,1.3093336,1.0373125,10.343919,4.4621572,0.0,0.0,0.0,0.0,6.6713586,0.0,0.0,4.4523573,0.7806136,0.0,0.28833595,2.1407588,3.6471379,0.5689604,3.700944,0.0,2.4150383,0.0,1.154651,3.6661596,0.0,0.0,0.0,4.0042562,0.0,0.9714929,5.823776,7.3479614,0.71255034,0.95504916,3.12943,0.0,0.0,1.6735424,1.3116475,0.0,4.291851,1.2304868,0.0,1.0123436,0.0,0.15614502,10.425914,0.0,0.0,0.0,3.0163534,0.7336208,0.0,3.4664266,0.0,8.44734,0.0,0.34681296,0.0,1.5475167,1.7253135,0.0,0.0,0.6607939,0.0,0.0,0.0,8.977681,2.5853574,0.0,0.0,0.0,0.0,0.0,0.2692569,0.0,0.0,0.0,1.4383148,0.0,1.9046468,0.92909044,2.034425,0.0,2.168478,0.541105,3.2185507,0.0,3.025728,0.0,0.0,0.0,3.5669866,0.14675485,2.7085483,0.0,6.0092297,0.0,2.5348444,SIDM00728
ACH-000121,4.109829,4.4182663,0.7318835,0.0,2.3727756,0.0,0.0,0.0,2.2480931,0.0,0.2696083,0.0,3.2342193,0.0,0.0,0.0,0.0,0.46643496,0.0,3.569083,0.0,0.0,0.0,1.7312528,4.121681,4.100819,1.4274411,2.5495472,0.0,1.234853,0.82772595,1.9345478,6.547661,3.117034,0.0,0.8317856,0.0,1.2365941,0.0,0.0,0.0,0.0,0.61006016,0.3071058,0.0,0.99051046,0.8798845,2.85718,1.7851021,0.0,0.0,0.78352886,0.5209142,0.0,0.0,1.3226863,0.0,0.0,0.0,0.2110379,0.0,0.03267064,0.0,0.0,0.0,0.0,0.0,1.6301367,0.31242904,0.5828777,0.0,0.0,0.0,3.7604086,0.3544075,1.1742502,2.4777873,2.8648372,0.026923185,0.0,0.0031166794,2.5147433,0.0,1.6328042,3.198447,0.0,0.0,0.0,0.20445429,0.08301321,0.0,2.20553,0.0,0.0,0.9397202,0.0,0.0,1.1882896,0.0,0.34290245,0.0,0.0,0.0,0.0,0.0,0.0,1.1661147,1.500636,0.88103276,0.0,0.0,0.34440035,1.3843496,0.0,0.0,0.0,3.1345673,0.0,1.8963568,0.0,0.7188354,0.0,4.298532,0.98260486,0.0,0.0,2.0224795,0.0,0.37571412,0.916785,0.3835313,0.0,0.38579673,0.0,0.0,2.1662316,0.119200066,0.0,0.31320915,0.0,3.9008882,4.732796,3.9538682,0.6392493,0.0,1.7462422,2.6274729,0.0,0.0,5.878937,5.0448256,0.0,0.0,0.0,3.1870832,1.9046358,1.3024745,0.0,2.2444696,0.0,0.0,0.22509153,0.6628725,1.1650838,0.67110026,0.0,0.0,4.8727145,0.0,2.379958,0.0,0.0,1.5194857,0.0,1.5699785,0.0,1.6592095,0.0,0.0,1.5442718,2.7255363,0.0,0.0,1.795939,0.0,0.08534296,0.0,0.33761865,2.1035068,0.0,0.97774154,0.0,2.0199316,2.8139472,0.0,0.0,0.0,0.87726516,2.116743,4.8806586,2.2684386,0.0,0.0,0.0,0.0,0.049738858,2.404055,0.0,0.81596,0.6181491,0.0,0.0,0.0,0.0,0.0,0.51842016,0.93787146,2.2781658,0.0,0.0,0.0,0.0,1.4789988,1.6917678,1.4129431,0.0,0.0,0.0,0.0,0.0,1.2561044,2.330054,1.2932888,1.0978742,0.0,1.0745279,0.0,0.0,3.053177,0.0,4.1693263,0.0,0.0,0.0,2.6678584,0.7641326,3.4629855,0.0,0.0,0.0,0.0,3.25062,1.2501081,0.14750262,2.2176359,0.0,SIDM00724
ACH-000781,0.0,0.0,0.09313735,0.0,0.6634878,0.0,0.0,0.0,0.0,0.30385816,0.0,0.0,0.0,0.0,0.0,0.0,0.0,0.0,0.0,1.6966618,2.7300332,0.0,0.0,0.10420218,2.566797,0.86705875,0.0,0.0,1.6715391,0.0,0.2535179,0.0,1.937472,3.567289,0.0,5.8045855,1.9859513,2.8374577,0.3299147,0.0,0.0,0.0,0.39368743,0.66786206,0.0,0.0,7.8266115,0.0,0.0,0.0,5.6136436,0.0,0.0,0.20161158,0.0,5.913501,6.9552608,0.0,0.0,3.6499271,0.0,0.0,0.009360987,0.0,1.1693226,6.040339,0.0,0.0,1.1727991,0.0,0.0,0.0,0.12655658,0.3436911,1.5067793,0.0,5.713325,0.030601114,0.0,0.0,0.0,0.0,0.0,3.3363695,0.0,0.0,2.579355,0.0,0.0,3.8294406,0.30913958,0.0,0.0,0.0,0.0,0.0,0.0,0.0,1.4584066,0.0,0.0,0.0,0.0,0.0,0.2922961,0.0,0.0,3.2344012,0.0,1.0205187,0.43712527,1.9198314,1.1126583,0.0,0.0,0.0,0.19982581,0.3405235,0.0,0.0,0.0,0.0,5.66721,6.890266,0.0,0.0,0.22080423,1.1491547,0.38794768,2.669884,0.9886795,0.0,3.3331406,0.0,0.0,0.30062336,1.1952662,0.0,0.0,0.0,0.0,0.0,3.5785062,0.0,0.0,0.46171063,0.0,0.0,0.0,1.9597361,1.3690894,0.0,0.0,0.0,0.0,0.0,4.6994247,1.8003002,0.0,0.0,0.0,0.52715117,0.0,2.3288057,3.7151477,0.0,0.0,4.3016496,0.0,0.0,1.6180737,0.9203144,3.0345488,0.0,0.049031887,0.0,0.0,0.0,0.0,0.0,0.0,0.0,0.0,0.0,0.0,3.8413284,0.0,0.99731314,0.0,0.0,0.0,0.0,0.0,0.788725,0.0,0.0,0.0,1.0725068,5.340388,0.90660226,0.0,0.0,0.0,0.0,0.0,0.0,1.4499207,0.0,0.83437943,0.0,2.264073,0.0,0.0,4.251232,1.6062877,1.2422442,0.0,0.0,0.0,6.2907815,0.0,5.0169435,0.0,2.440095,0.0,1.9282404,1.2785249,3.5612724,4.6792593,0.0,0.92625874,0.93678457,0.41997656,1.8201414,0.0,0.0,0.8532357,0.0,0.0,0.0,5.516655,0.60438454,0.33289626,0.0,1.7161452,0.0,5.4574547,0.0,5.5333476,0.0,0.0,0.0,0.45333424,2.9237437,2.9097438,0.0,SIDM00753
ACH-000747,1.3038461,2.4972425,0.0,0.0,0.0,3.3044546,0.0,0.87086076,0.0,0.0,0.37960494,0.0,1.2153215,0.0,0.0,0.0,4.542146,0.0,0.0,1.6280457,5.0044317,0.0,0.0,1.822106,0.673118,0.0,1.877049,0.0,1.0967212,2.2724571,1.7703347,0.0,0.028148266,0.0,1.0932084,2.8402843,0.3643671,4.1174474,0.0,0.0,0.0,0.0,0.0,1.6649991,0.0,0.0,2.2554612,0.0,0.0,1.7896447,0.0,0.0,0.0,0.0,0.5461375,2.646235,0.0,4.246076,0.0,1.3238825,2.2759771,0.0,0.0,1.5711809,0.0,1.0455028,4.5491304,3.0361443,0.0,0.0,0.6274049,0.0,1.2959391,7.0551553,0.0,3.371236,2.0558193,0.0,0.0,0.09807243,0.0,0.0,5.125406,0.0,0.0,1.1269082,1.4513323,0.0,0.0,3.5946937,0.05737456,0.0,0.0,2.0599124,0.0,0.0,4.3554363,0.0,0.0,0.0,0.0,0.0,2.953919,3.411057,0.0,0.0,0.0,1.8483075,0.0,0.6863298,0.0,1.4638418,0.0,0.0,1.5759424,0.87883425,2.752604,0.0,1.1703328,7.904788,0.0,0.0,0.0,0.0,3.0471687,0.0,0.38225138,0.0,5.18623,0.0,0.0,2.115997,0.32228953,2.6921055,2.7029855,0.0,0.0,0.0,0.0,0.21485159,0.0,0.0,3.3965845,0.6554313,0.6552531,0.0,0.0,0.0,1.139961,2.4203475,0.0,0.0,0.0,0.0,0.0,0.0,1.8609283,0.0,0.0,0.0,0.0,0.0,6.5750165,0.0,0.74545455,0.0,0.28632474,0.20985706,0.0,0.0,2.9754343,7.197592,0.0,0.07001656,0.0,0.0,0.0,0.0,1.3659914,0.0,0.0,1.0886533,2.585389,0.0,3.7549126,1.5055102,0.0,0.0,0.0,0.0,0.0,0.7261164,1.8541994,0.40822688,0.0,0.21695086,0.0,3.0442033,0.0,1.5491503,0.0,0.0,0.3027848,0.0,0.67974627,0.0,2.1271548,0.0,0.0,0.0,1.5074939,4.15777,0.0,3.0575323,4.626175,2.6432323,0.0,0.0,4.4140253,0.0,0.6472556,0.17239377,3.9571683,3.5629473,0.0,1.0474651,5.5989738,0.2781054,7.616886,0.0,1.6193677,0.0,0.0,0.37963384,10.296599,0.0,0.0,0.0,0.0,0.0,1.2626804,2.7860317,0.0,0.0,0.0,0.0,0.0,0.0,0.0,0.0,0.0,0.0,0.0,0.0,2.322879,5.028322,SIDM00740
ACH-000438,0.0,0.0,1.6259159,0.0,3.19536,0.0,2.042595,1.3506476,1.322525,0.37191975,0.0,3.3518784,0.16353434,1.4567293,1.726186,0.0,0.0,0.0,0.0,0.7144827,0.16449225,0.0,0.0,0.0,0.0,1.0845695,0.0,0.22729702,2.2669468,0.0,0.07662397,1.911398,0.0,0.38958013,0.7097034,1.2818837,5.4358516,0.0,1.3346022,6.164673,2.1360207,0.0,1.649386,0.384167,0.0,0.0,1.7752451,0.0,0.49882606,0.11074192,2.6533198,0.0,0.0,2.5995922,0.0,1.6392568,5.6030936,0.0,0.0,3.0236487,0.021688653,0.0,3.7479126,1.3414003,1.945384,1.6975152,0.0,0.0,3.213291,0.0,1.3208071,0.6519483,0.83181787,0.0,4.325124,0.0,0.0,0.60767376,0.0,0.0,0.0,3.1057668,0.0,7.2171726,0.533806,0.0,1.1628397,0.0,3.8891222,0.0,4.082277,0.0,0.0,0.0,0.0,0.33181345,0.0,0.0,4.767441,0.0,4.341959,2.9968307,0.0,1.0871841,3.0287051,0.0,2.6709194,0.0,0.0,4.014666,4.400297,0.85820717,0.0,0.0,5.214689,0.0,0.0,0.9241718,0.0,0.0,0.0,0.0,2.9972653,3.053922,0.0,1.1588669,0.0,4.27354,0.0,3.474146,1.3141845,0.0,0.63493115,0.0,0.0,0.0,0.5385744,3.5205975,0.0,0.0,0.0,0.0,0.0,0.0,1.0500305,2.859507,0.0,2.0575593,0.0,0.0,0.0,0.0,0.0,0.0,0.0,0.32984957,0.0,4.724845,1.317849,0.0,3.719739,2.1936076,0.0,1.2777354,0.0,3.4347584,0.23450394,0.30210248,1.8183391,0.0,0.0,2.0637765,0.36442807,0.0,0.0,2.7737913,0.046449974,0.0,0.0,4.341918,0.0,0.0,0.0,0.0,0.0,1.4533145,0.0,0.6974165,1.0607919,0.0,0.0,0.0,0.0,0.0,0.7971663,0.0,1.5635495,0.0,4.4250536,0.0,0.0,0.0,1.8181403,0.0,0.0,0.0,0.13315943,0.32481796,1.6397997,0.0,0.45591933,2.100866,2.7314677,2.1628523,0.0,0.0,0.0,0.0,0.0,2.8785353,0.0,0.42945325,0.0,0.0,0.0,2.8951018,0.46342856,0.76360804,0.0,0.0,0.0,3.477357,0.7051445,0.20526406,0.0,3.403636,0.0,0.0,0.0,0.42763796,0.9900884,0.0,3.8309567,0.7336575,0.0,1.3481411,4.8239484,0.0,3.0019324,2.521476,0.0,0.0,4.2258472,1.370101,0.0,0.0,SIDM00547
