DRUG_NAME,0,1,2,3,4,5,6,7,8,9,10,11,12,13,14,15,16,17,18,19,20,21,22,23,24,25,26,27,28,29,30,31,32,33,34,35,36,37,38,39,40,41,42,43,44,45,46,47,48,49,50,51,52,53,54,55,56,57,58,59,60,61,62,63,64,65,66,67,68,69,70,71,72,73,74,75,76,77,78,79,80,81,82,83,84,85,86,87,88,89,90,91,92,93,94,95,96,97,98,99,100,101,102,103,104,105,106,107,108,109,110,111,112,113,114,115,116,117,118,119,120,121,122,123,124,125,126,127,128,129,130,131,132,133,134,135,136,137,138,139,140,141,142,143,144,145,146,147,148,149,150,151,152,153,154,155,156,157,158,159,160,161,162,163,164,165,166,167,168,169,170,171,172,173,174,175,176,177,178,179,180,181,182,183,184,185,186,187,188,189,190,191,192,193,194,195,196,197,198,199,200,201,202,203,204,205,206,207,208,209,210,211,212,213,214,215,216,217,218,219,220,221,222,223,224,225,226,227,228,229,230,231,232,233,234,235,236,237,238,239,240,241,242,243,244,245,246,247,248,249,250,251,252,253,254,255
Camptothecin,-0.5071002,0.13619317,-0.6533369,0.071224384,-0.28820926,-0.37254494,-0.43379417,0.16771348,0.6397352,0.4769654,0.4105485,0.10431873,0.65516406,0.3946396,0.16303779,-0.06364869,0.74517536,-0.2589552,-0.062367164,-0.18687044,-0.25349644,-0.45927987,0.17217486,-0.28843826,0.23379153,-0.13009141,-0.04333914,0.15257128,0.055235926,-0.44798803,0.27139956,0.16706485,0.22006199,-0.15645681,-0.27314374,-0.5116425,0.08127989,0.31245276,-0.41762877,0.22419561,0.06334512,-0.32304463,0.49506003,-0.38790002,-0.4678911,-0.07289893,-0.13323331,0.46589738,0.56868464,-0.46393707,0.5029307,-0.26654494,0.08010899,-0.546161,0.18959787,0.49172089,-0.1205753,0.47266614,-0.4191887,0.23688582,0.50241524,-0.3861389,-0.1635623,-0.39072806,1.0470886,-0.16276763,-0.07401473,0.0050325347,0.5939152,-0.041528966,0.07913068,-0.5816912,-0.072163425,-0.01354225,-0.23905629,-0.26829463,0.017436977,-0.012072934,-0.5131424,-0.53358597,0.04127958,-0.09800287,-0.3829119,-0.17084071,-0.16852352,-0.26348403,0.2128732,-0.5574103,-0.23127392,0.44119784,0.14981246,0.16120599,-0.5084804,-0.2602878,0.13346711,-0.24128272,0.22466367,0.51570284,0.42059982,0.06479092,0.24116899,-0.0081721945,-0.49851498,0.21015106,-0.29788837,-0.48642004,-0.2659046,0.83654696,-0.13044022,-0.41524833,0.38488197,-0.1821309,-0.2649197,0.34305862,-0.24294654,0.24567367,0.53796613,0.13781151,-0.16499002,-0.8415059,0.21829939,0.08404674,-0.33441624,0.12686576,0.38850927,-0.07328905,-0.20391816,-0.2996904,-0.12341347,-0.5705203,-0.33063534,0.078544095,0.02979087,0.07799395,-0.41437116,0.03810564,0.38037586,0.05803267,-0.25288144,1.0847751,0.23884885,0.43993533,0.0382325,-0.25717613,0.10614117,0.50078446,-0.6981332,0.14306869,-0.24860317,-0.16126584,0.7027051,0.7697054,0.15076454,-0.26758906,-0.027975775,0.057512864,-0.1523642,0.21372706,-0.1528876,0.025207741,0.53882945,-0.64396626,0.7479087,0.18402897,0.18998316,0.34664616,-0.13890773,-0.025964744,0.16971344,0.76444477,0.33689845,-0.44212836,0.19127351,0.35173035,0.08189057,0.1398049,0.03272703,-0.6295685,0.039965753,-0.41572872,-0.51149404,-0.03385531,-0.47247407,0.15907477,-0.22006798,0.16256818,0.30940154,-0.19579409,-0.56652397,0.14786461,-0.9264885,-0.07897275,-0.43351835,-0.31935912,1.0545247,-0.6684709,-0.082472675,0.037916325,0.19535686,-0.19224891,1.2244922,0.23600093,0.5113053,-0.45933452,-0.08278423,0.494211,-0.090119466,-0.31652987,-0.51981896,0.11023888,0.74201494,0.4246351,-0.32920375,0.1840376,0.33541235,0.39008597,-0.004495841,1.046922,0.6046838,-0.45927078,-0.42665258,-0.36142942,0.17297937,-0.56937844,0.5791105,-0.47777033,0.9523124,-0.12068669,0.48045266,-0.24240753,-0.11678526,0.5460952,0.3645838,-0.12329331,0.18999484,-0.31322238,0.0315579,0.17163922,-0.056843463,0.06409741,0.04716503,0.18168259,-0.3616199,0.3742948,-0.0034043817,-0.040267687,0.053281203,0.46609133,-0.19135109,-0.17620517,-0.36295763,0.07096465,0.009566409,0.619715,-0.38259166,0.53122085
Vinblastine,-0.5071363,0.13194191,-0.6169727,0.06362837,-0.30135748,-0.3998676,-0.41562694,0.2011369,0.6610103,0.45834532,0.42108104,0.115330584,0.66081166,0.39188838,0.16006492,-0.0700385,0.7423925,-0.26894554,-0.09591368,-0.18692912,-0.24954183,-0.45635682,0.16232099,-0.2626802,0.2504329,-0.12133913,-0.03669394,0.14664789,0.0406182,-0.42593855,0.27397522,0.15853629,0.21163757,-0.15245189,-0.27339926,-0.5261418,0.05506484,0.3170233,-0.43952888,0.21900223,0.037543755,-0.33888525,0.52429414,-0.4101459,-0.482929,-0.086099625,-0.15127023,0.4786246,0.56284237,-0.46632984,0.54178596,-0.2327393,0.081048675,-0.5152136,0.21547776,0.5107922,-0.103423424,0.46349597,-0.3862963,0.21966664,0.52084136,-0.39108852,-0.15829295,-0.39160886,1.0209328,-0.16843925,-0.057726674,-0.00069931464,0.57816,-0.057279456,0.09231181,-0.5917999,-0.10386151,-0.022405606,-0.26263237,-0.2725533,0.025666133,-0.00055135763,-0.53190875,-0.55141354,0.0145852,-0.08535714,-0.35522574,-0.19080995,-0.15286817,-0.2658356,0.22905642,-0.5918822,-0.22996838,0.43660292,0.17630824,0.15735155,-0.4947666,-0.2503204,0.13849893,-0.2460213,0.21449417,0.48663992,0.40076327,0.070601255,0.25835335,-0.024711585,-0.48925513,0.24972624,-0.29599735,-0.5059386,-0.24978948,0.8023561,-0.13702238,-0.40946335,0.3626644,-0.16467746,-0.24749789,0.34211716,-0.2623611,0.25229213,0.5100463,0.12489517,-0.17133662,-0.8632193,0.21670818,0.07515155,-0.3387281,0.14924723,0.40078425,-0.11215547,-0.20977385,-0.3138681,-0.12197129,-0.6074872,-0.33167118,0.07137317,0.03765077,0.07720977,-0.42043582,-0.002838536,0.39861915,0.03425346,-0.2620358,1.0665774,0.23579532,0.46165666,0.05225368,-0.24941662,0.104608856,0.46445993,-0.67097175,0.13756998,-0.24128018,-0.15008527,0.69297814,0.73333204,0.13507758,-0.25228584,-0.020072924,0.059552208,-0.16766259,0.22371086,-0.14021121,0.0105594965,0.5381819,-0.6557677,0.7586829,0.22359459,0.1931884,0.3422628,-0.13071726,-0.0030639807,0.15768315,0.77541953,0.31856048,-0.43093398,0.23445983,0.34578773,0.081260264,0.11969275,0.038620453,-0.62723565,0.031869773,-0.42592195,-0.50851125,-0.051956538,-0.47036985,0.14179654,-0.23667921,0.15471151,0.30483478,-0.19747232,-0.5601455,0.10736373,-0.9119144,-0.067758754,-0.42717016,-0.32336384,1.0339794,-0.689275,-0.06501449,-0.0043573664,0.15561439,-0.21814084,1.220188,0.20572937,0.49438682,-0.44975364,-0.0753814,0.5067381,-0.10970498,-0.3066326,-0.5095129,0.099796854,0.7517111,0.4158283,-0.35789925,0.1843352,0.31896096,0.37371573,-0.04074247,1.0345151,0.6040984,-0.48960963,-0.43616664,-0.34945792,0.19055587,-0.5768738,0.5799237,-0.47197586,0.94296473,-0.15212308,0.48171857,-0.26966795,-0.098871,0.549132,0.35308006,-0.1282372,0.19552864,-0.32730293,0.054806896,0.16375124,-0.043568097,0.075850666,0.053419773,0.17580059,-0.34891272,0.37471622,-0.025165442,-0.027629064,0.08953762,0.45491448,-0.19472045,-0.20489052,-0.3788199,0.07452534,0.005772935,0.6386237,-0.38266227,0.5400831
Cisplatin,-1.9995207,-0.46457928,-1.6879051,-0.082453586,-1.4524006,-2.132505,-1.2581582,1.4010282,3.1058018,2.1385045,1.6110306,0.88852674,2.2097993,1.3370483,0.3007391,0.19802645,3.1804576,-1.5230461,-0.15551521,-1.0043341,-1.1070108,-1.6248459,1.2994083,-0.8619795,0.42099983,-0.079932004,-0.65023214,0.73539895,0.7337416,-2.1503654,0.62525016,0.6135585,1.1081581,-0.8170439,-1.2594979,-0.95393485,-0.41945285,1.1336219,-1.731287,0.8985952,-0.06217898,-1.1078168,1.2399983,-1.6473949,-1.55846,-0.5664706,-0.00881748,2.1518264,2.1010854,-1.8801193,1.5693605,-0.7609863,-0.24060798,-1.9619553,0.9554857,1.2777205,-1.2876092,0.8243046,-1.2150477,0.82711107,1.8138368,-0.74521697,-0.40567636,-1.7773354,3.3036888,-0.36488923,-0.12826341,0.041930903,2.3185277,-0.21156359,0.3619685,-2.3106227,-0.18619867,-1.0700725,-0.5513147,-0.6091184,-0.008226539,-0.05567324,-2.3536763,-2.4098516,0.96360624,0.12958483,-1.3411129,-0.7336575,-0.531656,-1.4525932,1.4151933,-2.81631,-0.540023,1.4478974,0.34071818,-0.007817349,-1.526467,-0.9079733,0.88993627,-0.96200067,0.96150035,1.4045454,1.5481129,-0.114937924,1.1665952,0.2140499,-2.0061738,0.914254,-1.1227614,-2.3105893,-1.3331358,3.1935534,-0.35581192,-2.2122703,1.7400137,-0.9664451,-0.90891826,1.1784146,-0.6457855,0.5138029,1.9889714,0.36188388,-1.1642715,-3.4167442,1.0222915,0.72848845,-2.2717364,0.62861425,1.4930516,-0.45429984,-0.8934085,-1.3188537,-1.0092571,-2.6908243,-1.5070709,0.7031601,0.37790534,0.55104405,-1.6854603,0.21188793,1.6098019,0.15029812,-0.69429934,3.996203,0.81662786,1.4627519,0.27532086,-1.764082,0.60714835,1.9973843,-2.260598,0.6298606,-0.5656493,-0.8410382,2.323853,2.5677881,-0.27517056,-1.5275306,0.77280277,0.40717658,0.16301474,0.06702675,-0.6792566,0.20365462,2.0591874,-2.65161,2.672649,0.23142064,0.40500098,0.6166708,-0.5024587,0.24220553,0.4614288,4.099284,1.4711295,-1.7342743,1.49959,1.9206934,0.65767133,0.6996106,-0.046064492,-2.8580143,0.50328577,-2.2070389,-2.235165,-0.30389318,-1.8328394,-0.14074747,-1.5219132,0.49480802,0.8721765,-1.0411676,-2.0866404,1.1829973,-3.6126251,-0.24310327,-1.9303219,-1.87575,4.3785477,-2.8538995,-1.1339632,-1.0034323,0.7682383,-0.5595431,4.5870295,0.033808313,2.349446,-2.114818,-0.61555517,1.5878464,-0.30048332,-1.32636,-3.3018513,-0.36044535,3.301833,2.2711148,-1.7113311,1.0045319,1.0345426,1.0619258,0.31707,4.244096,2.9916809,-2.0874546,-1.7861383,-1.3226768,0.7524989,-1.6750271,1.5759937,-2.0946648,3.464389,-0.23590198,2.0966563,-2.0747035,0.026398096,2.8928409,0.86250055,-0.84419143,0.8675092,-0.84669363,1.1594416,0.84807384,0.03055197,0.21846351,0.22678709,0.56905794,-1.669556,1.4437702,-0.3560242,0.28530106,-0.14159432,1.8021576,-1.4638026,-0.5769216,-1.6291062,0.12100403,0.5087066,2.152689,-1.6355927,1.5822065
Cytarabine,-0.5249812,0.10896474,-0.637109,0.05911093,-0.30867344,-0.41353098,-0.42712036,0.19953835,0.68170595,0.49361897,0.4345936,0.12705527,0.6724233,0.39922118,0.16410935,-0.057586286,0.77087617,-0.28539702,-0.07540363,-0.20330647,-0.26553157,-0.47041616,0.18662605,-0.2775634,0.23967583,-0.119483404,-0.0554767,0.15398833,0.06907973,-0.4585584,0.26843947,0.17446749,0.22040823,-0.15846395,-0.2934883,-0.5099232,0.04651668,0.32533345,-0.4534694,0.23478726,0.03923171,-0.34502292,0.5232045,-0.42695022,-0.4873857,-0.07887216,-0.1312669,0.50649357,0.5922963,-0.4886273,0.53094393,-0.23951668,0.06019427,-0.54252124,0.22224408,0.509232,-0.14037351,0.44767964,-0.41182068,0.23375131,0.5329554,-0.37863228,-0.16142839,-0.41960973,1.046005,-0.16306327,-0.052999843,0.007343199,0.60890085,-0.0514661,0.09077034,-0.61531144,-0.0913707,-0.04867682,-0.25119358,-0.2713526,0.028368294,0.0032394216,-0.557305,-0.56924087,0.041723758,-0.08002457,-0.3729412,-0.19099797,-0.16024132,-0.28521952,0.23887376,-0.61615777,-0.23702005,0.44743693,0.16189563,0.1458937,-0.5063128,-0.2710898,0.15676692,-0.24473749,0.23265158,0.5015152,0.42386535,0.06605428,0.26731935,-0.013211343,-0.5091835,0.23585126,-0.31088483,-0.53307307,-0.2652938,0.84870464,-0.13943835,-0.43736666,0.38391018,-0.18530557,-0.26006627,0.35391897,-0.26665458,0.24633837,0.5339171,0.13691942,-0.19412227,-0.8928157,0.23376133,0.093422115,-0.3865419,0.1501665,0.40977976,-0.102653384,-0.2129077,-0.3295479,-0.14135207,-0.6305032,-0.3483605,0.09011103,0.046869613,0.08154708,-0.43429172,0.018561902,0.39514205,0.04135202,-0.25699323,1.1099522,0.24060027,0.46985355,0.054971196,-0.2863742,0.114425294,0.49737716,-0.70336586,0.14432327,-0.24756241,-0.1678263,0.7099904,0.7611966,0.12546381,-0.28475326,-0.0020743692,0.063622095,-0.15356617,0.20490287,-0.15542229,0.020740278,0.56350297,-0.6739878,0.78064984,0.2054162,0.19070628,0.34166488,-0.14025459,0.0074960836,0.16723377,0.830137,0.3459183,-0.45320275,0.24481653,0.37026122,0.08773345,0.13695268,0.03196354,-0.6609129,0.056752894,-0.4554379,-0.53755057,-0.046271026,-0.4860478,0.13913761,-0.25246346,0.14923064,0.3151671,-0.2004394,-0.5724375,0.13547854,-0.94963187,-0.06721237,-0.45181507,-0.34546253,1.0867224,-0.7156758,-0.08664668,-0.015080696,0.18024504,-0.2122233,1.2504416,0.19936231,0.52843845,-0.47309,-0.09539483,0.51184434,-0.11256663,-0.3243604,-0.56474197,0.09590026,0.7824151,0.45536578,-0.3758676,0.20119785,0.32299066,0.3778021,-0.013327221,1.0775964,0.6357276,-0.5042127,-0.4486934,-0.36821595,0.18513434,-0.5807363,0.5799831,-0.4913522,0.97009784,-0.13499941,0.5074626,-0.29963613,-0.10124896,0.58605224,0.34853545,-0.14744286,0.2038275,-0.31475303,0.066785194,0.17658663,-0.04673128,0.07593927,0.06307764,0.18606879,-0.3725717,0.3897014,-0.031241624,-0.026759757,0.058876663,0.471816,-0.21735935,-0.19660997,-0.38741037,0.082881436,0.012186443,0.6479835,-0.4018643,0.5413607
Docetaxel,-0.5096198,0.12357574,-0.611553,0.05974756,-0.30452257,-0.40655977,-0.41226718,0.20583077,0.66640365,0.46173546,0.4267911,0.12002962,0.6622071,0.38931686,0.15996276,-0.06700887,0.74474037,-0.27340907,-0.09519667,-0.19145946,-0.25278074,-0.4558563,0.16647899,-0.26185858,0.25202605,-0.118728206,-0.0399709,0.14665511,0.047792956,-0.42882594,0.27286166,0.1602461,0.2115699,-0.15005545,-0.27701467,-0.5203598,0.046629906,0.32091707,-0.4478206,0.22196579,0.032385435,-0.3446171,0.52664644,-0.41842583,-0.48491055,-0.08543751,-0.14578357,0.48642838,0.56598574,-0.47208178,0.5414286,-0.22569968,0.07348485,-0.51317173,0.22163635,0.51180595,-0.11089958,0.45121,-0.3840306,0.21828724,0.5234907,-0.3855271,-0.15870525,-0.39852142,1.0148143,-0.16725358,-0.051512644,0.00022189887,0.5800872,-0.057846475,0.09222691,-0.59764093,-0.10777805,-0.0321379,-0.26315555,-0.27241117,0.027661156,0.0036604316,-0.53938067,-0.55620587,0.014173834,-0.07882735,-0.35024384,-0.19389866,-0.15051492,-0.26895055,0.23401392,-0.60137993,-0.23011625,0.43326333,0.17659311,0.1532687,-0.4911967,-0.25196603,0.14393614,-0.24481173,0.21808021,0.47990367,0.3999727,0.071075775,0.26301104,-0.025764313,-0.4892626,0.25184515,-0.29854786,-0.5153271,-0.24826054,0.8028853,-0.13943602,-0.41320983,0.3610723,-0.166309,-0.24340075,0.34255463,-0.2658448,0.24989997,0.5077166,0.12451159,-0.179486,-0.8708888,0.22158022,0.07806973,-0.35282254,0.15291089,0.4033953,-0.11763377,-0.2103129,-0.3196839,-0.12724294,-0.61761224,-0.33418825,0.07613571,0.04206427,0.077668644,-0.42395896,-0.0047794725,0.39633974,0.03055565,-0.26049367,1.066687,0.23396188,0.46581978,0.054920014,-0.25868946,0.10826365,0.46159083,-0.671962,0.13774042,-0.23920785,-0.1528557,0.6925225,0.72884065,0.1280429,-0.25809443,-0.01305319,0.06051658,-0.16644178,0.21906461,-0.14107811,0.010619618,0.54273105,-0.6600101,0.76216596,0.22701904,0.19223987,0.33914733,-0.13234638,0.005315258,0.15770552,0.7887613,0.32187888,-0.43187833,0.24630755,0.34967765,0.081417106,0.12096277,0.038103074,-0.6327374,0.039762497,-0.4344021,-0.51400226,-0.053864434,-0.47139436,0.13614124,-0.24542965,0.14834522,0.30401498,-0.19725443,-0.55920666,0.10702179,-0.9144138,-0.06356303,-0.4301671,-0.3275965,1.0382053,-0.69476587,-0.06814495,-0.017689671,0.153537,-0.2221599,1.2171513,0.19429465,0.4961324,-0.45245525,-0.07963137,0.50729054,-0.11342898,-0.3081339,-0.5205247,0.095327355,0.7573111,0.42451197,-0.3683893,0.18758048,0.31351453,0.36745378,-0.03964475,1.0363157,0.6093646,-0.4981226,-0.43960452,-0.35085648,0.18996574,-0.5747725,0.57478726,-0.4730036,0.94215953,-0.15295254,0.4856475,-0.28400695,-0.09601276,0.55577147,0.34522563,-0.13447328,0.19845954,-0.32344523,0.062679596,0.1648691,-0.041698605,0.08040388,0.05676662,0.17578004,-0.35169464,0.37603703,-0.030828046,-0.023709351,0.08665106,0.45303884,-0.20079023,-0.20717879,-0.38175425,0.07952146,0.0056530484,0.6410784,-0.38695708,0.5384405
Methotrexate,-0.5123802,0.113383524,-0.6372459,0.06316326,-0.29636917,-0.39347175,-0.4235281,0.18466046,0.6589222,0.48762593,0.41896147,0.117706016,0.6565209,0.39083815,0.1607479,-0.056610238,0.7534064,-0.27338412,-0.06453341,-0.19709434,-0.26064843,-0.4609062,0.18437175,-0.27934787,0.22891054,-0.12168454,-0.052812506,0.15149342,0.06852291,-0.45373255,0.26498228,0.17267483,0.21952415,-0.15740062,-0.28510574,-0.496283,0.05812333,0.31530812,-0.43336976,0.22920537,0.04889624,-0.33216184,0.5004356,-0.4070364,-0.47072983,-0.07394503,-0.12547487,0.4879666,0.5771812,-0.47668427,0.50931334,-0.24807139,0.0629145,-0.5403419,0.20634796,0.4929604,-0.14036743,0.4453277,-0.41295394,0.2347891,0.51267684,-0.37197044,-0.1606647,-0.406774,1.034483,-0.15874013,-0.05935065,0.008740577,0.6002313,-0.045993656,0.08288151,-0.59533405,-0.07778557,-0.04135579,-0.2399428,-0.2658381,0.02362529,-0.003780043,-0.53639865,-0.54846805,0.048447367,-0.08374552,-0.3753144,-0.18040082,-0.1632949,-0.27705383,0.22942236,-0.5877729,-0.23073812,0.43963662,0.15012167,0.14621429,-0.49989375,-0.2651008,0.1475842,-0.23921493,0.23074786,0.50058067,0.41927174,0.06377345,0.25655833,-0.009220832,-0.5006007,0.21732476,-0.3050364,-0.5105518,-0.26575562,0.8396408,-0.1352934,-0.42932066,0.38397866,-0.1833389,-0.259634,0.3458042,-0.2528822,0.24023685,0.531579,0.13755384,-0.18349421,-0.86306006,0.22767533,0.09226999,-0.36922807,0.13759659,0.3960233,-0.08560301,-0.20588249,-0.31560493,-0.13612436,-0.6018207,-0.3386075,0.088340834,0.042452198,0.07915642,-0.4230423,0.030871894,0.38148537,0.048703272,-0.2503627,1.0906414,0.23665185,0.4513737,0.047166057,-0.2786398,0.1111602,0.4991607,-0.6950734,0.14296833,-0.2440165,-0.1650107,0.6992973,0.75749815,0.13109069,-0.2800122,-0.0072147367,0.06109343,-0.14591299,0.19998397,-0.15541716,0.02487491,0.54978037,-0.6532736,0.75868267,0.18889092,0.1856335,0.3368961,-0.14012723,-0.004354777,0.16745888,0.8018347,0.342572,-0.4453992,0.22170517,0.36323497,0.08607472,0.13935374,0.02857718,-0.64464444,0.052972686,-0.4380247,-0.5247044,-0.03894528,-0.47430724,0.14278644,-0.23796481,0.15158051,0.30974007,-0.19776529,-0.5623239,0.14504488,-0.933427,-0.07066439,-0.4426818,-0.3352549,1.0673043,-0.69030726,-0.08898862,0.004563989,0.1895308,-0.19751829,1.2253288,0.20810142,0.5207368,-0.4646526,-0.09441748,0.49669942,-0.10054067,-0.3201454,-0.55129707,0.0983073,0.76074743,0.44491565,-0.35457894,0.19450766,0.3245122,0.37760815,-0.003034247,1.0556808,0.6194793,-0.4818929,-0.43414962,-0.36304486,0.17763995,-0.56555694,0.5678168,-0.4821626,0.9522899,-0.12356456,0.49438718,-0.2768413,-0.10647149,0.56907946,0.34726954,-0.14075078,0.19683585,-0.3050027,0.054341987,0.17537911,-0.049022395,0.07076583,0.056036346,0.18191814,-0.36771053,0.38070685,-0.020437902,-0.030332876,0.048429597,0.46557003,-0.20790312,-0.18230757,-0.37361616,0.0758922,0.012314225,0.6278309,-0.39251682,0.52727777
Tretinoin,-0.48749745,0.10845905,-0.56197125,0.04979153,-0.29761776,-0.4020446,-0.38388327,0.21234064,0.6460056,0.43239346,0.4152775,0.12512164,0.631862,0.3703224,0.15297769,-0.06247252,0.7095449,-0.267465,-0.10548465,-0.1839286,-0.24107839,-0.43292582,0.15742424,-0.23767872,0.24918628,-0.1056736,-0.041209187,0.13779344,0.044606738,-0.39744112,0.25866058,0.14846244,0.19543242,-0.13965234,-0.2665712,-0.4989026,0.027100163,0.30924812,-0.44193384,0.21317977,0.017754646,-0.33731937,0.5176126,-0.41443118,-0.46875697,-0.08470761,-0.14493352,0.47390062,0.5436432,-0.45000502,0.528589,-0.1935677,0.06623032,-0.47299546,0.22626095,0.4959317,-0.101695016,0.4191519,-0.3517541,0.20080113,0.51238275,-0.3631179,-0.14488068,-0.3833934,0.9500052,-0.1625088,-0.037675623,-0.0039877663,0.5469206,-0.060150813,0.09646015,-0.5806747,-0.11528463,-0.039775595,-0.2586933,-0.25886163,0.032057066,0.013456258,-0.5269614,-0.5425516,0.0015239487,-0.06707997,-0.31646696,-0.19334717,-0.134025,-0.26057222,0.22714938,-0.5927183,-0.2193039,0.411564,0.17892167,0.14189655,-0.4610232,-0.23959251,0.14248058,-0.2329244,0.20078395,0.4441944,0.37141284,0.068806045,0.25720933,-0.02915817,-0.46124336,0.25812858,-0.28234622,-0.5065141,-0.2270296,0.7477362,-0.13505805,-0.38902548,0.33077863,-0.15530683,-0.22264749,0.32769963,-0.26550567,0.2391691,0.46959352,0.11512315,-0.17944078,-0.84732497,0.21455227,0.073367424,-0.34955052,0.15966153,0.3912944,-0.13324417,-0.20246221,-0.3156771,-0.12281223,-0.61011785,-0.32117593,0.07208964,0.044617034,0.07369097,-0.40590745,-0.023039024,0.38336423,0.019134574,-0.25077388,1.0085988,0.22057201,0.45608285,0.061327983,-0.24922171,0.10343658,0.42248666,-0.6281167,0.12670411,-0.22376275,-0.14567247,0.651212,0.6746166,0.110628605,-0.243674,-0.0037552195,0.058197174,-0.16395898,0.20948869,-0.12952924,0.0035693734,0.5186333,-0.6364404,0.7334928,0.23405442,0.18369989,0.32069543,-0.12016955,0.02076937,0.14710931,0.7657007,0.30045784,-0.40782797,0.25920057,0.33216646,0.07733448,0.10618394,0.03850343,-0.6027643,0.03978559,-0.42258403,-0.49285114,-0.059855975,-0.4499282,0.11936825,-0.24760626,0.13177182,0.28840658,-0.18473582,-0.52735996,0.082724296,-0.8638283,-0.053325817,-0.40971562,-0.31467223,0.98138624,-0.6736354,-0.06031481,-0.045186464,0.12601386,-0.22637798,1.154188,0.16614352,0.46549597,-0.4256933,-0.07487715,0.49105617,-0.12032879,-0.29048288,-0.49703255,0.08490086,0.7293236,0.40391496,-0.36952466,0.18155482,0.28696114,0.33879003,-0.051136646,0.98311955,0.58345115,-0.49292123,-0.4233557,-0.3287064,0.18347172,-0.54779714,0.54754776,-0.4482772,0.8898782,-0.1577684,0.46384582,-0.29201177,-0.07886439,0.5364459,0.31718644,-0.13243864,0.1925249,-0.31488454,0.07564823,0.15471646,-0.03395663,0.081645995,0.06461163,0.16829893,-0.328981,0.35746172,-0.044058025,-0.015898384,0.09535592,0.42690754,-0.19734007,-0.21116915,-0.37107256,0.08428243,0.0038396334,0.61925626,-0.37033513,0.51781374
Gefitinib,-0.5306863,0.11278421,-0.65983135,0.06423177,-0.30816177,-0.4085703,-0.43926376,0.19039756,0.68366283,0.5081445,0.43350127,0.12339153,0.6787045,0.40514,0.16542627,-0.056936935,0.78217196,-0.28569177,-0.06297956,-0.20590739,-0.2710239,-0.47764996,0.19338468,-0.2907081,0.23336492,-0.12481955,-0.05781341,0.15819654,0.0747884,-0.474867,0.27144808,0.18075559,0.22835784,-0.16391495,-0.29729787,-0.5089343,0.057866246,0.3260238,-0.44890612,0.23817244,0.05043673,-0.34219345,0.51417494,-0.42132938,-0.48711243,-0.07662765,-0.124895565,0.506809,0.5990718,-0.4950417,0.5234515,-0.2577982,0.0602908,-0.56139606,0.21459982,0.50680107,-0.15065233,0.4579995,-0.42930886,0.24441113,0.5299471,-0.3815834,-0.16639388,-0.42420685,1.0699939,-0.16167049,-0.06183165,0.0117281675,0.622934,-0.047334295,0.0858791,-0.6169925,-0.0790088,-0.04745538,-0.24449684,-0.27325174,0.024061052,-0.0039968984,-0.5570467,-0.56868577,0.05639837,-0.08556197,-0.39106992,-0.18571599,-0.16950285,-0.28893772,0.2388045,-0.61093014,-0.23855636,0.45454696,0.15260601,0.14837602,-0.51735765,-0.27623048,0.15676676,-0.24650562,0.24036534,0.5182466,0.43705514,0.06400382,0.2648392,-0.007100655,-0.52034354,0.22242264,-0.3170437,-0.529414,-0.2772117,0.8740934,-0.13844675,-0.44880885,0.4001721,-0.19334963,-0.27118593,0.35767156,-0.2600308,0.24610893,0.5517714,0.14357483,-0.19351514,-0.8934422,0.23564203,0.09747021,-0.3879715,0.14191829,0.4094413,-0.08739727,-0.21328342,-0.3264389,-0.14450754,-0.62390494,-0.35252318,0.0942244,0.04522982,0.083395794,-0.43840942,0.035145953,0.39479226,0.051141877,-0.2566995,1.1307905,0.24537772,0.46605182,0.048989147,-0.29267183,0.11664089,0.52051795,-0.721205,0.14987195,-0.25307673,-0.17257527,0.72368586,0.78507555,0.13213913,-0.29412717,-0.0049006636,0.06488198,-0.14764075,0.20334373,-0.16287304,0.02760373,0.5707586,-0.6783663,0.78512067,0.19018756,0.19124714,0.34609836,-0.14659785,-0.0033229336,0.17292531,0.8363548,0.35741097,-0.46303755,0.23017068,0.37854284,0.09043155,0.14684492,0.029400883,-0.6711087,0.059524328,-0.45784312,-0.5448935,-0.03917803,-0.49275362,0.14677913,-0.2478526,0.15662059,0.32008788,-0.20532373,-0.58321565,0.15566005,-0.96862406,-0.07361791,-0.4597874,-0.34944046,1.1093699,-0.71660674,-0.09602623,0.0026659486,0.20004538,-0.20197111,1.2700295,0.21410222,0.5442524,-0.48456883,-0.100544415,0.51142126,-0.10438222,-0.33287215,-0.5780602,0.09944954,0.7879398,0.46487007,-0.3678721,0.20318785,0.3353202,0.3901669,0.0014753084,1.0966355,0.64490706,-0.49755108,-0.4508152,-0.37791273,0.18326741,-0.58430153,0.5848594,-0.50125134,0.9870758,-0.12396407,0.5141374,-0.29148898,-0.10994521,0.59211713,0.35946465,-0.14831427,0.20443766,-0.31181666,0.059158705,0.18285987,-0.051523943,0.07251659,0.05924182,0.1882878,-0.38326365,0.39546052,-0.021437416,-0.030683616,0.04562172,0.4817969,-0.21835154,-0.18707106,-0.38733575,0.07899661,0.014950128,0.64843947,-0.40638784,0.5441856
Navitoclax,-0.55342764,0.10954377,-0.6664704,0.06147945,-0.3274831,-0.4410793,-0.44724497,0.21688373,0.7241088,0.5242634,0.45697808,0.13743497,0.7078246,0.41935998,0.17047101,-0.059290856,0.8140263,-0.30388904,-0.07944726,-0.2167665,-0.28312457,-0.49557397,0.20128153,-0.2907546,0.24891251,-0.12333101,-0.060084984,0.16223,0.07653237,-0.48553234,0.28202143,0.18490112,0.23464537,-0.16993241,-0.31276366,-0.5298087,0.04440563,0.34083316,-0.47949356,0.24787161,0.039977398,-0.36427128,0.54625285,-0.45123628,-0.5114481,-0.08491473,-0.13542761,0.53735477,0.6234845,-0.51664996,0.55907094,-0.24969476,0.05925549,-0.56928056,0.23617697,0.5346581,-0.1557744,0.46555507,-0.4314425,0.24828048,0.56028837,-0.39332232,-0.16818213,-0.44391826,1.0992389,-0.17051134,-0.054371413,0.009796499,0.6441763,-0.055653077,0.09572522,-0.65054107,-0.093363926,-0.060830157,-0.26239234,-0.28392544,0.028942464,0.002293635,-0.59234715,-0.60303015,0.050553285,-0.08060041,-0.3927526,-0.20333642,-0.16821028,-0.3056451,0.25764483,-0.6553678,-0.24661842,0.4716313,0.16794212,0.14892192,-0.5303104,-0.28383082,0.16688773,-0.25779852,0.24647689,0.5247292,0.44569,0.06729654,0.2852461,-0.012837688,-0.53810835,0.24717258,-0.32979628,-0.56370515,-0.2824248,0.8951173,-0.14792567,-0.46632946,0.4075067,-0.19514419,-0.273424,0.3715175,-0.27978975,0.25635168,0.561002,0.14436229,-0.20776743,-0.94453865,0.24810682,0.10031905,-0.41475782,0.15865743,0.43190533,-0.10866745,-0.22394845,-0.34945807,-0.15235202,-0.67099696,-0.3686516,0.098521665,0.05310663,0.08638156,-0.46025452,0.019481204,0.4171761,0.042610176,-0.27021578,1.1697588,0.25366208,0.4953026,0.057872813,-0.30751315,0.12117659,0.5277461,-0.73712206,0.15319401,-0.25822163,-0.17706975,0.7466207,0.79866016,0.1255484,-0.30384463,0.0047160853,0.068525955,-0.15654686,0.2113656,-0.16542643,0.023145305,0.59584045,-0.71165544,0.8228321,0.21402861,0.19844031,0.35567763,-0.14901927,0.009741201,0.17575291,0.8833538,0.36589113,-0.4776106,0.26343828,0.39522737,0.0946478,0.1442795,0.031032922,-0.6995411,0.060790252,-0.4851492,-0.56936246,-0.049259603,-0.51252884,0.14127584,-0.26961017,0.15651433,0.33029416,-0.21451035,-0.6025848,0.14640363,-1.0027584,-0.071216,-0.4779991,-0.36836815,1.1477249,-0.7573106,-0.09680153,-0.022914032,0.1906282,-0.22166698,1.3179665,0.20344976,0.5612052,-0.5005731,-0.10490886,0.5376661,-0.117887855,-0.34391105,-0.6057411,0.09587194,0.82863504,0.4850439,-0.39973786,0.21394388,0.3403903,0.39645863,-0.011139673,1.1368858,0.67422175,-0.5356089,-0.47311574,-0.3877003,0.19731547,-0.60738575,0.60589767,-0.5207547,1.0217196,-0.14106117,0.5374258,-0.3214764,-0.10359288,0.62386787,0.36392567,-0.15981033,0.21641612,-0.32812515,0.07625947,0.18873785,-0.045635104,0.08175868,0.0666638,0.1938088,-0.3948656,0.41204548,-0.034776136,-0.024277482,0.059878036,0.49719742,-0.23362651,-0.20659804,-0.41181457,0.085303456,0.015084611,0.6831349,-0.4249477,0.5681485
Vorinostat,-0.5045201,0.09895301,-0.60418594,0.05470937,-0.29888323,-0.40304834,-0.40562573,0.19896358,0.65962476,0.47632864,0.4179613,0.1265436,0.64590114,0.38153818,0.1557721,-0.053648856,0.74039924,-0.2767726,-0.07432511,-0.19752404,-0.2588732,-0.450789,0.18447663,-0.2642858,0.22947998,-0.110851616,-0.05501564,0.14640576,0.070652,-0.44035295,0.25744358,0.1673596,0.2134158,-0.15294799,-0.28440982,-0.4827004,0.03982873,0.31292766,-0.43875408,0.22680777,0.035248883,-0.33382455,0.49996683,-0.4123221,-0.464921,-0.07733804,-0.12383661,0.4919147,0.5685992,-0.47122046,0.5097508,-0.22326863,0.05384678,-0.5172745,0.21582241,0.48774916,-0.14253262,0.42171463,-0.3916905,0.22519611,0.511994,-0.35770756,-0.15194166,-0.40410236,0.99893045,-0.15653609,-0.04702901,0.008349113,0.5877934,-0.050815474,0.08752864,-0.5949177,-0.085853875,-0.056707464,-0.23980933,-0.25853696,0.02781883,0.0042475825,-0.54073584,-0.5500795,0.042692736,-0.07261732,-0.3542755,-0.18632908,-0.15183182,-0.2794819,0.23496562,-0.5982518,-0.22609447,0.4294932,0.15492788,0.13594753,-0.48171163,-0.2576016,0.1508288,-0.23512429,0.22407462,0.47614664,0.40426278,0.0623449,0.2601638,-0.012255404,-0.48889375,0.22652932,-0.30035892,-0.5162387,-0.25569606,0.81226826,-0.13515063,-0.42248636,0.36898214,-0.17761667,-0.24632204,0.33932006,-0.25640354,0.23356995,0.5096305,0.13112636,-0.19021119,-0.86359817,0.22814864,0.092085265,-0.3797618,0.14568937,0.39507174,-0.101214565,-0.20407665,-0.32108507,-0.13857411,-0.6129368,-0.33583844,0.09003846,0.047780555,0.078797944,-0.41943142,0.016424606,0.37941906,0.038087767,-0.24549133,1.0641158,0.23028032,0.45207536,0.053284626,-0.28210822,0.110713065,0.47729167,-0.67057425,0.13861565,-0.23390223,-0.16273218,0.6791649,0.72519714,0.11349373,-0.27672884,0.006548745,0.060660508,-0.14281663,0.19150095,-0.14972553,0.020196026,0.5430233,-0.64754385,0.7500388,0.19810939,0.18115048,0.32400322,-0.13499096,0.010952944,0.16019668,0.8056648,0.33224472,-0.4337569,0.24313234,0.36001453,0.0857702,0.1309492,0.026446534,-0.6360789,0.055431817,-0.442509,-0.5194691,-0.04432421,-0.46612257,0.12643439,-0.24815461,0.13997717,0.30171853,-0.19435745,-0.5469366,0.13024771,-0.9118657,-0.063976705,-0.4345456,-0.33604416,1.0432938,-0.6889828,-0.08705277,-0.024138406,0.17120145,-0.20439033,1.1968533,0.18212862,0.5078827,-0.45442,-0.09496052,0.490994,-0.10879075,-0.3137527,-0.5521523,0.086313784,0.7565629,0.44229537,-0.36689702,0.19503814,0.30792207,0.35983866,-0.013033789,1.0335659,0.61345553,-0.4920576,-0.4308209,-0.35178414,0.1793135,-0.5518415,0.55162144,-0.47259688,0.9281367,-0.1296787,0.48824862,-0.29544997,-0.093369536,0.5694657,0.32803088,-0.14601472,0.19780931,-0.30017957,0.06980445,0.17074025,-0.040499702,0.076934755,0.06191369,0.17703691,-0.35901225,0.37378493,-0.034122676,-0.022133077,0.05531002,0.4526084,-0.21353897,-0.19060577,-0.37585983,0.08024087,0.011806917,0.62263185,-0.3882376,0.5169674
Nilotinib,-0.5083396,0.12426409,-0.6627536,0.071130164,-0.28591627,-0.37193075,-0.4350479,0.16113585,0.64083356,0.49475607,0.4073337,0.10438616,0.6528944,0.39169523,0.16066515,-0.056887817,0.7507624,-0.26366818,-0.043916676,-0.1943628,-0.25980464,-0.46124277,0.1852758,-0.29541853,0.21839078,-0.13036107,-0.05080482,0.15355681,0.07119836,-0.46561533,0.26632363,0.17670086,0.22573058,-0.15961412,-0.28047106,-0.48961547,0.080434985,0.31092167,-0.41407737,0.22745472,0.06693774,-0.3198344,0.47767347,-0.38604745,-0.4604754,-0.06807993,-0.115979575,0.47162917,0.5720415,-0.47363228,0.48685387,-0.27471304,0.06670177,-0.5586213,0.18518619,0.48056677,-0.14539644,0.45802504,-0.43095222,0.24432282,0.49427438,-0.37458417,-0.16725995,-0.4002508,1.0514662,-0.15437302,-0.07393025,0.013227113,0.60590816,-0.03749829,0.07156006,-0.5807815,-0.059534814,-0.028569927,-0.22701786,-0.26480272,0.01575415,-0.015189403,-0.51759654,-0.53111196,0.06343312,-0.09375952,-0.39508772,-0.16729313,-0.17453972,-0.27031088,0.2200787,-0.55841076,-0.23037568,0.4397444,0.13484009,0.15180905,-0.5083137,-0.26621512,0.14060535,-0.23734188,0.23744512,0.5177771,0.4300801,0.06166548,0.2446288,-0.0017574433,-0.50415987,0.1918406,-0.30594793,-0.48881373,-0.275721,0.85856646,-0.13084117,-0.4315899,0.39830357,-0.18928415,-0.2704917,0.34331068,-0.23673664,0.2373748,0.5478314,0.14336623,-0.17349128,-0.8385858,0.22341499,0.09352158,-0.3527646,0.119112775,0.38514146,-0.05860473,-0.20163351,-0.2999433,-0.13376701,-0.56981796,-0.33390883,0.08909528,0.0350358,0.07990046,-0.4181855,0.055884488,0.37137517,0.06270659,-0.24570423,1.0959737,0.23809963,0.43349233,0.034793932,-0.27524915,0.11102278,0.51998276,-0.7092671,0.14820236,-0.24811696,-0.16692302,0.7067946,0.780305,0.14542246,-0.2837187,-0.018410888,0.05963084,-0.13831787,0.19824956,-0.16165824,0.033622507,0.5458005,-0.6422578,0.7460559,0.16449673,0.18411617,0.33932012,-0.14681533,-0.025071198,0.17244469,0.7812882,0.35078096,-0.44884163,0.18796484,0.36311275,0.08539917,0.15107152,0.026085982,-0.64156926,0.05282891,-0.42515475,-0.5201013,-0.027113346,-0.47297487,0.1560781,-0.22103153,0.16125593,0.3104607,-0.1993913,-0.5674908,0.16986623,-0.938934,-0.079269566,-0.44160956,-0.32893294,1.0733259,-0.67054707,-0.09648335,0.04088655,0.21473038,-0.17859627,1.2260208,0.23265316,0.52773994,-0.46980384,-0.09589305,0.484785,-0.08435301,-0.32385534,-0.5477103,0.10653147,0.7469931,0.44360083,-0.32914558,0.1895223,0.33765066,0.38970983,0.016176982,1.0570781,0.6143878,-0.45576197,-0.4265996,-0.3689602,0.16962552,-0.5615192,0.5662061,-0.48320916,0.9571527,-0.10516342,0.48975235,-0.24920765,-0.122416,0.55745214,0.36044064,-0.13388927,0.19201222,-0.29591727,0.033750754,0.17816946,-0.057942837,0.06320577,0.04514794,0.18107213,-0.37340945,0.37929842,-0.0009923051,-0.039605603,0.029992886,0.46961853,-0.19893287,-0.16356452,-0.36158583,0.06786297,0.013957028,0.61295766,-0.3883481,0.520425
Refametinib,-0.6385181,0.0808943,-0.7373747,0.057783514,-0.38696694,-0.53122413,-0.49824944,0.27402365,0.85429996,0.6253076,0.5214307,0.17787506,0.79635364,0.4739311,0.18175127,-0.04663721,0.94960433,-0.37010416,-0.07861348,-0.26274496,-0.33346123,-0.564241,0.263072,-0.32669738,0.2557069,-0.12443456,-0.09285318,0.1924647,0.11736124,-0.58334035,0.30123818,0.21757464,0.2816559,-0.20736974,-0.37284854,-0.55869377,0.021909917,0.38324893,-0.55086905,0.2891678,0.036853928,-0.40762037,0.5947843,-0.52093893,-0.5725635,-0.10360272,-0.12876813,0.635091,0.7172563,-0.5975878,0.6189758,-0.279629,0.03932263,-0.65405244,0.2790871,0.5844989,-0.22301313,0.49050745,-0.48811907,0.2892582,0.6357844,-0.4151557,-0.18376051,-0.5279529,1.2374221,-0.18091959,-0.05693871,0.018027306,0.747929,-0.06392978,0.111192994,-0.75054216,-0.093225345,-0.11872644,-0.27799404,-0.30522043,0.03077468,9.583437e-06,-0.696022,-0.7061824,0.10399758,-0.072989084,-0.455068,-0.23353991,-0.19150603,-0.3730293,0.32013282,-0.7802127,-0.2702526,0.5344951,0.1729206,0.14056528,-0.59328103,-0.32953048,0.21122664,-0.29444054,0.2910025,0.58450586,0.51564956,0.05866688,0.3375705,0.0013388619,-0.6267033,0.27530175,-0.38192865,-0.66526836,-0.34355092,1.0398374,-0.16239822,-0.5666607,0.48599473,-0.23995481,-0.31583112,0.42026672,-0.30816978,0.27169323,0.6457578,0.16427544,-0.26101002,-1.090719,0.29266456,0.13540243,-0.52436507,0.18384491,0.49299315,-0.12151645,-0.2594201,-0.40943816,-0.20256828,-0.79133517,-0.43522763,0.1348732,0.07549489,0.10793027,-0.5330393,0.036508534,0.47897515,0.049164146,-0.29530355,1.3447158,0.28915396,0.55638593,0.071559444,-0.39119563,0.14781702,0.62292033,-0.83466023,0.18073379,-0.28437695,-0.21388693,0.84173465,0.90607375,0.1074809,-0.37612286,0.04510595,0.0888408,-0.14269012,0.20425504,-0.20013005,0.03686539,0.68724465,-0.82190794,0.93898255,0.21375096,0.21216282,0.37889576,-0.17188315,0.025871076,0.19746138,1.0681595,0.43246192,-0.5528131,0.32634455,0.47900853,0.12510134,0.17581925,0.02616781,-0.82618856,0.08851881,-0.586807,-0.66721475,-0.057528943,-0.58959115,0.13378672,-0.3335425,0.17545845,0.3676105,-0.25678098,-0.68820083,0.20356034,-1.1589688,-0.081918634,-0.56331605,-0.45255578,1.3392063,-0.88489026,-0.14830343,-0.06848736,0.23176925,-0.23694707,1.5125585,0.20261133,0.6714464,-0.5904678,-0.13999775,0.60029817,-0.13208497,-0.40267563,-0.76089644,0.07894035,0.9703733,0.58946884,-0.47442222,0.26278812,0.38154486,0.44096044,0.013662479,1.3213999,0.80263495,-0.62338126,-0.54554206,-0.44616377,0.22862414,-0.6739697,0.6669762,-0.6115524,1.1678376,-0.14280117,0.6331856,-0.4136902,-0.102042854,0.755617,0.39567396,-0.2044561,0.25216043,-0.3537445,0.12675186,0.22822359,-0.04338179,0.08943804,0.080293424,0.21905573,-0.4702039,0.4775558,-0.052711267,-0.011843966,0.041887913,0.5746708,-0.3017042,-0.225276,-0.4809448,0.09044356,0.038494486,0.77290237,-0.49536675,0.6287345
Temsirolimus,-0.5077699,0.11137737,-0.5845514,0.051176682,-0.31005085,-0.4189953,-0.399828,0.22092552,0.6727533,0.4507802,0.43301445,0.13106734,0.6574444,0.38563868,0.159765,-0.06401006,0.73917097,-0.27870277,-0.10920838,-0.19189273,-0.25127035,-0.4508379,0.16476962,-0.24797356,0.25943953,-0.10920193,-0.043876212,0.1437439,0.047579836,-0.41443992,0.2685552,0.15463753,0.2035753,-0.14541884,-0.27808526,-0.51861906,0.027616084,0.32212177,-0.46053514,0.22257149,0.018383637,-0.35104743,0.53880966,-0.43208125,-0.487752,-0.087902926,-0.15003085,0.49415657,0.56735724,-0.46824938,0.5490047,-0.20102379,0.06807103,-0.49287164,0.23563667,0.5155704,-0.10702143,0.43519208,-0.36668068,0.20915277,0.53389084,-0.3771855,-0.15007713,-0.39967617,0.9887504,-0.16916794,-0.038872946,-0.004227253,0.56987405,-0.06207005,0.10078548,-0.60536367,-0.119488195,-0.042399805,-0.26825577,-0.2686808,0.033603664,0.014726595,-0.54906714,-0.56559724,0.00240627,-0.06983923,-0.3293613,-0.20091525,-0.1392345,-0.2719914,0.23610555,-0.6175854,-0.22857039,0.42889124,0.18583204,0.14709306,-0.47990385,-0.25025722,0.14898278,-0.2422813,0.2090022,0.4628266,0.3874078,0.071199656,0.2672826,-0.029346554,-0.48044482,0.26846027,-0.2937401,-0.52828413,-0.23640674,0.77910966,-0.14021763,-0.40509737,0.3445457,-0.16286263,-0.23209353,0.34144506,-0.2764281,0.2483919,0.48910278,0.1201231,-0.1877163,-0.8830733,0.22398265,0.07721819,-0.3660856,0.16659349,0.4075148,-0.13861345,-0.21087186,-0.32934672,-0.12838008,-0.63564914,-0.3349801,0.075795695,0.046272095,0.076963015,-0.4223186,-0.023292959,0.39878884,0.020460382,-0.26076284,1.0506232,0.22955516,0.4747304,0.064201646,-0.26089174,0.10768212,0.44023222,-0.654243,0.13186193,-0.2331144,-0.15281974,0.6775375,0.70262665,0.114284895,-0.25486025,-0.0028921124,0.06050032,-0.16996896,0.21685098,-0.13510905,0.0038470686,0.54036057,-0.6630191,0.7637337,0.24277264,0.19107097,0.3334702,-0.12498833,0.022242805,0.15331557,0.79897434,0.3135709,-0.42498103,0.27043337,0.34647858,0.08064718,0.11116852,0.039992265,-0.6279501,0.042488057,-0.44074762,-0.5136167,-0.06235694,-0.46880403,0.1241902,-0.25873563,0.1362922,0.29991964,-0.19165918,-0.5489055,0.086926654,-0.8994821,-0.055620767,-0.4268824,-0.3280806,1.0222536,-0.70153534,-0.063672766,-0.048364796,0.13152151,-0.23591906,1.2013893,0.17222145,0.48506254,-0.4434003,-0.07840249,0.51107,-0.12568842,-0.30252597,-0.518909,0.08775099,0.7601304,0.42150533,-0.38532844,0.18981434,0.29828548,0.35233265,-0.052486204,1.0243946,0.6081257,-0.5132812,-0.4406786,-0.34229267,0.19009769,-0.5698994,0.57013017,-0.46717528,0.9262902,-0.16345866,0.48284432,-0.30570635,-0.08148587,0.55961096,0.32970807,-0.13797826,0.20057224,-0.32736528,0.07937715,0.16114719,-0.035704557,0.08488594,0.06834934,0.17607361,-0.34281814,0.37190917,-0.046734877,-0.016676115,0.09818302,0.4447283,-0.20659336,-0.21965016,-0.3863845,0.088699475,0.004430261,0.6445154,-0.3858168,0.5386717
Olaparib,-0.5078052,0.12797062,-0.6420554,0.06640223,-0.29289067,-0.38374192,-0.42715922,0.1771878,0.6482487,0.4754563,0.41677532,0.10931003,0.6567325,0.39166772,0.16229998,-0.062342137,0.7461338,-0.2658337,-0.06752083,-0.19097698,-0.2536661,-0.45814693,0.17215784,-0.2814321,0.23751365,-0.12666191,-0.044770464,0.15113737,0.05721119,-0.44597504,0.2702406,0.16761714,0.21722561,-0.15330152,-0.27651826,-0.5086574,0.06755943,0.315855,-0.42906925,0.22396126,0.052374795,-0.33061966,0.502234,-0.40010393,-0.47380075,-0.07526596,-0.13117105,0.47349954,0.5694444,-0.47002858,0.51064104,-0.25470075,0.07289471,-0.53743863,0.20016783,0.49613073,-0.12303814,0.45992476,-0.40988398,0.23105697,0.50758356,-0.38318002,-0.16414955,-0.3969152,1.0349994,-0.16114824,-0.06574776,0.005247685,0.59037197,-0.045571283,0.081079155,-0.5865673,-0.08372595,-0.022578984,-0.24452442,-0.26911256,0.020650545,-0.0059741125,-0.5233481,-0.5405682,0.036702413,-0.08941394,-0.37393674,-0.17742799,-0.16363363,-0.2650789,0.22116177,-0.57249486,-0.2309843,0.4358287,0.15518124,0.15605175,-0.50263387,-0.2603951,0.14120616,-0.23996115,0.22645353,0.5031858,0.41630045,0.06673418,0.2491832,-0.013197396,-0.4954517,0.22042364,-0.29999685,-0.4973357,-0.26006898,0.8307204,-0.1337863,-0.4184796,0.37856203,-0.17902537,-0.25841734,0.34277225,-0.25023773,0.24480866,0.5291109,0.13486293,-0.1741826,-0.8496117,0.22022863,0.08393121,-0.34708768,0.13437288,0.39189786,-0.08617694,-0.20521581,-0.3058195,-0.12809838,-0.5859017,-0.33228546,0.080234714,0.03531839,0.07853299,-0.4181448,0.02745208,0.38228142,0.048805222,-0.2536747,1.0798738,0.235777,0.44761574,0.043467887,-0.26216835,0.10909419,0.4904378,-0.692999,0.14303477,-0.2454321,-0.16027999,0.7002451,0.75778025,0.14140278,-0.26941988,-0.021742035,0.05950884,-0.15520018,0.21202514,-0.15089662,0.022245971,0.54185146,-0.6505003,0.75175583,0.19448099,0.18908538,0.3416445,-0.13933748,-0.0135775525,0.16592357,0.7773913,0.33655715,-0.44072855,0.21025425,0.3530936,0.08171953,0.13692398,0.03504029,-0.6342361,0.04643194,-0.42477736,-0.5144994,-0.040131427,-0.47265866,0.15139425,-0.22988181,0.15584883,0.30674276,-0.19602066,-0.5647996,0.13884339,-0.9248491,-0.07204433,-0.43453857,-0.32314077,1.0534062,-0.6779444,-0.08104895,0.018550001,0.1850786,-0.20016794,1.220719,0.21998736,0.5099692,-0.4604055,-0.08529533,0.49527586,-0.097657874,-0.31459108,-0.52618504,0.10507442,0.74685556,0.4297254,-0.34352124,0.18628272,0.32672387,0.37977353,-0.010634214,1.0454849,0.60907686,-0.470092,-0.43201604,-0.3603814,0.17611493,-0.56978,0.57350403,-0.47688964,0.94969046,-0.1272964,0.48466873,-0.26066515,-0.11175606,0.5501321,0.35678625,-0.13015938,0.19396001,-0.31096873,0.043665353,0.17055407,-0.053432122,0.06911797,0.051117018,0.17967367,-0.36071682,0.37611976,-0.012384897,-0.034439854,0.058354378,0.46060616,-0.19577251,-0.18372992,-0.3679332,0.07482069,0.009464983,0.62440544,-0.3850818,0.53115445
Veliparib,-0.50250614,0.12875271,-0.6342868,0.06658572,-0.28940976,-0.3784968,-0.42220756,0.17664462,0.64077014,0.46902418,0.4112127,0.10839071,0.6491353,0.3876437,0.16057442,-0.06225937,0.73726046,-0.26067996,-0.06923632,-0.1870928,-0.25148183,-0.4532162,0.17054242,-0.277733,0.2354219,-0.12524372,-0.04327098,0.1492502,0.055188306,-0.43833724,0.2688422,0.16388343,0.21515328,-0.1525448,-0.27217385,-0.5052959,0.069170326,0.31152847,-0.42252803,0.22195315,0.053828903,-0.32676992,0.4971598,-0.39394194,-0.46684906,-0.074256316,-0.133358,0.46761814,0.5625985,-0.46247864,0.5061316,-0.25153434,0.07552021,-0.53090495,0.19703582,0.49153143,-0.11958644,0.45737144,-0.40524217,0.22959906,0.50249887,-0.37919897,-0.16040835,-0.39034358,1.0251054,-0.16174799,-0.06555256,0.0035467478,0.5840702,-0.044630416,0.08107602,-0.58045346,-0.080263056,-0.021432457,-0.24258892,-0.2663473,0.02014523,-0.0070012426,-0.51618123,-0.53466535,0.03441691,-0.0895994,-0.3688257,-0.17531842,-0.16176228,-0.26303732,0.21722373,-0.56447124,-0.22757432,0.4334978,0.15376018,0.15596837,-0.496997,-0.2561509,0.13599585,-0.23872535,0.22142257,0.4990509,0.40967628,0.0657289,0.24587944,-0.012799558,-0.4899388,0.21836512,-0.29557672,-0.49093023,-0.2581514,0.81860346,-0.13228264,-0.41136912,0.37415174,-0.17625992,-0.25521937,0.33923137,-0.24701177,0.24312466,0.5234994,0.13326298,-0.16894655,-0.8414816,0.21836138,0.08295471,-0.340043,0.13291183,0.38836214,-0.08451521,-0.20267335,-0.30306333,-0.12424244,-0.578953,-0.32837462,0.078556925,0.034243785,0.076745085,-0.41304773,0.026658159,0.37835458,0.049782123,-0.2520711,1.0681463,0.23382139,0.44258353,0.04286392,-0.2576145,0.10608501,0.48514053,-0.6835955,0.13971022,-0.24236362,-0.15816386,0.6918078,0.7493775,0.14156225,-0.26404843,-0.0215412,0.05788259,-0.15335618,0.21101099,-0.14857762,0.021513797,0.5349633,-0.6414805,0.74371946,0.19328628,0.18740803,0.33985272,-0.13595225,-0.015488893,0.16557884,0.7658784,0.33090925,-0.4347706,0.20597497,0.3487461,0.08080054,0.13359667,0.03297845,-0.62443346,0.04176954,-0.41775426,-0.50840867,-0.039342016,-0.46656057,0.14982381,-0.226472,0.1550619,0.30417436,-0.19391611,-0.55743515,0.13615076,-0.9136255,-0.07239774,-0.42945877,-0.3191361,1.0397085,-0.66864085,-0.07966599,0.01986193,0.18213017,-0.19820674,1.2074795,0.21928167,0.50227886,-0.45300102,-0.08311257,0.49204746,-0.09515139,-0.31119457,-0.51745814,0.104268745,0.73934007,0.4225061,-0.338073,0.18377276,0.32483247,0.3776713,-0.011571624,1.0326707,0.60071594,-0.46620786,-0.4255783,-0.3549667,0.17434786,-0.56257033,0.5694846,-0.4716412,0.9379296,-0.12747322,0.47763824,-0.25379366,-0.10911408,0.54456663,0.35261133,-0.12654532,0.19074415,-0.3109732,0.04171534,0.16910507,-0.051842727,0.068274945,0.05046864,0.1782865,-0.35560587,0.371145,-0.011833419,-0.03415783,0.05936828,0.45719337,-0.19293703,-0.1814242,-0.36398712,0.073177606,0.008415677,0.6187331,-0.3810264,0.526541
Bosutinib,-0.53755206,0.108597346,-0.6581552,0.06244536,-0.31473297,-0.42020774,-0.4403935,0.20083383,0.69762444,0.51320523,0.44058052,0.1301097,0.68565226,0.40891665,0.16661598,-0.056433816,0.7922677,-0.29235938,-0.06907465,-0.2095309,-0.27456513,-0.48269477,0.19681957,-0.28855193,0.23641202,-0.12289401,-0.06023036,0.16010442,0.076172136,-0.47735226,0.27231643,0.18194127,0.22924076,-0.16686144,-0.30334386,-0.51409787,0.050058782,0.32867134,-0.4587991,0.24153021,0.045820825,-0.34825018,0.5244097,-0.4319178,-0.49451345,-0.07925648,-0.12819318,0.5178542,0.60758764,-0.50046176,0.5345466,-0.25276852,0.05877981,-0.5617786,0.22389838,0.5143602,-0.15266134,0.45770183,-0.42846817,0.2453133,0.5408168,-0.3823533,-0.16508794,-0.43141493,1.0758004,-0.16390915,-0.058748167,0.010955982,0.6283281,-0.05022143,0.09078241,-0.6281301,-0.08329944,-0.054583576,-0.2492112,-0.27531648,0.026390545,-0.0013178334,-0.5694144,-0.5809832,0.05608785,-0.08314123,-0.39038083,-0.19133762,-0.16810358,-0.2955326,0.24473521,-0.6273029,-0.23978359,0.46011892,0.15686329,0.14642368,-0.5198665,-0.27947637,0.16137356,-0.24913996,0.24049193,0.5190208,0.43906772,0.06365107,0.27139276,-0.007992949,-0.52610254,0.2313807,-0.3200669,-0.5415909,-0.27874315,0.8787785,-0.14089566,-0.45467103,0.40156603,-0.19437882,-0.2720946,0.3616581,-0.2667421,0.24816735,0.5531094,0.14387642,-0.199295,-0.91078925,0.23936224,0.099181086,-0.399498,0.14909233,0.41631615,-0.095489025,-0.2164055,-0.3347085,-0.1478051,-0.64146817,-0.35851273,0.09589026,0.0491198,0.08395981,-0.44437048,0.029100338,0.40202445,0.048219107,-0.26039737,1.1420155,0.24788713,0.4757138,0.053603437,-0.29798925,0.117733374,0.52225477,-0.7235305,0.15008655,-0.25455442,-0.17374483,0.7279413,0.78617007,0.12732422,-0.2975477,8.62116e-05,0.066970386,-0.14936338,0.20442164,-0.16379407,0.026106786,0.57810587,-0.6892164,0.7973596,0.19684857,0.19259119,0.34804666,-0.14591497,0.003072633,0.17335251,0.8539696,0.35930762,-0.46777645,0.24289274,0.3841111,0.092445225,0.14472613,0.030180186,-0.6804384,0.060493127,-0.46780708,-0.5525024,-0.04347092,-0.4989485,0.1437631,-0.25590178,0.15599775,0.32263994,-0.20765975,-0.5875988,0.15219137,-0.9778752,-0.07241735,-0.4661913,-0.3562173,1.1205554,-0.7316754,-0.09714667,-0.00960007,0.19567989,-0.20807733,1.2846566,0.20841083,0.5504257,-0.48893356,-0.10267115,0.5198733,-0.10994801,-0.33558494,-0.5886299,0.097065076,0.80135196,0.47143131,-0.37924024,0.2077772,0.33545816,0.39079225,-0.0016409409,1.1093607,0.6546601,-0.5102382,-0.45746014,-0.38032785,0.1879277,-0.59055066,0.5907295,-0.5077045,0.9964089,-0.12936892,0.5222243,-0.30377722,-0.1048514,0.60430354,0.35885355,-0.15291902,0.20799536,-0.3166114,0.06773158,0.18537422,-0.04875442,0.074446045,0.06387974,0.1909103,-0.3862989,0.4006797,-0.027883993,-0.027371034,0.05017579,0.4864643,-0.22504537,-0.19330895,-0.3954958,0.08111187,0.016105453,0.6592796,-0.4118951,0.55153424
Lenalidomide,-0.5110815,0.12371235,-0.6237952,0.062449813,-0.30003285,-0.3978539,-0.41843846,0.19468752,0.66043764,0.46902928,0.42412487,0.11742034,0.6600357,0.39055356,0.16209777,-0.063560426,0.7472105,-0.2705469,-0.08477989,-0.19162336,-0.2535446,-0.4574417,0.17091703,-0.2694136,0.24548967,-0.12143586,-0.043608423,0.14923985,0.052836355,-0.43599758,0.27045268,0.16380548,0.21368401,-0.15235965,-0.27792573,-0.51727974,0.054524157,0.3187972,-0.44049478,0.22469784,0.04025821,-0.33844805,0.52039367,-0.4125657,-0.48045054,-0.08020297,-0.14138956,0.48405427,0.57059366,-0.47074068,0.5295172,-0.2366837,0.07395153,-0.52458036,0.21465382,0.50568277,-0.11611291,0.45419958,-0.39628103,0.2237032,0.52045643,-0.38421384,-0.16001827,-0.39988583,1.0252275,-0.16574763,-0.056357473,0.0012432992,0.5860071,-0.052296422,0.08899214,-0.59543943,-0.09677074,-0.028820947,-0.25517896,-0.27106673,0.026406769,0.00062939717,-0.5344873,-0.55170393,0.02395372,-0.08382455,-0.360378,-0.18700162,-0.15600453,-0.2688202,0.2278596,-0.59155375,-0.23183525,0.43686816,0.16799249,0.15427868,-0.49696827,-0.2577509,0.14273775,-0.24316989,0.22099705,0.49140337,0.40763372,0.068566024,0.25775877,-0.019465448,-0.4935283,0.23939675,-0.2983482,-0.51151246,-0.25392118,0.8155789,-0.13709277,-0.4153013,0.36897555,-0.17267704,-0.25006363,0.3441618,-0.2606983,0.24828406,0.51857114,0.12908693,-0.17793992,-0.8658045,0.22292951,0.08202353,-0.353259,0.14692526,0.39990512,-0.104367875,-0.20911792,-0.3165546,-0.12809645,-0.60701233,-0.3350728,0.077909134,0.03940993,0.07749894,-0.4215245,0.009073692,0.39070985,0.03906603,-0.25786096,1.0759337,0.23560576,0.4595504,0.05190125,-0.26156396,0.10828332,0.47449723,-0.68247527,0.13864559,-0.24264324,-0.15685879,0.69555444,0.74256253,0.1339494,-0.2637524,-0.015409222,0.060287468,-0.16194206,0.21512087,-0.14578347,0.0155389905,0.54299635,-0.6566942,0.7613217,0.21321623,0.19122365,0.34175482,-0.1338176,-0.0007760132,0.1620212,0.7877943,0.32848763,-0.4373309,0.23236994,0.3515349,0.08234523,0.12745789,0.036964558,-0.63498455,0.042285062,-0.43109712,-0.5156036,-0.04827898,-0.47263286,0.1424375,-0.24032208,0.1511287,0.30685976,-0.19582194,-0.56103176,0.11964536,-0.92049456,-0.06720381,-0.43392077,-0.32744876,1.0475101,-0.6913073,-0.073608965,-0.004628205,0.16653891,-0.21345563,1.2216433,0.20528446,0.5028743,-0.45480308,-0.081849955,0.50518656,-0.10830131,-0.3111076,-0.5252882,0.09983426,0.75677985,0.42810565,-0.35971618,0.18941097,0.31893703,0.37387097,-0.027439356,1.0432794,0.6098244,-0.48853126,-0.43593553,-0.3551045,0.18474469,-0.5742325,0.57698077,-0.47527865,0.9469417,-0.14253263,0.48691407,-0.27582124,-0.10115114,0.5572942,0.34876516,-0.13337259,0.19577722,-0.3198043,0.055411488,0.16771987,-0.046088003,0.07507406,0.05630915,0.18004107,-0.3562761,0.37628064,-0.025330845,-0.028765958,0.07424083,0.45920306,-0.20087373,-0.19742057,-0.37675056,0.078630336,0.0075648013,0.6359906,-0.38791507,0.5359248
Axitinib,-0.51863015,0.11880823,-0.6719799,0.06957472,-0.29328898,-0.38374504,-0.44125775,0.16568242,0.65656036,0.50817645,0.41656357,0.10947771,0.66494954,0.39842087,0.16236542,-0.055737283,0.76706547,-0.2733185,-0.041755043,-0.20146488,-0.26662648,-0.4701619,0.19256614,-0.30018535,0.21927895,-0.1304786,-0.055671096,0.15674233,0.07817327,-0.47934648,0.2673102,0.18269278,0.23020358,-0.16244543,-0.2890804,-0.49188685,0.07606839,0.31818086,-0.42477232,0.23330463,0.06435154,-0.32661486,0.48549262,-0.39677233,-0.46916792,-0.06936637,-0.112416916,0.4862949,0.584933,-0.48711205,0.49441952,-0.2764699,0.06047819,-0.5700092,0.1923647,0.48727053,-0.15596212,0.4577743,-0.4390065,0.24861096,0.504487,-0.37651387,-0.17055488,-0.41329616,1.0671523,-0.15399066,-0.071865454,0.016716009,0.61947733,-0.03892787,0.07322142,-0.59426165,-0.061958604,-0.037603594,-0.22923239,-0.26822716,0.017565848,-0.013041751,-0.5327724,-0.5434616,0.06937783,-0.09158567,-0.40195158,-0.17188372,-0.1769362,-0.27870953,0.22842553,-0.5763221,-0.23562442,0.4461239,0.13588223,0.14968696,-0.51566654,-0.2733257,0.1490703,-0.24040532,0.24527395,0.5233315,0.4401786,0.06186989,0.2517302,-0.001134901,-0.51469654,0.1946,-0.314262,-0.5036981,-0.28153417,0.87875545,-0.13326499,-0.44506285,0.40688848,-0.1954316,-0.27566797,0.3500975,-0.24202998,0.23916103,0.5577198,0.14627257,-0.1830875,-0.8574724,0.22940949,0.098741606,-0.37010008,0.12253321,0.39365286,-0.061280895,-0.20577022,-0.3084475,-0.14123073,-0.58648777,-0.3425467,0.09467889,0.03898773,0.08269977,-0.42796463,0.0579422,0.37721232,0.061688367,-0.24707003,1.1180733,0.24208806,0.44282705,0.037388712,-0.28777876,0.11547864,0.530467,-0.7239067,0.15261324,-0.25185648,-0.17216764,0.719526,0.7930049,0.14205705,-0.29451725,-0.012988253,0.061823286,-0.13780992,0.19639385,-0.16611937,0.035559166,0.55926865,-0.65622526,0.76121044,0.16550986,0.18633111,0.3413684,-0.1515387,-0.019512754,0.17470321,0.80672127,0.3602461,-0.45892736,0.19832715,0.37341934,0.088054314,0.15607424,0.024921196,-0.6590885,0.06047568,-0.44060382,-0.5334071,-0.02718312,-0.48283124,0.15469973,-0.22952268,0.16154411,0.31643993,-0.2034994,-0.5775553,0.17565665,-0.9587618,-0.07892322,-0.4521013,-0.3398588,1.0984858,-0.6881838,-0.10116351,0.034358203,0.22043128,-0.18143936,1.2483339,0.22985215,0.54190785,-0.4822554,-0.101569064,0.4917734,-0.08873958,-0.3317134,-0.56892794,0.10497821,0.7640943,0.45950484,-0.34123755,0.19614217,0.34046894,0.393285,0.01938726,1.080309,0.63054997,-0.46794653,-0.43754223,-0.3778321,0.1733381,-0.5705673,0.57144994,-0.49318805,0.97539854,-0.10473491,0.50344396,-0.26441127,-0.123575106,0.5737237,0.36305615,-0.14210872,0.19757028,-0.29612574,0.040008012,0.18221197,-0.0582302,0.06593303,0.047799136,0.18428466,-0.38354236,0.38859996,-0.0046545863,-0.03858671,0.02594598,0.47745052,-0.20786913,-0.16692641,-0.37027517,0.07080646,0.015429005,0.6243616,-0.39766446,0.5269582
AZD7762,-0.53365713,0.108924635,-0.65404844,0.061020914,-0.3122883,-0.41777027,-0.4363857,0.19787592,0.69134027,0.50803846,0.4390766,0.12778534,0.68317145,0.40607372,0.16553935,-0.0572943,0.78523314,-0.2908247,-0.06864746,-0.20836775,-0.27237755,-0.47921103,0.1938353,-0.28644714,0.23768757,-0.12259128,-0.05880375,0.15710838,0.0754231,-0.47336036,0.27150422,0.18068676,0.22659743,-0.16236705,-0.29990804,-0.5110138,0.05021353,0.33021453,-0.45746616,0.2396069,0.04350161,-0.34828088,0.5235498,-0.43020767,-0.49192208,-0.078404985,-0.12697344,0.5150857,0.6025286,-0.49994308,0.53245413,-0.24912123,0.057399172,-0.558046,0.22208136,0.51294774,-0.15109624,0.45317736,-0.42482677,0.24168843,0.53736246,-0.38152277,-0.16586746,-0.42862728,1.0671391,-0.16253008,-0.055877015,0.011313864,0.62405115,-0.050429806,0.08895633,-0.6241034,-0.086594865,-0.052789517,-0.25022694,-0.27483022,0.027339023,0.00083741656,-0.5660121,-0.5757467,0.05096418,-0.08140186,-0.38527906,-0.19168799,-0.1662721,-0.291794,0.24380325,-0.6234535,-0.2409319,0.45457923,0.15831535,0.14646164,-0.51602507,-0.27702573,0.16065016,-0.24747677,0.24092932,0.5127811,0.43525746,0.06591465,0.2708242,-0.010686325,-0.5201447,0.23083578,-0.3191209,-0.53972703,-0.27415714,0.87201476,-0.14098796,-0.4499993,0.3962196,-0.19187483,-0.26779667,0.35985833,-0.2670604,0.24779129,0.548031,0.14199503,-0.19874007,-0.90437424,0.23840548,0.0981028,-0.39613837,0.14778885,0.41482902,-0.09685857,-0.21504001,-0.33312494,-0.1464921,-0.63683206,-0.35476288,0.09493008,0.04829397,0.08375654,-0.44235513,0.027393883,0.398139,0.045240626,-0.2578729,1.1326799,0.24507447,0.47368363,0.053144313,-0.29625285,0.11803357,0.5143203,-0.7203854,0.1493359,-0.25196758,-0.17280513,0.7243657,0.7798776,0.12759529,-0.29482368,-0.0004940243,0.06480811,-0.15075637,0.20378849,-0.16139111,0.025023255,0.57488036,-0.6833059,0.7916721,0.19995956,0.19227527,0.34556207,-0.14601308,0.005113574,0.17166445,0.84647316,0.35644618,-0.4633279,0.24343988,0.3800493,0.09022167,0.14401579,0.029171016,-0.67525506,0.061527748,-0.46489495,-0.5490329,-0.0425115,-0.4945448,0.14179666,-0.2546511,0.1530326,0.3218246,-0.20537426,-0.5831118,0.14748958,-0.97015935,-0.06981163,-0.4615963,-0.35338715,1.1116153,-0.7256666,-0.09309752,-0.009122912,0.19263875,-0.20910849,1.2722068,0.20499316,0.54333764,-0.48537314,-0.101034254,0.51622677,-0.11083892,-0.33343115,-0.5825527,0.09747574,0.79492205,0.46855214,-0.3788776,0.2051938,0.33088982,0.38599983,-0.0050295764,1.0991966,0.6490369,-0.509053,-0.45596924,-0.3777252,0.18641967,-0.58740515,0.58534056,-0.50112754,0.9884782,-0.12994656,0.5184528,-0.30309674,-0.10671581,0.59799653,0.35488328,-0.15255204,0.20759952,-0.314104,0.06589976,0.18185677,-0.048800074,0.076305725,0.062156726,0.18856728,-0.3831779,0.3978424,-0.028218884,-0.02819389,0.050634302,0.48120648,-0.22205892,-0.19433022,-0.39222535,0.08251252,0.013352841,0.6549152,-0.4096879,0.546903
GW441756,-0.5343608,0.11229172,-0.6706572,0.06562516,-0.30988336,-0.40836343,-0.44545382,0.19240879,0.68789786,0.51747936,0.42886707,0.12055419,0.67784065,0.40726805,0.1599283,-0.051274337,0.794677,-0.28737667,-0.051225845,-0.20718026,-0.27081028,-0.47791412,0.20552164,-0.30095804,0.22359905,-0.12630357,-0.06146593,0.16637616,0.07976643,-0.49380514,0.2712576,0.17843667,0.24417496,-0.17219011,-0.29304907,-0.49799308,0.06851346,0.3256841,-0.43619296,0.23648602,0.062187925,-0.33057517,0.48822823,-0.40550926,-0.48002416,-0.08305179,-0.11631958,0.49775612,0.59235656,-0.49353126,0.5064869,-0.28357098,0.0653551,-0.57981956,0.19950043,0.49011195,-0.16075969,0.46420333,-0.43510386,0.24921031,0.5156089,-0.3818827,-0.17017059,-0.42029458,1.0833322,-0.15887758,-0.077475265,0.008275102,0.62974066,-0.041848738,0.0771612,-0.60738325,-0.06714243,-0.045436952,-0.233385,-0.26841044,0.013430247,-0.017898135,-0.54680043,-0.5652565,0.078232184,-0.08886905,-0.40762222,-0.1782006,-0.17892355,-0.2889205,0.24403499,-0.5988171,-0.23182036,0.45268634,0.14295685,0.14869773,-0.52353925,-0.27148846,0.1516213,-0.25369704,0.24751781,0.5284241,0.44562432,0.056232918,0.26098898,0.0021157584,-0.5290506,0.21360888,-0.31506258,-0.5197208,-0.29475683,0.8908478,-0.13131343,-0.46209127,0.4217296,-0.2029534,-0.27847102,0.35470477,-0.23932256,0.24219036,0.5717235,0.14121893,-0.1899541,-0.8803459,0.23508964,0.10410759,-0.3821526,0.1297,0.40401328,-0.071088046,-0.21654743,-0.3148526,-0.14914785,-0.60418236,-0.35393402,0.09769986,0.03781752,0.091128275,-0.4382803,0.05426772,0.4001376,0.06320486,-0.2535958,1.138598,0.24713826,0.44699475,0.039954647,-0.2988861,0.12111449,0.53762645,-0.72854894,0.15696687,-0.24937291,-0.17695011,0.7320139,0.807387,0.13519171,-0.30257896,-0.0030460411,0.066718176,-0.13080515,0.19515523,-0.16730718,0.034263242,0.5654362,-0.6796594,0.77508587,0.1666694,0.18730083,0.33940396,-0.14978713,-0.021816133,0.17328067,0.83786064,0.3662051,-0.46819744,0.21567231,0.39134464,0.09671491,0.15908211,0.027835155,-0.6790518,0.05645758,-0.45436323,-0.54629344,-0.036759,-0.49559915,0.14591986,-0.24843384,0.1698358,0.31460288,-0.2180008,-0.59501785,0.18899137,-0.9806399,-0.083044454,-0.46602133,-0.35759956,1.1254996,-0.70626765,-0.11834162,0.014116395,0.21762241,-0.18711853,1.2839047,0.22604078,0.55528176,-0.49991468,-0.09918077,0.50259393,-0.086464435,-0.33812073,-0.59450513,0.091745235,0.79158884,0.47251034,-0.353236,0.20251514,0.34880134,0.39959726,0.016376354,1.1103164,0.65774703,-0.48261032,-0.45192984,-0.3818475,0.1830737,-0.58041966,0.58382726,-0.5122706,0.99878955,-0.110699154,0.51450306,-0.2859172,-0.11542822,0.5983667,0.3689556,-0.14283736,0.2032741,-0.31017593,0.060930263,0.18800622,-0.054176066,0.06441311,0.04491676,0.18571542,-0.39445287,0.39441204,-0.0074521224,-0.031563636,0.03328153,0.49190742,-0.2237475,-0.17289825,-0.38443327,0.06559455,0.02719758,0.63707906,-0.4088196,0.5376764
Lestaurtinib,-0.5065277,0.14756806,-0.6565119,0.07374724,-0.28894907,-0.3732433,-0.4385151,0.17044236,0.64171124,0.4712656,0.40921497,0.10182591,0.6615,0.40067923,0.16327426,-0.07173827,0.746188,-0.25830022,-0.07115046,-0.1832368,-0.25067636,-0.46142817,0.16499639,-0.28796938,0.240914,-0.13270907,-0.0368524,0.15247798,0.04280693,-0.4438388,0.27655163,0.16373082,0.22047031,-0.15780632,-0.2705384,-0.52543235,0.087612994,0.31364447,-0.41594085,0.22098075,0.06473184,-0.3225395,0.5004604,-0.3833562,-0.47292638,-0.07831752,-0.1430871,0.4622347,0.56631565,-0.46219635,0.5151777,-0.2692061,0.08924347,-0.5451533,0.18825004,0.4984199,-0.108517624,0.48950613,-0.41626868,0.23669378,0.50373226,-0.3978697,-0.16281386,-0.38362324,1.0547419,-0.16690233,-0.07977434,0.0033891245,0.59271526,-0.044867557,0.082364365,-0.5813976,-0.07747862,-0.0032551582,-0.24516752,-0.27190304,0.015900685,-0.014398443,-0.5111392,-0.53399086,0.033549517,-0.10441572,-0.38413316,-0.17344433,-0.16853374,-0.2608182,0.21207786,-0.5560296,-0.23315302,0.4453076,0.15707074,0.16710272,-0.5128088,-0.25576258,0.12839036,-0.24620625,0.22077611,0.5200229,0.42099422,0.06655541,0.23969287,-0.010923571,-0.49978626,0.21791801,-0.29647642,-0.48049125,-0.26503348,0.8333511,-0.13001636,-0.411326,0.38427928,-0.17816065,-0.26760694,0.34411025,-0.24270338,0.25163507,0.5380696,0.1359196,-0.1581877,-0.8417098,0.21281263,0.0776687,-0.3184566,0.12706225,0.3910765,-0.07720803,-0.20559905,-0.2966261,-0.117143385,-0.56905234,-0.32906237,0.07197266,0.025936734,0.07936561,-0.41503182,0.031793542,0.38965845,0.056605928,-0.25748542,1.0862981,0.24157977,0.4420921,0.03698135,-0.24489999,0.10251155,0.49781528,-0.69594276,0.1446516,-0.2503978,-0.15682893,0.70795786,0.77252066,0.15561837,-0.25875852,-0.036029443,0.05596882,-0.15809534,0.2243838,-0.14951104,0.021768862,0.53709,-0.6461687,0.7489186,0.19197547,0.19379048,0.35139155,-0.13806932,-0.032283667,0.16686815,0.75348806,0.32979533,-0.4408947,0.18783808,0.34901303,0.08104938,0.13564955,0.03399391,-0.6261998,0.029787675,-0.41165477,-0.50756025,-0.03509009,-0.47530797,0.16384126,-0.21457109,0.17023799,0.31058288,-0.19912447,-0.57141894,0.14047568,-0.9260929,-0.08344696,-0.42987204,-0.3155757,1.049732,-0.66816217,-0.07553373,0.04626378,0.18989486,-0.19614066,1.2341927,0.24432856,0.50667673,-0.45928037,-0.07556002,0.4988127,-0.08980011,-0.31576255,-0.50605774,0.113329425,0.74083525,0.41511598,-0.324707,0.17930707,0.34096554,0.39679238,-0.014501139,1.0475907,0.6027274,-0.45958388,-0.43023747,-0.3598211,0.17843468,-0.5767704,0.5881494,-0.4780696,0.9581967,-0.12772106,0.47752032,-0.2328729,-0.11790979,0.5403951,0.37558287,-0.11636799,0.19011223,-0.32282707,0.025859825,0.16901225,-0.056380514,0.06402021,0.04310493,0.18044844,-0.35825795,0.37488365,0.00040698436,-0.04315561,0.06621525,0.46688607,-0.18516904,-0.18303356,-0.36602777,0.06703102,0.0075908666,0.6241483,-0.3782563,0.5384769
SB216763,-0.5471604,0.11701704,-0.6838077,0.068552636,-0.31695184,-0.41825625,-0.4549798,0.19554256,0.70457315,0.5295272,0.4420029,0.12594223,0.6992488,0.41671,0.16740365,-0.059752926,0.8079161,-0.29428098,-0.060075574,-0.21331331,-0.28139868,-0.4923601,0.20295002,-0.30318803,0.2333013,-0.13069728,-0.058666684,0.16499524,0.07950913,-0.49616042,0.27881053,0.18861851,0.2398735,-0.17298792,-0.3074174,-0.5196742,0.063323386,0.33309585,-0.4568087,0.2455342,0.056925487,-0.3478793,0.5204775,-0.42661923,-0.4985138,-0.079402894,-0.12524596,0.5211113,0.6135595,-0.5105561,0.5357761,-0.27285093,0.061440036,-0.583152,0.2187772,0.5170165,-0.16030712,0.4738712,-0.44582856,0.25643015,0.53988904,-0.39069232,-0.17329685,-0.43750355,1.1073397,-0.16476174,-0.06851833,0.015803637,0.6456913,-0.04862744,0.08625974,-0.6326627,-0.07507889,-0.052354693,-0.246887,-0.28100428,0.021625083,-0.010485401,-0.57121885,-0.58257353,0.06740507,-0.089347325,-0.4103789,-0.1896221,-0.17813674,-0.29924905,0.24864799,-0.6264862,-0.2434545,0.46957725,0.1521773,0.15131132,-0.5337786,-0.28320065,0.16006407,-0.2552016,0.2506664,0.5370273,0.4537759,0.062453095,0.27205127,-0.0044718976,-0.5416822,0.22211736,-0.32830733,-0.5401117,-0.29338172,0.90807223,-0.14155875,-0.46846974,0.42033753,-0.20050111,-0.28336534,0.36642662,-0.26079497,0.25108013,0.57444793,0.14864416,-0.19746299,-0.9156976,0.24162008,0.10145244,-0.39749542,0.14087689,0.41927925,-0.08257763,-0.21970597,-0.33282024,-0.1511232,-0.63873065,-0.36393657,0.09967323,0.04831817,0.086886235,-0.45290864,0.043354448,0.4065303,0.055835366,-0.26186183,1.1688147,0.2549197,0.47499388,0.04719601,-0.3029545,0.12096239,0.5456334,-0.74550515,0.1570009,-0.26122943,-0.17620836,0.7479144,0.81427246,0.13596828,-0.30530244,-0.0045576734,0.06916946,-0.14637744,0.20712705,-0.17150006,0.031735495,0.58824605,-0.6977789,0.8074317,0.18697487,0.19615239,0.35548002,-0.15363182,-0.008654701,0.17826374,0.8615379,0.3698679,-0.4790738,0.2306411,0.39319965,0.094892904,0.15418272,0.028109588,-0.69497216,0.06024654,-0.47285256,-0.561094,-0.036883935,-0.50853944,0.15138608,-0.2519223,0.16682087,0.32956237,-0.21665773,-0.6030995,0.1711545,-1.0025204,-0.08022941,-0.4748882,-0.3627299,1.1484082,-0.737614,-0.104366206,0.009161644,0.21492013,-0.19989784,1.3140476,0.22544001,0.5676218,-0.50369596,-0.10600977,0.5235387,-0.10223214,-0.34555686,-0.6022807,0.10091506,0.8111286,0.48247,-0.37324047,0.20952128,0.3507054,0.40735543,0.008707137,1.1332359,0.66601527,-0.50845796,-0.46384358,-0.3918637,0.19206141,-0.6003518,0.59954065,-0.5201133,1.0211545,-0.12307825,0.5320555,-0.29483968,-0.11579993,0.6124179,0.37339056,-0.15426473,0.20949529,-0.31710237,0.058644596,0.19141959,-0.05214545,0.07385549,0.056052584,0.19194889,-0.3998692,0.40915504,-0.016766727,-0.0314877,0.041800085,0.49864715,-0.22649041,-0.18722495,-0.40000325,0.07525626,0.01771861,0.66578865,-0.41817322,0.55766004
Tanespimycin,-0.5076602,0.10705344,-0.5815031,0.0507234,-0.31013316,-0.4205668,-0.39726335,0.22307153,0.6741885,0.45372862,0.4313509,0.13298552,0.6553733,0.38402626,0.15799254,-0.062641576,0.73906887,-0.28014216,-0.1079461,-0.1932297,-0.253192,-0.45029172,0.168302,-0.24642317,0.25487033,-0.10771841,-0.045864522,0.14323986,0.05086394,-0.41589442,0.26639006,0.156014,0.20410082,-0.14702061,-0.27988887,-0.5125119,0.02504008,0.32031322,-0.45976004,0.22324285,0.017768392,-0.35009807,0.53541,-0.43194163,-0.4848769,-0.08744419,-0.14789686,0.4969901,0.5668796,-0.46911675,0.5472461,-0.19889575,0.06483731,-0.4921856,0.23672307,0.5129181,-0.11260037,0.42965958,-0.36651808,0.21041635,0.5331087,-0.372125,-0.14882958,-0.40140176,0.98597825,-0.16768104,-0.03721533,-0.0024930015,0.5715802,-0.062437784,0.10073244,-0.6057712,-0.11634863,-0.048565928,-0.26590452,-0.26708755,0.033938415,0.014225455,-0.551548,-0.5657336,0.0069360463,-0.06767296,-0.32944876,-0.20148025,-0.1391938,-0.2751897,0.23870246,-0.6203328,-0.22714515,0.4287117,0.18330272,0.14339665,-0.47743955,-0.25014997,0.14997868,-0.24143055,0.20997638,0.46035323,0.38690448,0.069863975,0.26915175,-0.028208375,-0.48108038,0.2657132,-0.29484695,-0.5298846,-0.23831184,0.77978534,-0.14051501,-0.40806824,0.3460041,-0.16316544,-0.23181908,0.34094718,-0.27574188,0.2461638,0.4885598,0.12063594,-0.18959387,-0.88398653,0.22535147,0.07938721,-0.37086758,0.16646482,0.40737188,-0.13730413,-0.2103151,-0.33088976,-0.1305621,-0.6386075,-0.33581796,0.07824167,0.04888215,0.0767035,-0.42308268,-0.0220309,0.39743057,0.020387018,-0.25878027,1.0508045,0.229542,0.4742163,0.064637035,-0.26499993,0.108134836,0.4426822,-0.6525927,0.13167766,-0.23163734,-0.15294664,0.6753667,0.7004421,0.110729605,-0.2571618,0.0017184262,0.061172657,-0.16600157,0.21261661,-0.1365106,0.005039394,0.54119426,-0.66133386,0.7635865,0.23973145,0.18932554,0.3309244,-0.1251969,0.024381319,0.15333764,0.8036746,0.31426233,-0.4250907,0.27256742,0.34893107,0.08207943,0.11137687,0.037383933,-0.6294271,0.043668546,-0.44349757,-0.51515704,-0.061255835,-0.46764636,0.12070823,-0.25965086,0.1353489,0.30020323,-0.19260046,-0.54647267,0.08924176,-0.8999076,-0.055464268,-0.4281682,-0.3310813,1.0238346,-0.70332503,-0.06627257,-0.051643524,0.13322538,-0.23329283,1.1997286,0.16831072,0.48770732,-0.44347978,-0.081423275,0.5097887,-0.1254767,-0.30379105,-0.5258021,0.08521,0.76187366,0.42498413,-0.38699305,0.19156867,0.297446,0.35128513,-0.049515195,1.0241225,0.60940945,-0.5154633,-0.43980476,-0.34223112,0.19088554,-0.56649286,0.56582344,-0.46750978,0.92455554,-0.1617361,0.4848681,-0.308553,-0.079927154,0.5638869,0.32593286,-0.14128363,0.20069118,-0.32412007,0.08220383,0.16264942,-0.033596966,0.08532845,0.06867056,0.17537344,-0.34435898,0.37249836,-0.04823827,-0.015004961,0.09467743,0.44501767,-0.20961566,-0.21811588,-0.38719636,0.08762522,0.0053498605,0.6435722,-0.38688278,0.5356302
Motesanib,-0.49747834,0.1267636,-0.6429663,0.068657935,-0.28134504,-0.3657888,-0.42378333,0.16057046,0.62740314,0.47398618,0.40309936,0.10155247,0.64141357,0.38322446,0.15969515,-0.058085237,0.7323305,-0.25641578,-0.05306202,-0.18743275,-0.24916804,-0.45002222,0.17436232,-0.28414908,0.22353593,-0.12793122,-0.04555177,0.14949392,0.061827965,-0.446449,0.26309934,0.16817422,0.21704575,-0.15216562,-0.2703316,-0.4920767,0.07699959,0.30781078,-0.40939492,0.22081326,0.060325313,-0.31670818,0.48102278,-0.38216788,-0.45694685,-0.06875712,-0.12175698,0.45972154,0.5582543,-0.461197,0.48677287,-0.26351127,0.07149192,-0.5401532,0.18641593,0.47740635,-0.12840325,0.45229027,-0.4140162,0.23204426,0.4892662,-0.37454098,-0.16442075,-0.38965696,1.0245818,-0.15478243,-0.07033964,0.00813128,0.58485276,-0.03875596,0.072951145,-0.56842273,-0.0698804,-0.019645002,-0.23078452,-0.26260993,0.017985016,-0.011025995,-0.5050944,-0.52186763,0.047934618,-0.09191429,-0.37869123,-0.16652489,-0.16720788,-0.2589293,0.21352722,-0.54823935,-0.22810675,0.4291456,0.1419866,0.15384509,-0.49679986,-0.25898984,0.13592954,-0.23409057,0.22776894,0.50304294,0.41565642,0.06337424,0.23964854,-0.0073469128,-0.48933014,0.20062451,-0.29547903,-0.48093823,-0.26268238,0.828805,-0.12846452,-0.41439098,0.38131568,-0.18046267,-0.25971577,0.3361674,-0.2365731,0.23722985,0.53065425,0.13579518,-0.16766074,-0.8221437,0.21643998,0.08714485,-0.3379818,0.1219361,0.37941656,-0.06736587,-0.1993355,-0.29438028,-0.12682192,-0.55957544,-0.32534233,0.0809661,0.031554163,0.07758218,-0.40777406,0.043908753,0.36724448,0.056388933,-0.2447671,1.0661241,0.23163699,0.42854366,0.037769113,-0.26028284,0.1071561,0.49426532,-0.6900955,0.14265373,-0.24267009,-0.15989521,0.6905853,0.7576961,0.14552762,-0.26956955,-0.023478003,0.057665773,-0.1455497,0.20211215,-0.1529294,0.027828133,0.5303296,-0.63125277,0.7323327,0.1742356,0.18355966,0.3352956,-0.14001182,-0.021392288,0.16619645,0.75769603,0.33697945,-0.43583974,0.18967886,0.3483093,0.08079897,0.14234446,0.030831585,-0.6235262,0.047897585,-0.41212413,-0.50414294,-0.031920515,-0.46232435,0.1537824,-0.21858409,0.15693401,0.30259705,-0.19296503,-0.5550666,0.15204416,-0.91209346,-0.074454546,-0.4282234,-0.31799635,1.0406743,-0.6572209,-0.08568115,0.03545041,0.19755553,-0.1840483,1.1985952,0.22707035,0.5060974,-0.45506868,-0.08649465,0.47941107,-0.087487236,-0.31119257,-0.5211356,0.106500395,0.72959363,0.42582133,-0.32515472,0.18346517,0.32654658,0.3786628,0.0028961648,1.0294689,0.5959188,-0.44866365,-0.4190085,-0.35743213,0.16886218,-0.5557624,0.56054336,-0.4686255,0.9344267,-0.11288216,0.4757462,-0.24462627,-0.11781245,0.5389135,0.35356918,-0.12669167,0.18708238,-0.29787597,0.033061396,0.16961114,-0.056752916,0.063555054,0.045565017,0.17816904,-0.35934278,0.36890963,-0.0045890426,-0.03947602,0.04240886,0.45681375,-0.19050178,-0.16777168,-0.35472938,0.069051765,0.01062336,0.604533,-0.37836906,0.5140079
KU-55933,-0.54958576,0.11745604,-0.6972019,0.068192035,-0.3153696,-0.4161326,-0.46081823,0.18442486,0.7015833,0.53365993,0.445781,0.12261645,0.70321083,0.42114538,0.17089593,-0.058178212,0.8119278,-0.29525402,-0.051815294,-0.21481387,-0.28138208,-0.49661005,0.20262364,-0.30943456,0.23493049,-0.13317186,-0.061884403,0.16508038,0.08302203,-0.5028383,0.278858,0.19207373,0.2390157,-0.16966245,-0.3080279,-0.52101666,0.06752459,0.33866674,-0.45829472,0.24764198,0.05788618,-0.34960952,0.52370703,-0.42968968,-0.5013041,-0.075568624,-0.12087112,0.52239835,0.6213305,-0.5166987,0.5314954,-0.27877557,0.058634598,-0.59423757,0.21461488,0.51916325,-0.1633287,0.47571418,-0.45575842,0.25749162,0.54231936,-0.3948055,-0.17748126,-0.4418653,1.1171273,-0.1626356,-0.06825362,0.016936155,0.6510446,-0.045209758,0.08350801,-0.63484865,-0.075680435,-0.047203436,-0.24709775,-0.28275707,0.02309948,-0.006940743,-0.57240176,-0.5824267,0.06747146,-0.09125668,-0.41555136,-0.18751927,-0.18106993,-0.2974656,0.24519393,-0.62451214,-0.2502269,0.46979663,0.15044163,0.15389787,-0.540729,-0.2902597,0.16440545,-0.2537049,0.2562392,0.5437175,0.461439,0.06586946,0.27093711,-0.0041658035,-0.54211473,0.21750641,-0.3317423,-0.5439582,-0.29220778,0.92115635,-0.14153804,-0.4700318,0.42225862,-0.20577352,-0.2873347,0.37093025,-0.26378828,0.2531717,0.58121765,0.15197505,-0.20046625,-0.9166623,0.24366005,0.10447171,-0.40150964,0.13860652,0.42108178,-0.0783223,-0.2196038,-0.33302274,-0.15217026,-0.63497704,-0.36485407,0.10055785,0.04534921,0.08786325,-0.45411256,0.050031535,0.40306395,0.05760866,-0.26100308,1.1784409,0.25498974,0.4762283,0.04653816,-0.30688864,0.1231559,0.5499236,-0.75943094,0.15932712,-0.26492232,-0.18161526,0.7555125,0.82598144,0.14167644,-0.31074104,-0.0079109715,0.0667689,-0.14888783,0.20685604,-0.17293447,0.03383551,0.59321034,-0.69898504,0.81001014,0.184981,0.19758895,0.35819972,-0.15720259,-0.0083268685,0.18142639,0.8644194,0.37725773,-0.48394147,0.22647019,0.39400116,0.09334752,0.1600858,0.02825698,-0.69937426,0.06759924,-0.47416517,-0.5659221,-0.033906035,-0.5114445,0.15676916,-0.2509774,0.16526096,0.33443996,-0.21300532,-0.6075921,0.17455778,-1.009821,-0.07831894,-0.4782643,-0.36273676,1.1589624,-0.73813546,-0.10312702,0.017709367,0.22169542,-0.20047265,1.3178691,0.23027791,0.5708419,-0.5082974,-0.10722552,0.5237168,-0.103541374,-0.34855148,-0.6045303,0.106820755,0.8122259,0.48731056,-0.3736628,0.21035822,0.35124752,0.40794277,0.012583105,1.1415511,0.669578,-0.505784,-0.4673158,-0.39747864,0.18614458,-0.6053765,0.60288453,-0.5198019,1.0278486,-0.11780831,0.5355132,-0.29612803,-0.1232212,0.6120526,0.37677556,-0.15469973,0.2111552,-0.31506008,0.053713437,0.19062187,-0.05849473,0.07226705,0.056782246,0.19537908,-0.40288338,0.41206357,-0.0150601575,-0.036686853,0.03434418,0.50127274,-0.22513145,-0.1853309,-0.39608195,0.08018603,0.01607618,0.6656369,-0.4213594,0.55898845
Elesclomol,-0.5400565,0.10107844,-0.6530696,0.060073067,-0.31881976,-0.42888257,-0.43638495,0.20831986,0.7052288,0.5202244,0.4425455,0.13469814,0.68825215,0.4077282,0.16404702,-0.05376099,0.79555005,-0.29669195,-0.06769001,-0.21427311,-0.2809857,-0.4834663,0.20554687,-0.28888994,0.23444816,-0.118868016,-0.06263813,0.15860175,0.08481302,-0.48332497,0.2728558,0.1834289,0.23418137,-0.16797985,-0.30718517,-0.50385463,0.046150953,0.3317055,-0.4629959,0.24440458,0.04357681,-0.35150278,0.5201854,-0.43474057,-0.49062294,-0.08070474,-0.122797385,0.5260281,0.60837007,-0.5062286,0.5334065,-0.2479282,0.051533572,-0.5624499,0.22554009,0.5126143,-0.16659558,0.44727594,-0.42705327,0.24778853,0.539953,-0.3758604,-0.1637684,-0.43562627,1.0745405,-0.1629719,-0.05401566,0.014225887,0.6360716,-0.051170636,0.089310475,-0.63421375,-0.07989584,-0.06869119,-0.24630569,-0.2731642,0.02629969,-0.0007326906,-0.5775302,-0.5860603,0.06250847,-0.07732938,-0.3895768,-0.19517863,-0.16710208,-0.3035543,0.25398535,-0.6368537,-0.2398755,0.4606898,0.1548583,0.14122242,-0.5162939,-0.27750468,0.16346458,-0.25086015,0.24545328,0.5136673,0.43915275,0.06216944,0.27732852,-0.0068517383,-0.5285726,0.22872509,-0.32501334,-0.54915625,-0.2830244,0.88321334,-0.1426215,-0.46165806,0.406506,-0.19602491,-0.2696647,0.36110958,-0.2657304,0.24420778,0.55329853,0.14344302,-0.20492488,-0.91919506,0.24562652,0.103729345,-0.41279995,0.14858907,0.41954282,-0.09548253,-0.21685258,-0.34103101,-0.15371554,-0.6508759,-0.36171138,0.102966376,0.052658416,0.085713014,-0.4504937,0.03136394,0.4017894,0.04655985,-0.25848156,1.1452782,0.24768274,0.47607934,0.053289816,-0.31078652,0.119904585,0.52600884,-0.72319955,0.15198106,-0.2506515,-0.17694476,0.7290249,0.78481627,0.11941123,-0.3049792,0.0119568175,0.067048855,-0.14230593,0.19581518,-0.16607276,0.028221155,0.5835494,-0.6910193,0.7995586,0.19568719,0.19066146,0.34263492,-0.14919701,0.0071679917,0.1738955,0.8684602,0.36332804,-0.46780145,0.25223097,0.3920616,0.09458796,0.1472025,0.02428734,-0.6860341,0.0640075,-0.47733662,-0.5590253,-0.04199108,-0.49961793,0.13501576,-0.2638519,0.15225665,0.3222006,-0.21147169,-0.5874277,0.15754302,-0.9831875,-0.07215131,-0.46874645,-0.3647225,1.1270671,-0.73533547,-0.1041086,-0.019403778,0.19798337,-0.20761804,1.2840152,0.19798982,0.5548082,-0.4927943,-0.10882043,0.5182799,-0.10987736,-0.34018046,-0.6063363,0.089325584,0.8104621,0.4823139,-0.38738275,0.21159789,0.33447585,0.388509,0.0005357558,1.1127753,0.66144615,-0.5199559,-0.45900667,-0.3807199,0.19035636,-0.58474904,0.58386004,-0.5107295,0.99647915,-0.1275225,0.5261242,-0.31488454,-0.10357137,0.6153213,0.35244948,-0.1598417,0.21097566,-0.31153107,0.07376301,0.18739901,-0.044432927,0.08025127,0.06317046,0.18855885,-0.39157635,0.40235996,-0.031735484,-0.02396931,0.044700317,0.48767546,-0.23269299,-0.19349724,-0.4008475,0.081652656,0.016683174,0.66110736,-0.41699302,0.5462598
Afatinib,-0.52722067,0.11322805,-0.65074384,0.06321207,-0.30684873,-0.4072617,-0.43434346,0.19261864,0.67982966,0.50101364,0.43193305,0.12366783,0.6747051,0.40178114,0.16461354,-0.05764119,0.77530146,-0.28337693,-0.06775609,-0.20358324,-0.26828504,-0.4732813,0.19016463,-0.28605807,0.23540401,-0.123218186,-0.05582123,0.15643367,0.07159564,-0.466933,0.2705467,0.17746122,0.22550519,-0.16179866,-0.29428533,-0.5091835,0.05590812,0.32447928,-0.44792426,0.23625892,0.048047762,-0.34146124,0.5154833,-0.42013016,-0.48513502,-0.07718235,-0.1279133,0.5038413,0.59401935,-0.48992756,0.52416176,-0.2519216,0.06213482,-0.5532325,0.215516,0.5059837,-0.14520106,0.45543945,-0.42228553,0.2405205,0.528646,-0.38034558,-0.164159,-0.41983548,1.0597385,-0.16269398,-0.059767142,0.009602139,0.6162761,-0.048427194,0.08697631,-0.6139789,-0.081863664,-0.045800924,-0.24581334,-0.27201256,0.024898712,-0.0026893746,-0.55368733,-0.56600213,0.050575614,-0.08462018,-0.38407138,-0.18638603,-0.1662426,-0.28610626,0.23696782,-0.6084244,-0.23713188,0.4513351,0.15540218,0.14844133,-0.5125321,-0.2726117,0.15408966,-0.24566698,0.23629777,0.5123123,0.4307666,0.06425344,0.2637906,-0.008916613,-0.51527685,0.22570552,-0.31312698,-0.52712846,-0.2728195,0.8618197,-0.13818815,-0.44215256,0.3937295,-0.18964761,-0.26637405,0.35502148,-0.26044172,0.24583463,0.54479873,0.14083111,-0.1913861,-0.88952786,0.23412241,0.09490677,-0.38324222,0.14350681,0.4077108,-0.09136574,-0.21257007,-0.32561827,-0.1419933,-0.62208,-0.34939834,0.09176578,0.044766556,0.08226523,-0.43513766,0.029913478,0.39386186,0.048662387,-0.25633672,1.1198646,0.24343698,0.4649598,0.049946304,-0.28799012,0.11511816,0.51141363,-0.7127777,0.14719227,-0.2504317,-0.16999918,0.7168468,0.77540314,0.13101119,-0.2888763,-0.0051852292,0.06403341,-0.14943606,0.20436567,-0.15987721,0.025124116,0.5654779,-0.6740604,0.7808579,0.19455285,0.1908548,0.3446814,-0.14352399,-0.0016879637,0.17075437,0.82882404,0.35149547,-0.45794818,0.23210418,0.37379566,0.089197315,0.14285576,0.030297592,-0.6642828,0.056463584,-0.45362404,-0.5397968,-0.04089933,-0.4887914,0.14456864,-0.24755627,0.15464188,0.31750253,-0.20336954,-0.5778816,0.14849915,-0.95883673,-0.07232795,-0.45500147,-0.34590027,1.0971977,-0.7124147,-0.09242741,-0.0012165926,0.19288042,-0.20429859,1.2596438,0.21073304,0.5363048,-0.47822824,-0.097342595,0.51045924,-0.10571331,-0.32896468,-0.56966066,0.098579705,0.78291035,0.458642,-0.36746445,0.20121129,0.33131236,0.38642263,-0.003924319,1.085792,0.6383256,-0.49741402,-0.447587,-0.3729847,0.18354642,-0.58125603,0.582527,-0.49617335,0.978272,-0.12748404,0.50896144,-0.29009256,-0.10702915,0.5870253,0.3554584,-0.1462945,0.20282081,-0.31314075,0.059731413,0.18012817,-0.049519155,0.073370256,0.05952181,0.18686938,-0.37816873,0.3913539,-0.02334443,-0.02979039,0.050726052,0.47751725,-0.21641126,-0.1894162,-0.38591805,0.07957012,0.013678339,0.6459269,-0.40307015,0.54192847
Vismodegib,-0.57677,0.09969452,-0.7132997,0.066990264,-0.3341401,-0.44864383,-0.47341788,0.20908235,0.74830717,0.5745467,0.46391845,0.14148422,0.72928375,0.4342485,0.17293899,-0.05237821,0.85476303,-0.3188255,-0.049814966,-0.23402204,-0.30431345,-0.51824665,0.22988507,-0.319413,0.22979766,-0.13019882,-0.07432538,0.17385326,0.10353817,-0.5353081,0.28278872,0.20670973,0.2554344,-0.18650919,-0.335224,-0.51773614,0.053900644,0.3467448,-0.48295358,0.26354453,0.056629583,-0.36428636,0.53287274,-0.45424178,-0.51575595,-0.079994015,-0.114340544,0.5615939,0.6527154,-0.5442039,0.54802775,-0.28197628,0.045000985,-0.61694676,0.23228359,0.53207296,-0.19851583,0.47195566,-0.473397,0.27564624,0.5651554,-0.3900168,-0.17829682,-0.47160298,1.1569796,-0.16484012,-0.065064944,0.024046222,0.69006544,-0.0489376,0.08859424,-0.67141074,-0.067023024,-0.08150321,-0.24618918,-0.2868512,0.023863062,-0.008633992,-0.6141528,-0.61767745,0.09448891,-0.08479061,-0.43487334,-0.19983333,-0.18751685,-0.3277643,0.2709336,-0.6715173,-0.25369075,0.4926513,0.14591666,0.14248587,-0.555343,-0.30399683,0.17955293,-0.2623693,0.27267215,0.5594346,0.48298308,0.05993414,0.29228932,0.0032940495,-0.5733523,0.2194408,-0.35173494,-0.5787415,-0.31516036,0.96930313,-0.14957857,-0.5082202,0.45055592,-0.21901268,-0.30012053,0.38519096,-0.27272168,0.25255102,0.6057152,0.16109279,-0.2227181,-0.9701175,0.26242882,0.11883432,-0.4500385,0.14720981,0.43959698,-0.0803916,-0.2286934,-0.35699657,-0.17204565,-0.68393135,-0.3880253,0.118424356,0.059884936,0.09283442,-0.48005122,0.056910727,0.41949347,0.059875593,-0.26717815,1.2362189,0.26677948,0.4974999,0.050910685,-0.34297898,0.1313307,0.5884315,-0.785781,0.16806944,-0.2706926,-0.19326209,0.7817617,0.85483927,0.12635261,-0.34032854,0.015164155,0.07496947,-0.13671482,0.19668777,-0.18852942,0.040124565,0.62687254,-0.7333413,0.84904397,0.17993031,0.1979748,0.361263,-0.16621943,0.0011975934,0.18890974,0.9354632,0.40091917,-0.5091252,0.2528708,0.42784917,0.10482292,0.1696515,0.021344023,-0.7432458,0.07868698,-0.513537,-0.60161465,-0.035530005,-0.53555363,0.14827646,-0.27374014,0.16765521,0.34553775,-0.229028,-0.629867,0.19666035,-1.0622038,-0.0826698,-0.5083012,-0.39440414,1.2230115,-0.78432685,-0.12618001,-0.0056108753,0.23729803,-0.20115955,1.3774493,0.21985552,0.6130184,-0.5367876,-0.12730281,0.5423892,-0.108166665,-0.3706407,-0.6699409,0.09623745,0.86346936,0.52968895,-0.40253612,0.22985566,0.36444193,0.42086092,0.02791485,1.1997602,0.7130507,-0.5407267,-0.48773786,-0.4160092,0.19814736,-0.6185569,0.6136157,-0.55222565,1.0721501,-0.11545849,0.56999266,-0.33094198,-0.11799761,0.6638748,0.3791243,-0.17723845,0.22415723,-0.31503886,0.07486907,0.20810558,-0.051410113,0.07826625,0.06406432,0.20224617,-0.4301916,0.43436664,-0.024576522,-0.028203478,0.021930335,0.52623224,-0.25392976,-0.18883765,-0.42300496,0.08058576,0.024947086,0.6946244,-0.44607627,0.5739302
Staurosporine,-0.5051808,0.14427672,-0.6500779,0.07233041,-0.28926307,-0.3749655,-0.43450943,0.17322229,0.64189464,0.46952203,0.40890524,0.1034812,0.65891516,0.39821646,0.1621613,-0.07084955,0.74364114,-0.25892702,-0.07275154,-0.18351282,-0.25048164,-0.45939717,0.16534682,-0.2845632,0.2400834,-0.1308409,-0.03750842,0.15142217,0.043708935,-0.4413027,0.27492845,0.16311434,0.21903585,-0.15710539,-0.27053928,-0.52215225,0.08351988,0.3127501,-0.41697854,0.22055894,0.06192691,-0.3230131,0.5003095,-0.38487044,-0.47178414,-0.07845608,-0.1425845,0.46329057,0.56447285,-0.46151996,0.51523906,-0.26430485,0.087126195,-0.5405531,0.19067279,0.4974175,-0.10938557,0.48378834,-0.41232523,0.23486783,0.50370556,-0.39439952,-0.16151072,-0.38392082,1.0474855,-0.16618899,-0.07696859,0.0034091813,0.5901056,-0.045773145,0.083040535,-0.5810337,-0.078794755,-0.0068077696,-0.2452783,-0.27074468,0.016853744,-0.013025729,-0.5123318,-0.5341261,0.03276498,-0.10161854,-0.38008147,-0.17461564,-0.16654226,-0.26136667,0.21348341,-0.55840915,-0.2317973,0.44301912,0.15760793,0.16471429,-0.5089262,-0.25465792,0.12931232,-0.24507496,0.21979843,0.5147507,0.41775766,0.06634928,0.24103375,-0.011753689,-0.49749696,0.21935408,-0.2957889,-0.4820465,-0.26320288,0.8281673,-0.13036418,-0.4106137,0.38139942,-0.17676061,-0.2647535,0.34282494,-0.24364498,0.25027236,0.53375596,0.13477188,-0.15975894,-0.84166616,0.21309327,0.077920936,-0.3211195,0.12880114,0.3908299,-0.07998779,-0.2051482,-0.29785156,-0.11792525,-0.571776,-0.3286487,0.07253992,0.027673624,0.07885354,-0.41451117,0.028923899,0.38861775,0.05442724,-0.25651085,1.0812731,0.24023151,0.44253764,0.038464446,-0.24593836,0.10266892,0.493836,-0.691339,0.14350128,-0.24834354,-0.15598652,0.7038457,0.76601696,0.15217319,-0.2582728,-0.033135563,0.056311592,-0.15743385,0.22247781,-0.1486794,0.021044454,0.53592664,-0.644832,0.747653,0.1935306,0.19271159,0.34889823,-0.13705626,-0.028726248,0.16569172,0.7548078,0.32814088,-0.4387997,0.19227879,0.34845787,0.08111084,0.13391186,0.03363443,-0.62489796,0.030661982,-0.41267085,-0.5067603,-0.036217086,-0.47325766,0.16039306,-0.21650857,0.16772874,0.30919468,-0.19848533,-0.567984,0.13768013,-0.92216754,-0.08160196,-0.4288325,-0.31604916,1.0456283,-0.668533,-0.075276904,0.040300634,0.18659194,-0.19706458,1.2285914,0.23879732,0.5047056,-0.457129,-0.07627092,0.49781182,-0.0913563,-0.31440896,-0.5068917,0.111046396,0.7401309,0.41509357,-0.32743707,0.17975289,0.33751762,0.39302167,-0.015777284,1.04319,0.60152644,-0.46172768,-0.4293732,-0.35788727,0.17885466,-0.57397646,0.5843919,-0.4761673,0.95334834,-0.12901284,0.4770227,-0.23668995,-0.11528356,0.5408201,0.37111357,-0.11802492,0.19011123,-0.3213552,0.029318534,0.16854025,-0.054560553,0.06515355,0.044334885,0.1794607,-0.35679606,0.3738307,-0.002418166,-0.04114368,0.066971496,0.46438926,-0.18643509,-0.1840708,-0.36627015,0.067645736,0.007553558,0.62334204,-0.37788314,0.53627235
PLX-4720,-0.56817657,0.10201382,-0.69646263,0.06546864,-0.33089378,-0.4451625,-0.46341112,0.21128075,0.7390538,0.5569616,0.46037987,0.14069983,0.7192609,0.42902514,0.17242377,-0.053415377,0.8399701,-0.31279352,-0.06019668,-0.2271044,-0.2965574,-0.51025784,0.22067234,-0.3078421,0.23436216,-0.12713607,-0.071010605,0.16961764,0.094235174,-0.51642156,0.28118655,0.19908021,0.24694502,-0.18171981,-0.32751518,-0.5215493,0.050192818,0.34244034,-0.48013264,0.2583218,0.05111186,-0.36301494,0.53770053,-0.4533907,-0.5126024,-0.080539405,-0.12293477,0.5531975,0.64394146,-0.5327901,0.55087703,-0.2698729,0.050701573,-0.600132,0.23333977,0.5321125,-0.18358873,0.46922848,-0.4597979,0.26641124,0.5648204,-0.389765,-0.1730044,-0.46172085,1.1365972,-0.16681653,-0.060985714,0.018227767,0.67386734,-0.050571747,0.091997005,-0.66389894,-0.073627144,-0.07433168,-0.25105527,-0.285018,0.026540713,-0.00443655,-0.60654855,-0.6127229,0.080300055,-0.08400658,-0.42039162,-0.1999502,-0.18091242,-0.32111058,0.26454842,-0.6652604,-0.25057718,0.4865934,0.15228665,0.14414991,-0.5465138,-0.29825097,0.17479628,-0.25991955,0.26169518,0.5483365,0.46944377,0.062166445,0.28950396,-0.0012685218,-0.56051,0.22823535,-0.3432008,-0.57399267,-0.3036833,0.94231534,-0.14866702,-0.49277958,0.43518218,-0.21100597,-0.29158938,0.3810514,-0.27593523,0.25371858,0.5899022,0.15626757,-0.21683547,-0.9616274,0.25777742,0.113345675,-0.43854222,0.15200603,0.4367151,-0.08888466,-0.22633941,-0.35525152,-0.16449425,-0.67962873,-0.38155168,0.110972084,0.057487044,0.08948092,-0.47176424,0.044344954,0.4179158,0.055241268,-0.26829147,1.2135336,0.26228335,0.49670506,0.05429744,-0.3306792,0.12667477,0.56837445,-0.7677002,0.16131264,-0.26678059,-0.18796779,0.76751626,0.8347495,0.12647751,-0.32738078,0.012281745,0.07245217,-0.14286457,0.20063798,-0.18039897,0.03452071,0.61531234,-0.7239777,0.8400329,0.19020288,0.19733317,0.3598487,-0.15860675,0.0046080654,0.18532293,0.9174748,0.38852447,-0.49834365,0.25533327,0.4162405,0.101994485,0.15997745,0.024270091,-0.7267152,0.071471095,-0.50228274,-0.59046334,-0.040102813,-0.52647597,0.14611615,-0.27137968,0.16347234,0.3412331,-0.22242184,-0.6182942,0.17858998,-1.0405761,-0.07846719,-0.4986149,-0.38529876,1.1964625,-0.77526945,-0.11579129,-0.011598055,0.22122604,-0.20741512,1.3559535,0.21459173,0.59509766,-0.5220542,-0.11992079,0.5415942,-0.111640066,-0.36096707,-0.6474992,0.096850395,0.8517348,0.51302475,-0.4009741,0.22515266,0.35601324,0.41258532,0.015434579,1.1778258,0.6988381,-0.5383711,-0.48062646,-0.40546107,0.19670603,-0.613718,0.6118026,-0.5408305,1.0531367,-0.12359456,0.55860025,-0.326738,-0.111440815,0.65122604,0.3726723,-0.17094314,0.22059499,-0.32028535,0.07569403,0.20193818,-0.04932892,0.0775788,0.06678575,0.20084831,-0.41689116,0.42623028,-0.029244153,-0.026950793,0.03401213,0.5174287,-0.2469051,-0.19380702,-0.4178494,0.08223828,0.021902667,0.69011223,-0.43899435,0.5719194
BX795,-0.6052977,0.089966424,-0.7185267,0.058707703,-0.36272058,-0.49098867,-0.483243,0.24382041,0.80030364,0.59185654,0.4942122,0.15907443,0.7613703,0.45297864,0.17609704,-0.048734747,0.9003494,-0.3453704,-0.06741034,-0.24636336,-0.31410623,-0.5375028,0.24384832,-0.32107314,0.24740432,-0.12587166,-0.08297668,0.1839191,0.10732491,-0.55725324,0.29136473,0.20729326,0.26878232,-0.19236155,-0.3488633,-0.5394405,0.036172323,0.3687721,-0.5172194,0.2737065,0.04370905,-0.38548097,0.5631453,-0.48593655,-0.5451621,-0.09562745,-0.12090726,0.5934358,0.6796475,-0.56864595,0.5827753,-0.27964416,0.043579727,-0.631708,0.25553158,0.55532706,-0.20488018,0.48036748,-0.47345942,0.27617195,0.5978209,-0.40524948,-0.18163654,-0.49713644,1.1875267,-0.17272612,-0.061524834,0.017918885,0.7112636,-0.056889914,0.09994725,-0.7067007,-0.088386215,-0.09686959,-0.26395836,-0.29435396,0.026577715,-0.003023223,-0.64904624,-0.66104084,0.094127834,-0.07702423,-0.43970886,-0.21578972,-0.1869632,-0.3455419,0.29601598,-0.72410506,-0.26156172,0.5075752,0.16345933,0.14331345,-0.5711592,-0.31368357,0.19582446,-0.2802838,0.27953282,0.56617254,0.49535534,0.058996573,0.3124913,0.0008541306,-0.5955639,0.25546467,-0.36301276,-0.6208986,-0.32661435,0.99566406,-0.15240644,-0.53390956,0.46380794,-0.22960132,-0.30408666,0.4005587,-0.2879903,0.26166624,0.6222795,0.15807879,-0.24125545,-1.0244979,0.27452925,0.12538011,-0.48267442,0.16641891,0.4652366,-0.106951326,-0.24574333,-0.38029572,-0.18754923,-0.73262495,-0.40972093,0.12430596,0.06455734,0.103806496,-0.50358397,0.043438897,0.4516815,0.051870614,-0.28034917,1.2801287,0.2748633,0.52292854,0.06183373,-0.3637567,0.14055637,0.5945895,-0.8051161,0.17440331,-0.27468947,-0.20423833,0.8085101,0.8746626,0.11564018,-0.3544976,0.029040318,0.081561804,-0.1406643,0.20130134,-0.19025719,0.03616036,0.6511731,-0.77866876,0.8874831,0.20005001,0.20519762,0.36642,-0.16684881,0.013449443,0.1894374,0.99730635,0.41284162,-0.52651054,0.29237822,0.44959515,0.11477779,0.17269465,0.02632828,-0.7815414,0.08396667,-0.54838896,-0.629951,-0.049304873,-0.56116533,0.13855137,-0.30784324,0.17155115,0.35160458,-0.24299762,-0.65942526,0.19815159,-1.10292,-0.08069026,-0.5317643,-0.42225006,1.272568,-0.82857406,-0.13692948,-0.042208474,0.22864853,-0.22217315,1.4385569,0.20940147,0.6348675,-0.5638415,-0.12803711,0.5678224,-0.11994568,-0.382966,-0.7085261,0.08406259,0.91234595,0.555125,-0.43790907,0.2438964,0.36835524,0.4258883,0.014888676,1.2554579,0.7568705,-0.57965446,-0.518333,-0.42771742,0.21302322,-0.64522845,0.6390214,-0.5791389,1.1143738,-0.13161434,0.5963982,-0.37665024,-0.1083327,0.70435095,0.38670924,-0.18698758,0.23792785,-0.3374094,0.104731806,0.21438307,-0.04878566,0.08361558,0.07086911,0.2087384,-0.4472937,0.45253164,-0.039335024,-0.018917935,0.037478287,0.54605705,-0.27645054,-0.21004254,-0.45101312,0.08583906,0.03265821,0.7303568,-0.46778905,0.5996272
NU7441,-0.5220325,0.13241771,-0.6821211,0.07329551,-0.29446122,-0.38064006,-0.44901463,0.16450183,0.6567158,0.5046078,0.41943792,0.1056181,0.67289436,0.40414527,0.16542172,-0.061276622,0.77037686,-0.26925036,-0.047014944,-0.19798444,-0.2661104,-0.47380146,0.18638286,-0.30534127,0.22924706,-0.13503224,-0.049500395,0.15813667,0.069823265,-0.47702676,0.27606118,0.17949373,0.23207305,-0.16230235,-0.28551003,-0.5084538,0.08582836,0.32173425,-0.42584148,0.233104,0.069740295,-0.3294829,0.4926522,-0.394959,-0.47529787,-0.07126716,-0.1211389,0.48156303,0.5860575,-0.4854827,0.50207734,-0.28346664,0.07120672,-0.5735776,0.1891017,0.49611846,-0.14392208,0.47623768,-0.44180784,0.2501928,0.5073492,-0.3889294,-0.17261289,-0.4086309,1.0816633,-0.16034302,-0.077562734,0.012778954,0.6206214,-0.038950004,0.07394066,-0.5963345,-0.06433935,-0.024291597,-0.23551124,-0.273411,0.015146178,-0.015760425,-0.5287716,-0.5446306,0.059813816,-0.09804697,-0.40443763,-0.17184214,-0.17872612,-0.27483413,0.22374228,-0.57096165,-0.23754361,0.45118895,0.14156343,0.15977176,-0.52358836,-0.27141705,0.14260669,-0.24540447,0.24257053,0.532717,0.44138053,0.06436982,0.24875113,-0.0032330835,-0.51728445,0.1994272,-0.313251,-0.4992934,-0.2817412,0.8797045,-0.1338542,-0.4399146,0.40746307,-0.19419535,-0.27750096,0.3523369,-0.24272066,0.24597868,0.5624488,0.14603962,-0.17561653,-0.86017627,0.22787498,0.09344096,-0.35596994,0.12195251,0.39622,-0.06227031,-0.20782739,-0.30611813,-0.13495228,-0.58214265,-0.34188253,0.089848995,0.033810236,0.08259129,-0.42928687,0.055493403,0.3831266,0.064019434,-0.2533788,1.1237934,0.24522962,0.44568422,0.03463659,-0.27851444,0.1138227,0.530936,-0.72902125,0.15268227,-0.25555617,-0.17108963,0.72781587,0.8021818,0.15192673,-0.28837204,-0.023022264,0.060414646,-0.14545298,0.20837538,-0.16434045,0.033287268,0.5598953,-0.6606468,0.7655951,0.17258197,0.19153994,0.35070574,-0.15099922,-0.028524183,0.17697486,0.7967068,0.35823673,-0.4598164,0.19111441,0.37050396,0.08619949,0.15465498,0.028240763,-0.65667945,0.052455846,-0.4346365,-0.5324778,-0.027981406,-0.48685214,0.16253404,-0.22603604,0.16683593,0.3186032,-0.20459756,-0.5852211,0.17241962,-0.96326506,-0.08250061,-0.4510662,-0.3346757,1.0996704,-0.685604,-0.09647581,0.04514391,0.21894318,-0.18629177,1.2596947,0.24216835,0.53881073,-0.48247793,-0.09506894,0.49885938,-0.08654215,-0.33220407,-0.5554784,0.11060608,0.7642771,0.45195106,-0.3363509,0.19223246,0.34765565,0.40167525,0.012869386,1.0844004,0.6293951,-0.46715292,-0.43959904,-0.37888375,0.17414638,-0.57916147,0.5845326,-0.49581367,0.98386943,-0.11026681,0.50026286,-0.2527443,-0.12699917,0.5679154,0.37375757,-0.13408889,0.19708465,-0.30731696,0.031717844,0.18134354,-0.060809936,0.06596891,0.04490584,0.18515888,-0.38220274,0.3887997,0.0013893632,-0.041671332,0.035079125,0.48103005,-0.20178767,-0.1702914,-0.37127858,0.07084688,0.012896558,0.6306293,-0.3971597,0.53731155
SL0101,-0.5192267,0.11670092,-0.6415832,0.06311422,-0.30235434,-0.40119126,-0.42812017,0.19065753,0.6691824,0.48941597,0.4265911,0.120133735,0.6667608,0.39678168,0.16289277,-0.05951877,0.76246876,-0.27760828,-0.07086024,-0.1988364,-0.26293838,-0.46653682,0.18305506,-0.28058326,0.23676158,-0.122779705,-0.051811647,0.15305066,0.06576315,-0.45574903,0.26981086,0.17280999,0.22065459,-0.15810762,-0.2876389,-0.5079362,0.056552824,0.32092455,-0.44275522,0.23131917,0.04669775,-0.33887383,0.512458,-0.41499522,-0.4806533,-0.07697389,-0.13068414,0.4944509,0.5838799,-0.48214334,0.52189696,-0.24724667,0.06518184,-0.54279476,0.21241963,0.50345653,-0.13643304,0.4533612,-0.41380054,0.23529924,0.5224655,-0.37930602,-0.16237476,-0.41111922,1.0451398,-0.16245069,-0.058956563,0.007487327,0.60477275,-0.048812583,0.08642854,-0.6047658,-0.084555015,-0.039872758,-0.24712792,-0.2705646,0.024550859,-0.002205922,-0.5446351,-0.5576747,0.042616073,-0.08426394,-0.37586454,-0.18520658,-0.1630902,-0.2793199,0.23241793,-0.59859884,-0.23393154,0.44449157,0.15731525,0.14956143,-0.505832,-0.26683152,0.14965104,-0.2432785,0.2310949,0.5042614,0.42206544,0.06575442,0.26034418,-0.01198181,-0.505823,0.22669697,-0.3078425,-0.5184622,-0.26588467,0.8447426,-0.1375174,-0.43196848,0.38469154,-0.18371351,-0.26070523,0.35012016,-0.25903767,0.24542423,0.5344698,0.1375085,-0.18584985,-0.87684506,0.22938994,0.090590976,-0.37154743,0.1426482,0.40300402,-0.0933237,-0.20967774,-0.3205446,-0.13655141,-0.6130119,-0.3428164,0.087518185,0.04290055,0.080127314,-0.429012,0.024509368,0.38981786,0.04615912,-0.2552975,1.1014494,0.23980056,0.46073857,0.049305882,-0.2787233,0.112542875,0.49928197,-0.7009685,0.14406948,-0.24699311,-0.16536535,0.70759404,0.7627221,0.13207851,-0.280097,-0.008811322,0.06213777,-0.15201588,0.20670657,-0.15508564,0.02257519,0.5564124,-0.6643219,0.7702722,0.19845256,0.1898861,0.3423546,-0.14058144,-0.0024797705,0.16804896,0.81082386,0.34353992,-0.4495197,0.22914824,0.36560708,0.08629066,0.13796179,0.031377487,-0.6515796,0.052047282,-0.4439723,-0.53018904,-0.042012595,-0.48111907,0.14394099,-0.24258624,0.15283202,0.3132426,-0.19990735,-0.569948,0.14005102,-0.9429246,-0.070510074,-0.44652176,-0.33789033,1.0771191,-0.7010671,-0.08632769,0.00037556002,0.18554874,-0.20519426,1.24125,0.20888445,0.52396584,-0.4691114,-0.09298518,0.50579256,-0.10493319,-0.32259637,-0.55306077,0.09933834,0.7699813,0.44705144,-0.3621289,0.19582243,0.32673195,0.38105854,-0.009559462,1.0671581,0.62664205,-0.49133557,-0.44171208,-0.36626887,0.18165864,-0.5756086,0.57730734,-0.48728877,0.96392584,-0.13037927,0.49968386,-0.2824991,-0.10594466,0.5742792,0.35215506,-0.1414198,0.19997567,-0.31284314,0.056831352,0.17585683,-0.048905697,0.07320505,0.057677463,0.18351416,-0.36982405,0.38511208,-0.022430485,-0.029670388,0.05615425,0.46933696,-0.20963563,-0.18987216,-0.3802041,0.078598425,0.01135049,0.6389582,-0.39640427,0.53745407
Doramapimod,-0.50093526,0.12520306,-0.6350421,0.06608373,-0.28734633,-0.37542933,-0.42185777,0.17230093,0.6370911,0.4716887,0.40893465,0.10776007,0.64584744,0.38593093,0.15999246,-0.059929382,0.73573124,-0.260262,-0.06337021,-0.18789826,-0.2518287,-0.45191565,0.17328238,-0.2798636,0.23080891,-0.12456108,-0.04540825,0.14927642,0.059267607,-0.44182113,0.26573497,0.16572644,0.21607807,-0.15234193,-0.2725845,-0.49837586,0.07019698,0.310465,-0.41896322,0.22250915,0.055330783,-0.32345772,0.49095446,-0.3907059,-0.4625632,-0.07235015,-0.1280839,0.4669104,0.5621312,-0.46216607,0.49827424,-0.25348425,0.07202705,-0.5335607,0.19393826,0.4855166,-0.1252452,0.45293465,-0.40812096,0.23056442,0.49842772,-0.37537035,-0.16041641,-0.39084336,1.0232064,-0.15920049,-0.06573102,0.005534148,0.5853589,-0.04272269,0.07890397,-0.57786095,-0.076096855,-0.023864213,-0.23725751,-0.263673,0.01989946,-0.007400062,-0.51385003,-0.53120923,0.04015573,-0.089619786,-0.37120438,-0.17252973,-0.16269885,-0.26341867,0.2164632,-0.5608763,-0.22773963,0.4320385,0.14916635,0.15356007,-0.4958497,-0.25733498,0.13692382,-0.23691867,0.22364736,0.49929628,0.41177008,0.064403035,0.24398117,-0.009891562,-0.48972276,0.21189807,-0.29572365,-0.4891667,-0.259838,0.82197994,-0.13075791,-0.4128514,0.3763829,-0.1788183,-0.2564587,0.33841377,-0.24379414,0.23997745,0.52529645,0.13433099,-0.17001517,-0.83673054,0.218973,0.08535818,-0.34279406,0.12986186,0.38574398,-0.07929528,-0.20172325,-0.3016084,-0.1262195,-0.5742216,-0.32795802,0.08091225,0.034094185,0.07743914,-0.41134903,0.032849845,0.37439522,0.05196378,-0.2484697,1.0674638,0.23303702,0.43811935,0.041525394,-0.26130015,0.10674362,0.48850378,-0.6851805,0.14046589,-0.24204594,-0.1602687,0.69008815,0.75079715,0.14050779,-0.26742798,-0.019598067,0.057625208,-0.14895007,0.20569403,-0.15034434,0.023675812,0.5342823,-0.63801205,0.7397639,0.18604088,0.18562555,0.33706748,-0.13720173,-0.01599263,0.16572388,0.76644665,0.33332172,-0.43506354,0.20244019,0.34966883,0.08138805,0.13709363,0.031204985,-0.6246483,0.045187924,-0.41783583,-0.5082185,-0.036489468,-0.46515444,0.14953396,-0.22541244,0.15413126,0.3035801,-0.19304934,-0.55566925,0.14224742,-0.91305554,-0.07308634,-0.42927414,-0.31996363,1.0406327,-0.6653372,-0.08278934,0.021989608,0.18758559,-0.19365436,1.2028642,0.2193337,0.5042217,-0.45362502,-0.085197404,0.48734695,-0.093377605,-0.31195185,-0.5219169,0.10324566,0.7372704,0.4255286,-0.33555716,0.18477593,0.3241623,0.37701064,-0.0060328054,1.0317345,0.60016966,-0.4620533,-0.42338973,-0.3556415,0.17184077,-0.5587284,0.5650807,-0.47099993,0.9356117,-0.12175829,0.47710848,-0.25388676,-0.1106807,0.54497534,0.35088214,-0.12778156,0.18993667,-0.30553758,0.04059663,0.16944765,-0.052895796,0.06725773,0.04999646,0.17839162,-0.35743615,0.37023893,-0.010896115,-0.035215665,0.052165385,0.4569613,-0.19433494,-0.1771116,-0.3615331,0.07308435,0.009612546,0.6136707,-0.38061965,0.52117234
JNK Inhibitor VIII,-0.50852096,0.10712133,-0.62946934,0.061944503,-0.29359323,-0.39213875,-0.41802958,0.18428913,0.65499073,0.48616594,0.4149645,0.119114906,0.64804393,0.38651577,0.15944044,-0.05289858,0.74832165,-0.27244115,-0.06297384,-0.19669177,-0.2582014,-0.45719692,0.18593372,-0.2743995,0.22245239,-0.1190695,-0.05563971,0.15042223,0.07088223,-0.4504576,0.2589182,0.17256214,0.2164421,-0.1579842,-0.28505903,-0.488676,0.053394753,0.30990636,-0.42931336,0.22824281,0.046622477,-0.32781622,0.4966895,-0.40602604,-0.465402,-0.071939215,-0.12370679,0.48690006,0.5750939,-0.47218645,0.503768,-0.244022,0.06009511,-0.5358326,0.20676628,0.48697534,-0.14239646,0.43648177,-0.40985492,0.23295578,0.5105544,-0.36491078,-0.15769713,-0.40629408,1.0240338,-0.15576816,-0.057230413,0.0086180605,0.5957793,-0.04499177,0.08331594,-0.5911165,-0.07494124,-0.04527791,-0.23607756,-0.26192123,0.025234807,-0.0024810045,-0.53466886,-0.546156,0.052447062,-0.081818394,-0.3728563,-0.17874894,-0.16171385,-0.27713192,0.22825511,-0.58620435,-0.22845837,0.4370791,0.14663547,0.14147009,-0.4947112,-0.26611945,0.14885244,-0.23558949,0.22853374,0.4959699,0.41641918,0.061829846,0.2561959,-0.0075126737,-0.49709368,0.214636,-0.3022734,-0.5102256,-0.26436263,0.8340798,-0.13401137,-0.42789415,0.3814497,-0.1826749,-0.25854996,0.3432784,-0.25202844,0.23652546,0.52711695,0.13710049,-0.18434538,-0.85786366,0.22703892,0.09444085,-0.3726319,0.13815126,0.39253935,-0.08384897,-0.20378718,-0.3152885,-0.13702546,-0.60064745,-0.33743557,0.08863583,0.04391592,0.07775692,-0.41901323,0.03165543,0.37714607,0.04854997,-0.24749388,1.0835696,0.23440863,0.44785547,0.049250755,-0.27945697,0.10993,0.49685794,-0.68861717,0.14080562,-0.24212597,-0.1639314,0.69069934,0.75000185,0.12752461,-0.28018066,-0.0035148826,0.06159983,-0.14247414,0.19431604,-0.15535627,0.025572358,0.5454836,-0.64725834,0.7539569,0.1843055,0.18213257,0.3326389,-0.13771257,-0.0006352288,0.16631733,0.8011625,0.34113142,-0.44316146,0.22224538,0.3617638,0.086714745,0.13770579,0.028144363,-0.64150274,0.054225747,-0.43638042,-0.5215236,-0.03948067,-0.47002742,0.14004429,-0.23737542,0.14917333,0.3075777,-0.19507919,-0.5553003,0.14462262,-0.9260396,-0.06888061,-0.44157106,-0.33536783,1.0608034,-0.6890514,-0.09000362,0.0003413316,0.18834296,-0.19428611,1.2156742,0.20364955,0.5192483,-0.4601484,-0.09617652,0.49271032,-0.10117335,-0.31700402,-0.552412,0.09679118,0.75741416,0.44375265,-0.3537709,0.19587277,0.3203543,0.37289044,-6.1240076e-05,1.0490963,0.6157494,-0.47848877,-0.42927387,-0.35994878,0.17613356,-0.55985874,0.562124,-0.47853658,0.9438252,-0.12081994,0.49323493,-0.27851516,-0.10324205,0.569361,0.34123504,-0.14212626,0.19472878,-0.300292,0.05726367,0.17524226,-0.04786814,0.06811793,0.05819875,0.18251608,-0.36516327,0.3784312,-0.023690384,-0.029531935,0.044859096,0.46351206,-0.209234,-0.17900166,-0.37024227,0.075016744,0.014016672,0.62229145,-0.39056143,0.5209995
Wee1 Inhibitor,-0.5252478,0.12993902,-0.6797463,0.07274112,-0.29803765,-0.38714954,-0.4505324,0.17164153,0.6654186,0.5082089,0.42026198,0.11071968,0.67594945,0.40780514,0.16465174,-0.062216733,0.7763338,-0.27398401,-0.051506527,-0.19923693,-0.2686187,-0.47703832,0.1894152,-0.3033499,0.22755244,-0.13324763,-0.051687323,0.1600767,0.06926054,-0.47878677,0.27449366,0.17996079,0.2330253,-0.1671955,-0.28987017,-0.5104161,0.08210039,0.32042474,-0.42812696,0.23449868,0.06891032,-0.32913753,0.49558073,-0.39702064,-0.47770733,-0.07401006,-0.124177806,0.48823088,0.59043187,-0.48659375,0.5088985,-0.28101465,0.07104006,-0.5738655,0.19478513,0.49787766,-0.14546558,0.47874227,-0.44166315,0.2528393,0.51321703,-0.3875304,-0.1693678,-0.41110426,1.085192,-0.16152312,-0.07812958,0.01401193,0.6244193,-0.04146572,0.07902073,-0.60236347,-0.06346529,-0.029987864,-0.2356171,-0.27306128,0.015659267,-0.016566988,-0.53584784,-0.55087006,0.06366732,-0.09855899,-0.4060536,-0.17482708,-0.17855436,-0.28103784,0.22689813,-0.5806396,-0.23715156,0.45709625,0.14305256,0.15701565,-0.5250165,-0.2722651,0.14430556,-0.24733089,0.24055299,0.53510845,0.44355455,0.061553117,0.25055555,-0.0015048452,-0.5229573,0.20358269,-0.31434843,-0.5034296,-0.28523114,0.88249564,-0.13340971,-0.4442635,0.41022,-0.19569397,-0.28072965,0.35446113,-0.2440648,0.2466024,0.56386924,0.14716749,-0.17775176,-0.8695707,0.22766858,0.09446553,-0.36071315,0.12533623,0.39991564,-0.06558973,-0.20935759,-0.30979258,-0.13645467,-0.59175694,-0.346031,0.09062537,0.03631597,0.083250016,-0.4317412,0.05258371,0.38948137,0.06396188,-0.2542301,1.1312033,0.24846044,0.4497229,0.037195392,-0.28007576,0.112912856,0.5350191,-0.72775924,0.15315017,-0.2565141,-0.1707333,0.7287855,0.80273354,0.14764793,-0.28947008,-0.019396342,0.06216435,-0.14370552,0.20835623,-0.16559094,0.032908373,0.5631531,-0.6659595,0.772043,0.17286792,0.19212364,0.3510791,-0.14948621,-0.026379317,0.1762935,0.8060504,0.35708463,-0.46309534,0.1961766,0.3746731,0.08845798,0.15257297,0.02655063,-0.6616605,0.050300762,-0.44079787,-0.53565985,-0.028691428,-0.49086016,0.1604071,-0.22793491,0.16959319,0.32054856,-0.20757522,-0.5870854,0.17199355,-0.9676842,-0.08481937,-0.45443428,-0.3393947,1.1053109,-0.69506603,-0.09806088,0.03996196,0.21755911,-0.18653974,1.2710522,0.24081141,0.54452246,-0.48545626,-0.096147545,0.5034098,-0.0891867,-0.3345693,-0.56253517,0.1084538,0.77145684,0.45464483,-0.33988652,0.19487503,0.34972125,0.40494058,0.0123664895,1.0925941,0.6350898,-0.4736708,-0.443144,-0.37980315,0.17869481,-0.5820147,0.5876649,-0.50042397,0.9893826,-0.1122768,0.50516826,-0.25725815,-0.12244353,0.57642883,0.3749884,-0.13653725,0.19869862,-0.31057504,0.036753487,0.18337709,-0.05800774,0.06540694,0.047682468,0.18682647,-0.38406816,0.3918754,-0.0016264054,-0.040148374,0.038067844,0.48451498,-0.20637396,-0.1736815,-0.37733167,0.0691407,0.014485608,0.6359834,-0.39823574,0.5415665
Mirin,-0.5492634,0.104009755,-0.66175056,0.060904663,-0.3229008,-0.43550423,-0.44235027,0.21255419,0.7162325,0.5250033,0.45093986,0.13715906,0.6995395,0.4143685,0.16835357,-0.056128167,0.80704826,-0.301463,-0.07389588,-0.21633016,-0.28358942,-0.4914196,0.20527798,-0.28961736,0.24064396,-0.121324465,-0.06302216,0.15995622,0.081580736,-0.48480177,0.2770335,0.18580256,0.23362939,-0.1696209,-0.31163976,-0.51745063,0.044830464,0.3369692,-0.47246304,0.24788643,0.04177879,-0.35891235,0.5365996,-0.4453002,-0.5018147,-0.081172265,-0.13042991,0.5360091,0.6196304,-0.51356584,0.547943,-0.24757403,0.055233527,-0.5679647,0.23244569,0.52543247,-0.1627944,0.45574898,-0.43239722,0.2492063,0.55420756,-0.38408843,-0.16568665,-0.4423591,1.0898994,-0.16744915,-0.052597,0.0119325835,0.64345306,-0.053287122,0.09342275,-0.64531934,-0.08532805,-0.06567502,-0.25515482,-0.27943718,0.029361648,0.0016848384,-0.5883427,-0.59584326,0.056351718,-0.07924585,-0.3917596,-0.2000503,-0.16834567,-0.30673823,0.25584146,-0.6489984,-0.24484822,0.46863937,0.16172764,0.14433098,-0.52478004,-0.28325447,0.16534089,-0.2541255,0.24674481,0.5212157,0.44354308,0.06560827,0.28286555,-0.009548423,-0.5347604,0.23761803,-0.328479,-0.5604067,-0.28323025,0.89204144,-0.14621255,-0.46504742,0.40708986,-0.19605184,-0.27190825,0.36942896,-0.27578077,0.25156438,0.5591868,0.14553276,-0.20772313,-0.936452,0.24893782,0.10373973,-0.41675085,0.15507619,0.4278434,-0.10204279,-0.22107892,-0.34806776,-0.15329388,-0.6644873,-0.36650866,0.101176135,0.0538438,0.08547171,-0.4562987,0.025435656,0.4092947,0.045090903,-0.26420608,1.163087,0.25149488,0.48867655,0.056762,-0.31135666,0.120911546,0.5289485,-0.7335168,0.15150599,-0.2551585,-0.17797007,0.7389507,0.7941348,0.12321468,-0.30549222,0.009343656,0.0673341,-0.14949094,0.20314176,-0.16684861,0.025359748,0.5921886,-0.70150036,0.81534386,0.20532297,0.19501561,0.3511592,-0.14822896,0.010610741,0.17599934,0.8801447,0.36561394,-0.4748206,0.25918922,0.39493895,0.095192924,0.14580901,0.026116218,-0.6950905,0.06287065,-0.48277938,-0.5670737,-0.04460417,-0.5065162,0.13787098,-0.2668605,0.15352914,0.32984093,-0.21231695,-0.5942688,0.1505621,-0.99606854,-0.07110843,-0.47600383,-0.36858544,1.1419753,-0.7503411,-0.09944093,-0.02170632,0.19496809,-0.21477656,1.3042625,0.2003931,0.55980843,-0.4963853,-0.10782454,0.53132784,-0.11530061,-0.34371975,-0.60910887,0.093888536,0.8235546,0.48611966,-0.3958486,0.21452497,0.3373467,0.3936845,-0.0047909906,1.1278843,0.66919345,-0.5317306,-0.4668129,-0.38544685,0.19368407,-0.5977975,0.5965557,-0.51608694,1.0113448,-0.13471682,0.53460586,-0.3194625,-0.103388876,0.6235822,0.35644028,-0.16149558,0.2140343,-0.32091895,0.075116895,0.18889171,-0.044705164,0.08085136,0.06666524,0.19320501,-0.39453304,0.408483,-0.034973565,-0.024817387,0.05079069,0.49518433,-0.23467484,-0.20067836,-0.40717515,0.084515005,0.015112622,0.67444956,-0.4234309,0.5586504
PD173074,-0.5025121,0.11375693,-0.61969584,0.0611835,-0.2929233,-0.3883025,-0.41398215,0.18571873,0.64777815,0.47237802,0.41245854,0.11688147,0.6450668,0.38462213,0.15790167,-0.057580996,0.737565,-0.2675345,-0.070511915,-0.19123404,-0.2548115,-0.4517311,0.1775088,-0.2709727,0.22995612,-0.11805941,-0.049945872,0.14773685,0.06283426,-0.4389743,0.26206246,0.1655962,0.21372719,-0.15340532,-0.277526,-0.4928162,0.0558647,0.31038466,-0.42777818,0.22418837,0.04611373,-0.32795575,0.4963539,-0.40085924,-0.46396452,-0.074721895,-0.1287101,0.47818133,0.56521785,-0.46492076,0.50554115,-0.23833048,0.064979956,-0.52451926,0.2049473,0.48767206,-0.13098186,0.44015145,-0.39992258,0.2282219,0.50640124,-0.36716288,-0.15524983,-0.39624983,1.0116874,-0.15875132,-0.05713907,0.006091243,0.58536035,-0.046869215,0.08451703,-0.58598214,-0.08023737,-0.038371634,-0.2394099,-0.26142594,0.023741186,-0.0021789556,-0.52657443,-0.5405349,0.040111013,-0.0821591,-0.36256677,-0.17916349,-0.15732244,-0.27134624,0.22402357,-0.5787403,-0.22616188,0.432011,0.15271774,0.14566159,-0.48928967,-0.25735864,0.14274749,-0.23627622,0.22150579,0.48879015,0.4069866,0.06340171,0.2513278,-0.011167481,-0.48903948,0.22018003,-0.29714522,-0.50163174,-0.25753543,0.81516963,-0.13258219,-0.4161664,0.37174332,-0.17762989,-0.25197554,0.33915517,-0.2506051,0.23795047,0.5168385,0.13302498,-0.17819257,-0.85007936,0.2224741,0.0879188,-0.35832652,0.13840838,0.39076704,-0.09050946,-0.2027585,-0.3109165,-0.13066107,-0.59323055,-0.33180103,0.08419222,0.040553663,0.07737488,-0.41468772,0.023136413,0.3778492,0.045594133,-0.24790466,1.0656518,0.23224045,0.44577828,0.04782249,-0.26911476,0.10759086,0.4827167,-0.676611,0.13841902,-0.23848978,-0.16044381,0.6838479,0.73751444,0.12835021,-0.2697979,-0.007913539,0.059210125,-0.14684033,0.20050222,-0.14942007,0.021359771,0.537845,-0.64213806,0.7453163,0.19275357,0.18392345,0.33205453,-0.13463329,-0.0034486377,0.16343236,0.78355294,0.33124527,-0.4340067,0.22121921,0.35367784,0.083560206,0.13229412,0.02908902,-0.6285205,0.048010834,-0.42850143,-0.5129258,-0.040545065,-0.4652485,0.13890235,-0.23506212,0.14794919,0.30340502,-0.19321534,-0.5507622,0.1343998,-0.9113384,-0.06885877,-0.4316752,-0.32691592,1.0405036,-0.67705625,-0.08345759,0.00036265858,0.17830962,-0.19923429,1.2008635,0.20260376,0.5053464,-0.45242235,-0.08916107,0.4906572,-0.10099727,-0.3122065,-0.5335754,0.09584826,0.74596053,0.430957,-0.34985176,0.18933266,0.31679642,0.36950767,-0.010450976,1.0319393,0.6056898,-0.47663006,-0.42647246,-0.35309553,0.17551278,-0.5559967,0.56022626,-0.4715243,0.9313381,-0.1270141,0.4820291,-0.2719989,-0.10119306,0.55630326,0.34049344,-0.1353052,0.19310008,-0.30522373,0.054618523,0.1701792,-0.046829928,0.0708537,0.056531183,0.17810743,-0.35675177,0.37189782,-0.022130482,-0.028859543,0.05561869,0.45514056,-0.20262975,-0.18409619,-0.36825395,0.07608694,0.010443306,0.6189864,-0.38363135,0.52093107
ZM447439,-0.5059925,0.121876866,-0.6435402,0.066491656,-0.28982416,-0.37991408,-0.42593524,0.1722507,0.64417505,0.48175535,0.4119325,0.109178394,0.65127015,0.38903153,0.16076402,-0.0579517,0.7448934,-0.2648578,-0.058377255,-0.19230297,-0.2558964,-0.45709008,0.17930691,-0.28400907,0.22783108,-0.1253481,-0.0488517,0.15079425,0.064953126,-0.45173493,0.2659547,0.1704749,0.21950814,-0.15504502,-0.27779713,-0.49617672,0.06943696,0.31277877,-0.42229712,0.22540732,0.05602203,-0.32546422,0.49072558,-0.39465794,-0.464945,-0.07192796,-0.12369901,0.47379756,0.5691858,-0.46998656,0.49854007,-0.25773644,0.06797743,-0.54248,0.19509488,0.48663828,-0.1344823,0.45221972,-0.4153596,0.23473835,0.5015506,-0.37524277,-0.16290951,-0.3981068,1.033871,-0.1574412,-0.066175304,0.008511148,0.59469926,-0.0421455,0.077749774,-0.58336204,-0.0732663,-0.029365072,-0.2357341,-0.26496035,0.020097507,-0.007815162,-0.5211142,-0.53641313,0.048101287,-0.08895317,-0.37875888,-0.17327213,-0.16602223,-0.26857933,0.22137964,-0.5678274,-0.2298764,0.43575442,0.14629151,0.1515266,-0.500526,-0.262122,0.1414258,-0.23760936,0.22957706,0.5043938,0.41905454,0.0640887,0.2476428,-0.007977363,-0.49628705,0.20881753,-0.30132177,-0.49551663,-0.26510096,0.8369889,-0.1319282,-0.42255974,0.38416016,-0.1828748,-0.26098132,0.3419322,-0.24472089,0.23946601,0.53298944,0.1374412,-0.17520459,-0.844501,0.22242767,0.089561984,-0.35310677,0.12931305,0.388676,-0.075965144,-0.20292373,-0.30509126,-0.13116553,-0.5805962,-0.332716,0.084828645,0.036004297,0.07890243,-0.4165299,0.03826468,0.37570977,0.053596806,-0.24848288,1.0812987,0.23494416,0.44058654,0.041473743,-0.26990572,0.109458774,0.49893203,-0.6948589,0.14369857,-0.24437186,-0.16350205,0.69776845,0.7607897,0.13945346,-0.27545634,-0.016182689,0.059009563,-0.14599065,0.20227388,-0.15442996,0.026644638,0.5416894,-0.644161,0.7467337,0.18169186,0.18540046,0.33753017,-0.14097536,-0.014856535,0.16770795,0.78039885,0.34101933,-0.44158655,0.20447345,0.3569037,0.08354679,0.1417129,0.029659789,-0.6350548,0.050130848,-0.42549822,-0.5157903,-0.03497643,-0.47001177,0.14962819,-0.22836967,0.15500921,0.30692396,-0.1958674,-0.56117266,0.14994232,-0.9257111,-0.07351538,-0.43608674,-0.32659614,1.0567129,-0.67360777,-0.08779157,0.02205028,0.19505762,-0.19137602,1.2153279,0.2196127,0.514632,-0.46152437,-0.09049697,0.48900002,-0.093287736,-0.31703284,-0.5366699,0.10279993,0.7464392,0.43567204,-0.3395733,0.18862385,0.3274228,0.38003474,-4.3355125e-05,1.0456125,0.60956526,-0.46552572,-0.42768148,-0.36135992,0.1728094,-0.5619172,0.5664635,-0.47712773,0.9462778,-0.11787666,0.4852272,-0.25996408,-0.11316914,0.55441165,0.3529275,-0.13288821,0.1927218,-0.30281186,0.042509407,0.17295757,-0.053800967,0.067432515,0.050521445,0.18022424,-0.36439848,0.37552544,-0.011254801,-0.03531451,0.045545112,0.46244657,-0.19879368,-0.17541094,-0.36477557,0.07286668,0.0113242,0.6174342,-0.38614264,0.5228114
Alisertib,-0.5241637,0.119111374,-0.6681429,0.06940572,-0.29856917,-0.3926661,-0.44167814,0.17699586,0.66808206,0.5078176,0.42247,0.115098916,0.67016673,0.40162188,0.16453333,-0.056493916,0.7740788,-0.276753,-0.05299379,-0.2019578,-0.26725855,-0.47374392,0.19236392,-0.29540932,0.22458783,-0.12909321,-0.055529673,0.15821671,0.07380476,-0.47515544,0.26950634,0.18119337,0.22913995,-0.16566992,-0.2925618,-0.5032427,0.06972708,0.31827593,-0.432928,0.23478371,0.06038733,-0.33143553,0.49904838,-0.40605113,-0.47694102,-0.07248698,-0.1218143,0.49345234,0.5914986,-0.48713294,0.50872356,-0.27054864,0.064990826,-0.5661974,0.20157002,0.49631175,-0.1497129,0.462785,-0.43539897,0.24766812,0.5165429,-0.38049665,-0.1677997,-0.41611204,1.0718827,-0.15885557,-0.0702109,0.0126893725,0.6204132,-0.04232895,0.079778574,-0.60312647,-0.06705047,-0.038551867,-0.23600622,-0.27088654,0.020018404,-0.011153507,-0.5415594,-0.5545202,0.064236976,-0.091816284,-0.39947817,-0.17690893,-0.17479262,-0.2827416,0.23097448,-0.5889223,-0.23553902,0.4527645,0.14301576,0.15040329,-0.5181348,-0.27492496,0.14976813,-0.243556,0.24059543,0.5250497,0.43888345,0.061893206,0.25657746,-0.0028146503,-0.5186987,0.20724542,-0.3136293,-0.512585,-0.2808671,0.87593687,-0.1354478,-0.44548643,0.40500155,-0.1933153,-0.27538258,0.35349417,-0.24943787,0.24318472,0.55649126,0.14559771,-0.18451549,-0.87274295,0.23089568,0.09706284,-0.37381268,0.13127913,0.3995064,-0.070838414,-0.20897992,-0.31545344,-0.14063892,-0.6016124,-0.346883,0.09216155,0.040857464,0.0817122,-0.43115017,0.047862615,0.38643065,0.05922688,-0.253337,1.125365,0.24460901,0.45249784,0.042475358,-0.28602365,0.11415824,0.5283163,-0.72160244,0.15019059,-0.25385988,-0.17042021,0.72102463,0.79138863,0.1403007,-0.2920352,-0.011838037,0.063801855,-0.14282621,0.20154047,-0.16491354,0.03185527,0.56247485,-0.6656254,0.7728948,0.17531148,0.18845777,0.34605724,-0.14738262,-0.015173194,0.17435658,0.8163282,0.35767317,-0.4615181,0.20856579,0.3748214,0.08963351,0.15028094,0.028364165,-0.6631235,0.05555495,-0.44455662,-0.5366068,-0.033342134,-0.48729587,0.15392487,-0.2347749,0.16221935,0.31815153,-0.20456539,-0.5801774,0.16645648,-0.9631688,-0.07831371,-0.45598957,-0.3427651,1.1025403,-0.70131963,-0.098399796,0.023505205,0.21122937,-0.18909678,1.2619238,0.22754757,0.54330206,-0.48148432,-0.099835016,0.5025668,-0.0943177,-0.33101863,-0.5694927,0.104574695,0.7748944,0.45829263,-0.34948683,0.19899602,0.34112203,0.39531556,0.01160272,1.0884409,0.63530976,-0.4785176,-0.44108477,-0.3770541,0.17871061,-0.57823515,0.58151233,-0.4977517,0.9822528,-0.113947146,0.507598,-0.27060726,-0.11669574,0.58142835,0.3640359,-0.14256124,0.19907813,-0.30590016,0.046553727,0.18334636,-0.055052932,0.06618426,0.052859485,0.18762109,-0.38233194,0.3911086,-0.010981383,-0.03581585,0.03664693,0.48185223,-0.21098028,-0.17468512,-0.3773952,0.07189589,0.01609713,0.6354939,-0.400691,0.53669095
RO-3306,-0.55311793,0.11346332,-0.69147795,0.06634448,-0.3197083,-0.42419818,-0.45880353,0.19488895,0.71127146,0.5379059,0.44892028,0.12850218,0.70741034,0.42125547,0.16964833,-0.05869965,0.8160307,-0.29976276,-0.056539644,-0.21764301,-0.28706646,-0.49800882,0.20748125,-0.30785245,0.23642361,-0.13036382,-0.06244804,0.1652077,0.08568343,-0.50373644,0.28074995,0.19241488,0.24185334,-0.17161413,-0.31248653,-0.518627,0.06265767,0.340503,-0.46457794,0.2503207,0.05597805,-0.3544191,0.5252599,-0.43419564,-0.50219315,-0.077880785,-0.12157922,0.5310049,0.6234118,-0.52054054,0.53719664,-0.2724363,0.056174595,-0.5913202,0.22017868,0.5219743,-0.16945969,0.4714171,-0.4530351,0.25949383,0.54583305,-0.3911264,-0.174866,-0.4447142,1.1167477,-0.1651551,-0.064510934,0.017735243,0.65624386,-0.048007295,0.08568665,-0.64270025,-0.07568296,-0.057455946,-0.2483846,-0.2827817,0.023315987,-0.0068234433,-0.58098155,-0.5886183,0.068227835,-0.08770897,-0.41225505,-0.19250117,-0.17924692,-0.3044991,0.2518517,-0.6355843,-0.24883652,0.47270682,0.1518947,0.1505986,-0.53848517,-0.28807822,0.16476405,-0.25618523,0.25717196,0.54055744,0.45966172,0.06468455,0.2762458,-0.004334406,-0.5451762,0.22111623,-0.33458936,-0.5503054,-0.29462272,0.92066616,-0.14401998,-0.4740263,0.42355406,-0.20534657,-0.28486076,0.37219128,-0.2660209,0.25255337,0.5800485,0.15194212,-0.20400696,-0.9283882,0.24780254,0.10547415,-0.41002676,0.14184119,0.42527902,-0.08373508,-0.22099268,-0.33936954,-0.15479773,-0.6473885,-0.367681,0.10433196,0.049900357,0.08838329,-0.45893523,0.046143387,0.4065336,0.05530146,-0.261819,1.1824344,0.25620115,0.48136798,0.04770345,-0.3133994,0.123909764,0.551318,-0.7568081,0.15917075,-0.26257426,-0.18277638,0.7563457,0.8226859,0.13503897,-0.3133472,-0.00042866962,0.06743101,-0.14607103,0.2048264,-0.17384855,0.03278835,0.5981863,-0.70372885,0.81536865,0.18914802,0.19753452,0.3568342,-0.15725823,-0.0045965347,0.18162657,0.8762029,0.37700972,-0.48445654,0.23654206,0.39953828,0.0949335,0.15875296,0.024399498,-0.7036173,0.0670018,-0.48195842,-0.5717668,-0.03486609,-0.5133741,0.15045695,-0.25731677,0.16353677,0.33489266,-0.2166726,-0.6079428,0.17361778,-1.0140733,-0.07864348,-0.48105696,-0.36817786,1.1632545,-0.7446776,-0.106294036,0.006873472,0.21896817,-0.20307182,1.3218759,0.22216678,0.57366663,-0.5103374,-0.10996342,0.5274994,-0.10516945,-0.35217318,-0.6148245,0.10144523,0.82122225,0.49376988,-0.38181984,0.21283273,0.3510317,0.40782607,0.011211924,1.1451114,0.6753528,-0.517964,-0.4705254,-0.39741588,0.18987282,-0.6035915,0.6013844,-0.5240962,1.0295898,-0.12143687,0.53889376,-0.30439082,-0.118410625,0.6215492,0.37218538,-0.15949859,0.21410851,-0.3165359,0.060428772,0.192936,-0.05319497,0.076939926,0.058521938,0.19417937,-0.4056857,0.4141451,-0.018998617,-0.0322187,0.036236215,0.50258267,-0.23124497,-0.18939175,-0.40356755,0.08067774,0.015998505,0.6715667,-0.42511877,0.56071097
MK-2206,-0.49780774,0.1404938,-0.66332555,0.0750089,-0.27852458,-0.35471386,-0.43644524,0.15053292,0.62103456,0.4787281,0.3971597,0.09409833,0.64553,0.39008704,0.15891978,-0.06395755,0.7348393,-0.25066072,-0.044398002,-0.18430318,-0.25279576,-0.45418653,0.17200603,-0.29778686,0.22272062,-0.13455877,-0.04131972,0.152263,0.05934571,-0.45442945,0.2701264,0.16872013,0.22365929,-0.15589368,-0.26757988,-0.49527118,0.09527169,0.30687812,-0.40026703,0.22058752,0.075590424,-0.31247616,0.4676544,-0.36816567,-0.4543954,-0.06846634,-0.12080188,0.44977468,0.5562972,-0.45976123,0.47949737,-0.28223526,0.077812046,-0.55266535,0.17207772,0.47656992,-0.1279903,0.472199,-0.42656532,0.24247918,0.47998977,-0.3802083,-0.16697894,-0.3826133,1.0450599,-0.15649597,-0.0826905,0.010608845,0.5923634,-0.035461344,0.06876984,-0.5650108,-0.058133136,-0.009693875,-0.22657475,-0.26427513,0.009822892,-0.020938369,-0.49536747,-0.5146783,0.05330821,-0.100891076,-0.39159057,-0.16069475,-0.17446327,-0.25714472,0.20702897,-0.5319239,-0.2263977,0.43381178,0.13515231,0.16139726,-0.5064278,-0.25606427,0.12843782,-0.23725906,0.2295539,0.518526,0.42302045,0.06233339,0.2313628,-0.003373911,-0.49516532,0.18742372,-0.29777217,-0.46474776,-0.27117577,0.8418035,-0.12675011,-0.41534743,0.39189002,-0.18472445,-0.26888496,0.33609992,-0.22704324,0.2392129,0.54238886,0.14030604,-0.15758009,-0.8142388,0.2133232,0.08477948,-0.32180807,0.110652484,0.3765138,-0.05349684,-0.19770381,-0.28477222,-0.12189854,-0.5427781,-0.3233377,0.08153461,0.02683564,0.07836066,-0.40845135,0.05617438,0.36721984,0.06608253,-0.24525705,1.0748621,0.23670538,0.4221653,0.027587611,-0.2554221,0.106183775,0.51125014,-0.6997914,0.14682077,-0.24679358,-0.16148955,0.7010377,0.77557534,0.15583543,-0.26942056,-0.032971673,0.055992253,-0.14245398,0.20853147,-0.15617682,0.032133404,0.53217363,-0.6288811,0.7283276,0.16400866,0.18599133,0.3415789,-0.14486499,-0.040253635,0.17166291,0.74364066,0.3403175,-0.43880907,0.16717108,0.35041818,0.08020433,0.14783663,0.027841642,-0.6215098,0.042066954,-0.4055084,-0.5045983,-0.024242224,-0.4660641,0.16400316,-0.20685777,0.16677958,0.30521834,-0.19684978,-0.5643059,0.16743821,-0.9210563,-0.0839529,-0.42809305,-0.312522,1.0480334,-0.64526635,-0.089819044,0.06184406,0.21321346,-0.17584194,1.2086632,0.24664818,0.51219434,-0.46093932,-0.085683964,0.47746122,-0.07598488,-0.31774592,-0.51601845,0.11200815,0.7230856,0.42281812,-0.30890825,0.17770799,0.34082088,0.39237645,0.01203803,1.0352092,0.5968657,-0.4375059,-0.4186184,-0.3627593,0.16502497,-0.5565911,0.56585944,-0.47440708,0.94400847,-0.10523095,0.4726728,-0.22269961,-0.12706563,0.53256065,0.3681998,-0.11925735,0.18615822,-0.29963088,0.01862758,0.17301828,-0.06164751,0.06055862,0.037220232,0.17594005,-0.3635606,0.37053913,0.011851939,-0.043932386,0.03711007,0.46122304,-0.18429568,-0.16001207,-0.3514181,0.063905895,0.0105000995,0.6017333,-0.37582034,0.51871467
Palbociclib,-0.5049922,0.12683277,-0.6368413,0.06625655,-0.29035997,-0.3805795,-0.42354494,0.17601089,0.643436,0.4714961,0.4143386,0.109117955,0.65111977,0.38869023,0.16245876,-0.060564443,0.7411187,-0.26274085,-0.06873423,-0.18879174,-0.2507358,-0.4549706,0.17148292,-0.27810204,0.23570551,-0.1253196,-0.04494699,0.15007329,0.056173272,-0.4408765,0.26748425,0.16597407,0.21483587,-0.15258957,-0.27429613,-0.50793743,0.06702692,0.31278977,-0.42520127,0.22308922,0.051659007,-0.3274786,0.5023653,-0.39812806,-0.47005197,-0.073863074,-0.13305159,0.470894,0.5672595,-0.46466786,0.50799066,-0.25200078,0.074613556,-0.5338824,0.19928926,0.49288097,-0.120035514,0.4573155,-0.40743527,0.22855209,0.50666547,-0.3814355,-0.1618609,-0.39422432,1.0288262,-0.16116698,-0.06474224,0.00320767,0.58599645,-0.044640858,0.081582084,-0.58283615,-0.082561664,-0.02091487,-0.2432167,-0.26707795,0.022191092,-0.004968477,-0.51922864,-0.5378311,0.035382472,-0.09010915,-0.37123764,-0.1755661,-0.16218829,-0.26336953,0.21794555,-0.5683272,-0.23032364,0.4348003,0.15479979,0.15563813,-0.49965644,-0.2601939,0.13915104,-0.23855293,0.22309485,0.5011975,0.41307852,0.06630171,0.24747981,-0.012497698,-0.4919874,0.22023039,-0.2962729,-0.49585775,-0.25801447,0.8237076,-0.13254999,-0.4136643,0.37520003,-0.1775748,-0.25675023,0.34136766,-0.24980389,0.24379265,0.52610034,0.13371876,-0.17186962,-0.8451453,0.21963415,0.08398259,-0.34458435,0.13495374,0.38962132,-0.08516286,-0.20430139,-0.30530107,-0.12633514,-0.5823417,-0.33049017,0.078321286,0.03413401,0.0772184,-0.41395763,0.027138306,0.37990168,0.049392637,-0.2527488,1.073741,0.23426294,0.444822,0.04471646,-0.25958252,0.10716822,0.48624316,-0.68817973,0.14017467,-0.24466194,-0.15927765,0.69413227,0.75295895,0.1419801,-0.26648062,-0.021641634,0.058745194,-0.15499483,0.21030527,-0.14944999,0.0215257,0.53703344,-0.6451838,0.74814487,0.19344105,0.18783382,0.3409637,-0.13617238,-0.012734203,0.16523948,0.77205426,0.33350947,-0.43791795,0.2084413,0.34943333,0.081615195,0.13495724,0.035522744,-0.6290411,0.044355012,-0.4200763,-0.51037896,-0.040572375,-0.46882775,0.15114975,-0.22842878,0.154598,0.30557567,-0.19301444,-0.55951524,0.13585979,-0.91781455,-0.07133729,-0.43201488,-0.32122624,1.0457649,-0.67454714,-0.07911976,0.017731674,0.18256927,-0.19945565,1.2130258,0.21967286,0.5052131,-0.45463002,-0.08347163,0.49401745,-0.09790523,-0.31116268,-0.52104676,0.105352,0.7435751,0.4252957,-0.3412214,0.18633346,0.32418504,0.3779362,-0.011839359,1.0388713,0.6034055,-0.4669908,-0.42718276,-0.35686213,0.1749931,-0.56702256,0.57278144,-0.47302353,0.94290096,-0.12728521,0.48099005,-0.25822538,-0.10969021,0.5477078,0.35359317,-0.12822175,0.19125243,-0.31105095,0.042906728,0.1690195,-0.052999675,0.06730422,0.05223093,0.18083982,-0.3572339,0.3727708,-0.014243408,-0.035142947,0.058627956,0.459708,-0.19468114,-0.1823772,-0.36478868,0.07482851,0.009487752,0.6209307,-0.38314196,0.5277898
Dactolisib,-0.4938537,0.13717955,-0.6580221,0.074196525,-0.27590403,-0.35180664,-0.43299577,0.14908783,0.616242,0.47676966,0.39344734,0.09446521,0.63889444,0.38713306,0.15774493,-0.06221215,0.72952205,-0.24877685,-0.04271377,-0.18302107,-0.25160992,-0.4507816,0.17236999,-0.2956802,0.21900168,-0.13254371,-0.042651027,0.15141734,0.06039999,-0.45183644,0.26658192,0.16810851,0.22211415,-0.15566255,-0.26661202,-0.48932844,0.09419355,0.30320925,-0.39608508,0.21975857,0.07558815,-0.30900568,0.46245337,-0.36508352,-0.44918326,-0.06718639,-0.11902198,0.44738048,0.5536021,-0.45556247,0.47359127,-0.27980965,0.07623612,-0.5493169,0.16999741,0.47116572,-0.12945879,0.46706036,-0.42482683,0.24161717,0.47633362,-0.37524828,-0.16404507,-0.38000306,1.0372955,-0.15500997,-0.08181853,0.010645519,0.5891434,-0.034480486,0.06867365,-0.5611769,-0.0550703,-0.011522383,-0.22292188,-0.2608958,0.010079534,-0.020554248,-0.4920202,-0.5109818,0.05542627,-0.10056248,-0.3893267,-0.15851799,-0.17319983,-0.25688258,0.20473161,-0.52786833,-0.22421294,0.43147063,0.13199908,0.15878712,-0.5023242,-0.25512028,0.12776011,-0.23494856,0.22754931,0.5154402,0.42063403,0.061090846,0.22923793,-0.0015604909,-0.4917364,0.18399422,-0.29536262,-0.46161604,-0.2700051,0.83640784,-0.125442,-0.41273642,0.38982615,-0.18469132,-0.26801896,0.33399945,-0.22499153,0.23636092,0.5389174,0.14017832,-0.15667492,-0.80875474,0.21260352,0.08555048,-0.32175648,0.10983381,0.37342247,-0.051363166,-0.19578941,-0.28344628,-0.12132188,-0.5390605,-0.32140362,0.08193413,0.027059179,0.07756159,-0.40468174,0.057655852,0.3635275,0.06699259,-0.24259718,1.0680242,0.23517445,0.41849688,0.027586251,-0.25544187,0.10487237,0.50974345,-0.6944043,0.14524263,-0.24521548,-0.16168417,0.6946771,0.77014226,0.15359887,-0.26880202,-0.030985363,0.055254094,-0.13915512,0.20467861,-0.15560219,0.03258691,0.52857673,-0.6229756,0.72239584,0.16005239,0.18367535,0.33852267,-0.14343303,-0.0397846,0.17109482,0.74004215,0.33851424,-0.43609208,0.16516559,0.34895003,0.080444634,0.1473765,0.026421232,-0.6168926,0.04216681,-0.40290472,-0.5018286,-0.023375569,-0.4623251,0.16266602,-0.20515838,0.16510886,0.30328855,-0.1945693,-0.5589755,0.16810788,-0.9145543,-0.08392695,-0.4258063,-0.31092408,1.0413201,-0.64045465,-0.09055893,0.060948167,0.21340461,-0.17331114,1.19896,0.24434511,0.5096767,-0.45710003,-0.08613094,0.47356838,-0.07510219,-0.31609765,-0.5147614,0.110566534,0.71860766,0.42087358,-0.3064543,0.17750746,0.3384209,0.3897123,0.014324523,1.0283989,0.593073,-0.434077,-0.4144615,-0.3601364,0.16255182,-0.5508209,0.56121314,-0.47154257,0.9363839,-0.10258613,0.46931437,-0.2215988,-0.124921784,0.53082794,0.36439642,-0.11877534,0.18452142,-0.29646316,0.019042974,0.17257829,-0.061033897,0.05917726,0.03805171,0.17561147,-0.3613513,0.36778674,0.0111464085,-0.04348143,0.034234546,0.45886585,-0.18442637,-0.15737647,-0.34832248,0.063679725,0.011248334,0.5963695,-0.37341967,0.5138214
Pictilisib,-0.55463225,0.11904616,-0.68534887,0.06639568,-0.3236245,-0.43013784,-0.45751593,0.20398922,0.71642566,0.5285716,0.4538397,0.1302543,0.7105254,0.42397112,0.17249592,-0.060850423,0.8164632,-0.2982732,-0.070108615,-0.21476944,-0.2840502,-0.4990169,0.20063788,-0.3024587,0.24793924,-0.12897627,-0.05837027,0.16401891,0.07646613,-0.49253497,0.28616083,0.18630584,0.23892199,-0.17112823,-0.3100278,-0.5330975,0.059764642,0.34157336,-0.47163206,0.24876036,0.051524263,-0.36009604,0.5389947,-0.4415515,-0.5093316,-0.08195214,-0.13363603,0.52963185,0.62482077,-0.51583266,0.55016476,-0.2659101,0.06418973,-0.5824717,0.22414736,0.5329774,-0.15567417,0.47930625,-0.44424534,0.2550777,0.55446243,-0.39923924,-0.17179935,-0.4406404,1.1165631,-0.17115124,-0.06324493,0.0106040165,0.65040475,-0.05060826,0.09085909,-0.64703274,-0.08393791,-0.050141055,-0.25801256,-0.28527325,0.02455086,-0.0033552789,-0.58350456,-0.5968712,0.0549425,-0.08836093,-0.40432164,-0.19677138,-0.1747102,-0.30247384,0.25055975,-0.6403767,-0.24879475,0.47547367,0.1621502,0.15571977,-0.53938836,-0.28558397,0.16180526,-0.2590692,0.24938452,0.53913945,0.4534255,0.067380786,0.27810168,-0.008921925,-0.54204655,0.23539007,-0.3308474,-0.5538575,-0.2881697,0.9085212,-0.14575592,-0.46622768,0.4158217,-0.19986959,-0.2807429,0.37293282,-0.27321067,0.25800827,0.57296276,0.14828148,-0.2010736,-0.93702644,0.24721442,0.100547664,-0.4041023,0.14957465,0.4291869,-0.095222354,-0.22314143,-0.34238195,-0.14931953,-0.65496355,-0.3674282,0.09831984,0.04713222,0.08712822,-0.45937702,0.03241765,0.41441947,0.051388256,-0.27024108,1.1788645,0.25640726,0.48893684,0.050883673,-0.30493084,0.120845675,0.5405667,-0.7495326,0.1560498,-0.26243806,-0.17992559,0.7551718,0.81652397,0.13670911,-0.3054897,-0.0037140565,0.066672444,-0.15531686,0.2145518,-0.16865836,0.02702949,0.59658843,-0.70907116,0.8204587,0.20402963,0.20029067,0.36148718,-0.15246566,-0.003621427,0.18065962,0.8731151,0.3711926,-0.48124406,0.24416187,0.39561358,0.09384068,0.15072148,0.030169602,-0.6989125,0.059177548,-0.47840422,-0.56948525,-0.04277981,-0.5150633,0.15117283,-0.26106933,0.1625003,0.33332187,-0.21499024,-0.60933536,0.15872857,-1.0102843,-0.07706047,-0.47878036,-0.36453938,1.155439,-0.74799275,-0.099535495,-0.0006875559,0.20421617,-0.2148532,1.3252592,0.22074604,0.5653251,-0.50432533,-0.104007326,0.53589725,-0.109610684,-0.34779173,-0.6017362,0.10239659,0.8245096,0.48382095,-0.38671064,0.21121177,0.35008612,0.4064755,-0.0029260155,1.1427939,0.67355794,-0.5241442,-0.4713394,-0.3924875,0.19217055,-0.6095541,0.6117923,-0.52356124,1.0295562,-0.13293414,0.53529954,-0.305139,-0.11320547,0.61867034,0.3747462,-0.15369618,0.214378,-0.32846266,0.06276815,0.19039957,-0.051968567,0.0780196,0.0614252,0.1950436,-0.398554,0.4125282,-0.023234664,-0.030870877,0.0522083,0.5025336,-0.22842664,-0.19858766,-0.40662166,0.083289735,0.014836912,0.67960453,-0.42429814,0.5698585
AZD8055,-0.5100709,0.12499272,-0.6374143,0.065143704,-0.29545808,-0.3877167,-0.42552125,0.18283306,0.6527747,0.47636083,0.4182725,0.11346437,0.6569636,0.39267343,0.16228142,-0.06147168,0.7482238,-0.2667685,-0.07143163,-0.19098152,-0.25621408,-0.45931974,0.17492639,-0.27949873,0.23782203,-0.12390671,-0.046238244,0.15108798,0.058326233,-0.44454095,0.27026808,0.16641206,0.21785182,-0.15480907,-0.27778932,-0.50927114,0.06544476,0.31603122,-0.43092564,0.22644266,0.051591672,-0.33191064,0.50521225,-0.4024198,-0.4729953,-0.07567693,-0.13438627,0.4781506,0.5722141,-0.4690588,0.51348525,-0.24989367,0.07300467,-0.53594136,0.20273192,0.49756786,-0.12449692,0.45850882,-0.40895385,0.23202269,0.5119176,-0.38089174,-0.16022903,-0.39785555,1.0352372,-0.16372949,-0.06314509,0.0038092672,0.5926683,-0.04607663,0.08422417,-0.591476,-0.081983894,-0.027350213,-0.24507663,-0.26796177,0.021890022,-0.0047754124,-0.5271628,-0.54522747,0.03600816,-0.088637054,-0.37117884,-0.17916013,-0.1617043,-0.26978442,0.22198603,-0.5781299,-0.2308033,0.43974966,0.15630895,0.15487093,-0.5015908,-0.2604424,0.14034829,-0.24183977,0.22388501,0.5027534,0.41453853,0.065742016,0.25094,-0.012060841,-0.4964969,0.22311391,-0.2997189,-0.502376,-0.26135483,0.8285588,-0.1338563,-0.41800934,0.37805912,-0.17971314,-0.25777832,0.34427541,-0.25227234,0.245089,0.5284392,0.13463455,-0.17432424,-0.8575017,0.22331464,0.08569483,-0.35126954,0.1374501,0.39524597,-0.0887351,-0.20632638,-0.3105883,-0.12801464,-0.59267324,-0.33445862,0.08172425,0.036593214,0.078381866,-0.41933206,0.025256515,0.38440412,0.048949257,-0.25449097,1.0827167,0.23691458,0.45059872,0.045531247,-0.26526666,0.10778809,0.49054298,-0.6908686,0.14084594,-0.24478492,-0.16189808,0.69851786,0.7557439,0.13882115,-0.2695366,-0.017045006,0.05905351,-0.15364754,0.21063234,-0.15063795,0.021146698,0.5437713,-0.6513772,0.7551789,0.19645336,0.18935725,0.34229413,-0.136891,-0.011414717,0.16722286,0.7835827,0.335415,-0.44047245,0.21475495,0.35501143,0.083003126,0.13494538,0.03259589,-0.63445777,0.044363778,-0.42768115,-0.5173603,-0.04075019,-0.4731962,0.14825325,-0.233397,0.15435827,0.30814552,-0.19577377,-0.5633366,0.13695405,-0.92567897,-0.07247106,-0.436052,-0.32637975,1.0548081,-0.6813081,-0.081782,0.012186997,0.18270062,-0.20260286,1.2225777,0.21661484,0.51007223,-0.45865172,-0.085666716,0.49915352,-0.09918743,-0.31581408,-0.52975816,0.10239534,0.7526438,0.4311485,-0.34762335,0.18876673,0.32630885,0.38021955,-0.012317907,1.0474205,0.6110612,-0.47699934,-0.43211415,-0.3591248,0.17694022,-0.56887716,0.5755775,-0.47870508,0.9490078,-0.12974058,0.4853814,-0.26461133,-0.10723277,0.556778,0.35365334,-0.13068002,0.1940315,-0.31440893,0.047094613,0.17153801,-0.05102986,0.070128724,0.053840417,0.18108317,-0.36083564,0.37657702,-0.016108364,-0.032873902,0.059641242,0.4632541,-0.19978161,-0.18560895,-0.37101582,0.07625588,0.009538836,0.62842023,-0.38726676,0.53251696
PD0325901,-0.630216,0.07485712,-0.731756,0.05612067,-0.38061577,-0.52177805,-0.49398756,0.26643392,0.8417445,0.6238913,0.5123908,0.17550693,0.7833819,0.46731472,0.17795914,-0.042250242,0.94000757,-0.36690113,-0.068604976,-0.26116493,-0.33046466,-0.55636615,0.2657177,-0.32751724,0.24565758,-0.122417964,-0.095896736,0.19260046,0.122107096,-0.5848849,0.2932932,0.21725121,0.2821198,-0.20626308,-0.3695733,-0.541721,0.023586005,0.3774659,-0.53896,0.28659707,0.04030708,-0.39736256,0.57591134,-0.50893664,-0.5603705,-0.10130873,-0.11866327,0.6263826,0.7085918,-0.59067196,0.59956324,-0.2829193,0.03479368,-0.6528432,0.27064127,0.5677959,-0.22944865,0.48041776,-0.48741913,0.28860724,0.62151843,-0.40499455,-0.1819195,-0.52294385,1.2228886,-0.17516497,-0.059336085,0.020129878,0.7422982,-0.060201705,0.10675181,-0.73823494,-0.08548256,-0.1211959,-0.26638615,-0.29739568,0.028128494,-0.0028444023,-0.68401587,-0.69402826,0.11419206,-0.07245068,-0.45558134,-0.22613207,-0.19212651,-0.36974752,0.31639928,-0.7661788,-0.26578993,0.5264396,0.16293122,0.13556693,-0.58630687,-0.32724425,0.21032432,-0.28993925,0.2914069,0.5802406,0.5143153,0.05421661,0.3303417,0.006856409,-0.6215522,0.2632676,-0.37767717,-0.65411764,-0.3450095,1.0352771,-0.15731877,-0.56498104,0.48681384,-0.24298507,-0.31553423,0.41432774,-0.29750535,0.263694,0.6439976,0.1641069,-0.25944215,-1.0713232,0.2894259,0.13780418,-0.5221865,0.1764618,0.48325932,-0.11196753,-0.2556959,-0.40139383,-0.20428306,-0.7746004,-0.43040168,0.13726364,0.07433562,0.10895124,-0.52489066,0.04686222,0.46958116,0.053175945,-0.28675893,1.3306323,0.28548115,0.54202783,0.06793049,-0.39257023,0.14786483,0.62362546,-0.82824826,0.18093483,-0.2804727,-0.21551792,0.83144724,0.9008865,0.10423542,-0.37796497,0.04753941,0.08825989,-0.13247666,0.19423534,-0.20107034,0.04046768,0.67833173,-0.80979925,0.9222854,0.19830543,0.2067864,0.36998862,-0.17179075,0.022319505,0.19567946,1.0585469,0.4318953,-0.5484459,0.31631628,0.4771435,0.12582082,0.18032983,0.023195317,-0.8194141,0.09198732,-0.5811329,-0.6605329,-0.052929495,-0.58258176,0.13188906,-0.32903692,0.17500328,0.36157417,-0.25502446,-0.68091285,0.21484408,-1.1476011,-0.083575875,-0.55860895,-0.44981158,1.3286369,-0.8700391,-0.15489393,-0.06415255,0.23906349,-0.2259122,1.4933516,0.20233084,0.66929144,-0.5882321,-0.14106625,0.5864614,-0.12568054,-0.40065044,-0.76153255,0.075447336,0.9575679,0.5884603,-0.4638646,0.26107678,0.37838173,0.4366366,0.023972273,1.3091661,0.79647815,-0.60944116,-0.5379137,-0.44316614,0.22253895,-0.6609014,0.6538499,-0.6066214,1.1542761,-0.131628,0.62628305,-0.4091975,-0.10268457,0.74946296,0.39051056,-0.20340252,0.24873312,-0.34304208,0.12556495,0.22755948,-0.044710986,0.0853415,0.077520326,0.21656409,-0.4694758,0.47159988,-0.048710167,-0.01235193,0.030561855,0.5693491,-0.30151007,-0.21543223,-0.47273165,0.08717787,0.041815512,0.75639784,-0.48945948,0.6150021
SB590885,-0.5009484,0.12812966,-0.6478427,0.06969405,-0.28401607,-0.36817527,-0.42844182,0.16420642,0.63286394,0.47992942,0.40339273,0.10387355,0.64561737,0.38790473,0.15883698,-0.060069244,0.73789257,-0.25794736,-0.05256465,-0.18827072,-0.2551352,-0.45394585,0.17698032,-0.28889182,0.22379903,-0.12779255,-0.045923933,0.15122706,0.063268095,-0.45108348,0.266451,0.16891117,0.22143461,-0.15614617,-0.27338842,-0.49190503,0.08019489,0.30800554,-0.41077554,0.2233937,0.0651164,-0.31811363,0.47735798,-0.3810467,-0.457022,-0.07021412,-0.122239985,0.4626545,0.56168944,-0.46259186,0.48746428,-0.26655915,0.071629,-0.5441092,0.18420227,0.47957522,-0.13319193,0.45823285,-0.41851163,0.23859377,0.48998508,-0.37372115,-0.16220942,-0.38937193,1.0346217,-0.15723564,-0.07268645,0.009288084,0.5926919,-0.039111305,0.07416178,-0.57449037,-0.06394571,-0.023209866,-0.22951734,-0.26234272,0.0150454305,-0.014167172,-0.50884885,-0.5255501,0.051937062,-0.09359954,-0.38235745,-0.16745412,-0.16860855,-0.2645037,0.2144413,-0.55088043,-0.22656238,0.43454963,0.13961764,0.15408795,-0.50046635,-0.2577458,0.13433479,-0.23691921,0.22819395,0.5087389,0.41863346,0.06169859,0.23977251,-0.004681625,-0.494553,0.19751617,-0.298344,-0.4802697,-0.2680652,0.83541477,-0.12920834,-0.41793203,0.38684654,-0.18349445,-0.26335615,0.33783755,-0.23543227,0.23769414,0.535033,0.13839,-0.16666397,-0.8297852,0.21872957,0.08764613,-0.33944887,0.12064735,0.38189214,-0.06548902,-0.19987036,-0.29584292,-0.12679838,-0.56319714,-0.32750097,0.08430446,0.03277895,0.07822678,-0.41161245,0.04640521,0.37065208,0.059519846,-0.24593917,1.0749197,0.235529,0.4307964,0.03495669,-0.26395762,0.106952354,0.5042214,-0.6929452,0.14400485,-0.2436508,-0.16274086,0.69528043,0.7637055,0.14448385,-0.27251217,-0.021289412,0.057402905,-0.14181674,0.20301272,-0.15525377,0.02909003,0.535892,-0.6344415,0.735861,0.17208026,0.18438393,0.3374206,-0.1415933,-0.026258988,0.16941442,0.76314807,0.33913594,-0.4386159,0.18778007,0.3540032,0.08245784,0.1436642,0.02725005,-0.6264989,0.04544265,-0.415927,-0.509998,-0.029802978,-0.46658987,0.15400864,-0.21865037,0.15945828,0.30482385,-0.19607452,-0.5597745,0.15834099,-0.92038375,-0.07895269,-0.4314241,-0.32006222,1.0493054,-0.6587894,-0.09023369,0.037837643,0.20253086,-0.18319996,1.207641,0.22955452,0.51250917,-0.45893422,-0.08868784,0.4823937,-0.08484508,-0.31724036,-0.52802134,0.10510997,0.7348002,0.42951715,-0.32514703,0.18390077,0.33266324,0.38450286,0.0064548445,1.0369885,0.6022655,-0.453219,-0.42137724,-0.36008954,0.16873488,-0.55560505,0.5633704,-0.47519088,0.94102263,-0.11148873,0.47782204,-0.24282017,-0.11720252,0.54513025,0.35692284,-0.12689804,0.18900011,-0.30025846,0.032960597,0.17328097,-0.055588614,0.064332575,0.04481432,0.17747998,-0.36317453,0.37182882,-0.0013044596,-0.03813411,0.040874824,0.46099693,-0.19369806,-0.16750808,-0.35859403,0.06849078,0.011580369,0.60840225,-0.3803897,0.5184979
Selumetinib,-0.59742,0.09159039,-0.7184067,0.06296119,-0.3531599,-0.47699502,-0.48109695,0.23327042,0.7853332,0.5906942,0.483196,0.15522794,0.7502036,0.4472048,0.17542545,-0.049158663,0.8877197,-0.3368604,-0.060959782,-0.24311821,-0.3128288,-0.5325128,0.24184418,-0.32071698,0.2377776,-0.1271562,-0.08163765,0.18164441,0.10771858,-0.55159897,0.2871077,0.20950794,0.2648525,-0.19394836,-0.3477635,-0.53195304,0.041125853,0.35805917,-0.50522393,0.27198273,0.049400456,-0.37731653,0.55309683,-0.4759847,-0.5349973,-0.08936448,-0.11914852,0.585907,0.674122,-0.56023884,0.5713914,-0.28103182,0.043835565,-0.62823397,0.24934198,0.5473439,-0.20550261,0.4781644,-0.47667345,0.27909386,0.589056,-0.39805123,-0.1790992,-0.4908397,1.1814417,-0.17020614,-0.06334862,0.020890914,0.70758903,-0.054341976,0.09743652,-0.6972638,-0.076754,-0.094819054,-0.25598472,-0.2915377,0.026262548,-0.006043082,-0.64012784,-0.64853024,0.09905967,-0.08090402,-0.44153664,-0.2099548,-0.18826373,-0.34304276,0.2876381,-0.70886207,-0.2579788,0.5063661,0.1549189,0.14126594,-0.5672404,-0.31271917,0.19082187,-0.2736756,0.27685544,0.56748563,0.49343517,0.05775235,0.3065041,0.0040146937,-0.5917127,0.24091434,-0.36005196,-0.6078321,-0.3256613,0.99082494,-0.15204345,-0.5281472,0.46246648,-0.22715117,-0.30571458,0.39650664,-0.28344896,0.257889,0.619242,0.16132815,-0.23556252,-1.0101228,0.27161306,0.124390095,-0.47527862,0.16084562,0.45670912,-0.09562656,-0.23994945,-0.3743625,-0.18340704,-0.7200891,-0.40459535,0.12333898,0.065025695,0.098926485,-0.49619365,0.049878247,0.44139525,0.05663751,-0.276207,1.2711982,0.27407414,0.5159269,0.058836192,-0.35874304,0.13700595,0.5990338,-0.7997956,0.17193292,-0.27530086,-0.2006369,0.799839,0.87028795,0.11829925,-0.35191572,0.025891552,0.08074385,-0.13737059,0.19844875,-0.19208434,0.038745448,0.64511144,-0.7646775,0.8783425,0.18963538,0.20213242,0.36623082,-0.16625398,0.00938395,0.19064976,0.98160905,0.41022795,-0.5235557,0.2781126,0.4446024,0.11318663,0.17154281,0.024280123,-0.7716081,0.08166731,-0.5384191,-0.6226976,-0.044042166,-0.5540241,0.14269155,-0.29565132,0.17146982,0.35132858,-0.23878154,-0.64966685,0.20011131,-1.0934403,-0.08294341,-0.527017,-0.4146401,1.261196,-0.81850046,-0.13515878,-0.030169055,0.2345939,-0.21262357,1.4237096,0.21431056,0.63288045,-0.5550059,-0.13029104,0.5613903,-0.11600976,-0.380473,-0.7010842,0.088433154,0.8996012,0.5489911,-0.4263305,0.24167225,0.369202,0.4273498,0.023122063,1.2418097,0.74406886,-0.5675103,-0.5070829,-0.42527223,0.20896384,-0.63679,0.6323691,-0.5732932,1.103695,-0.12460162,0.5905794,-0.36083567,-0.10983597,0.69596016,0.38448453,-0.18582785,0.23294924,-0.32950136,0.095350586,0.21502972,-0.048482273,0.08035825,0.070611775,0.2083388,-0.44341883,0.4482483,-0.0350332,-0.021403804,0.02986968,0.54291415,-0.27133211,-0.20123924,-0.4430637,0.083235726,0.031517956,0.7201399,-0.4619152,0.5924439
CCT007093,-0.56392324,0.104292065,-0.695306,0.061467,-0.33040482,-0.44277978,-0.4632907,0.20418274,0.7326659,0.54969645,0.46193007,0.1360851,0.72180843,0.42774165,0.1706069,-0.058729775,0.83447164,-0.31571305,-0.05797902,-0.22712114,-0.29158217,-0.50722575,0.21183999,-0.30784336,0.23903976,-0.1298705,-0.06738172,0.16896899,0.09122853,-0.5172319,0.27947474,0.19958691,0.24344093,-0.17244336,-0.3236712,-0.52283496,0.048766382,0.34964356,-0.48235384,0.25510848,0.045799144,-0.36400998,0.54012096,-0.45203304,-0.5182986,-0.081253745,-0.11784879,0.5500734,0.6369761,-0.5378721,0.55323625,-0.26868573,0.045664433,-0.5978997,0.23661095,0.5320501,-0.17730542,0.46773297,-0.45536456,0.2592407,0.5605672,-0.3937024,-0.18036509,-0.46263558,1.1261781,-0.16296095,-0.059001908,0.022210417,0.6658978,-0.053322956,0.09014804,-0.65843695,-0.08936876,-0.06997984,-0.25491035,-0.28745902,0.027387489,-0.0014324533,-0.60181904,-0.60516953,0.071062945,-0.081879444,-0.41597217,-0.20161062,-0.17883866,-0.3121227,0.2649453,-0.66456616,-0.25509447,0.47622427,0.15799993,0.14531706,-0.5442883,-0.29728317,0.1807969,-0.25888315,0.2657048,0.54005206,0.46938425,0.065502256,0.2880063,-0.0071335603,-0.55560327,0.23367156,-0.34403482,-0.5712756,-0.2970236,0.93948734,-0.14716642,-0.49031729,0.4278987,-0.20973384,-0.2888714,0.37887245,-0.27649522,0.25493062,0.58525646,0.15290238,-0.21913543,-0.9507386,0.25162765,0.10844514,-0.43280518,0.15043695,0.4357764,-0.09631971,-0.22706175,-0.3499471,-0.16571979,-0.67348444,-0.37785843,0.109461546,0.057864904,0.09247649,-0.4707361,0.040361363,0.4168696,0.046947625,-0.26338613,1.2032624,0.25909254,0.49619687,0.054782897,-0.3253826,0.13039568,0.5547607,-0.7697805,0.1644215,-0.26706013,-0.18517104,0.7685776,0.82848346,0.12658751,-0.32351005,0.005363327,0.072890535,-0.14975883,0.20438461,-0.17716998,0.031922743,0.6132969,-0.72470134,0.83438337,0.19726658,0.2005631,0.35655892,-0.16183747,0.009290806,0.1795034,0.90871555,0.38480195,-0.4949892,0.25798187,0.4083917,0.09690008,0.16117354,0.02747201,-0.72614205,0.079004176,-0.5043776,-0.5853073,-0.039735433,-0.5251493,0.14662346,-0.26996124,0.16241686,0.3395606,-0.22138458,-0.6191722,0.17265813,-1.0329509,-0.0740658,-0.49192524,-0.3811416,1.1886888,-0.7720648,-0.107445195,-0.010304024,0.21774691,-0.21053725,1.3471361,0.2128953,0.5889997,-0.5255055,-0.115579635,0.5352553,-0.116379194,-0.3573047,-0.63707024,0.09850307,0.839339,0.51136714,-0.40188995,0.2204211,0.34835756,0.40611508,0.009743558,1.1700699,0.6945727,-0.5344291,-0.48754814,-0.40699914,0.19773106,-0.61773527,0.60532767,-0.53421056,1.0492983,-0.12635241,0.5569871,-0.3308009,-0.11739029,0.638922,0.3736915,-0.17190559,0.22200245,-0.31614077,0.07437453,0.19537349,-0.052505847,0.08050399,0.06370182,0.19646065,-0.41508225,0.42655006,-0.0276789,-0.028579168,0.03802134,0.50621915,-0.2419902,-0.1988233,-0.41608763,0.08485451,0.017960628,0.6870509,-0.43387645,0.5692969
Obatoclax Mesylate,-0.536458,0.10931916,-0.6659805,0.06657098,-0.31125325,-0.41394597,-0.4420658,0.19480142,0.6930453,0.5190374,0.43476617,0.12580337,0.68147045,0.4076567,0.16623263,-0.052632917,0.79216343,-0.28793323,-0.05995278,-0.20986357,-0.275252,-0.4823624,0.20164469,-0.29432443,0.2286746,-0.124207556,-0.060750987,0.16014984,0.08029752,-0.48341066,0.2726053,0.18379478,0.2345427,-0.17075811,-0.3024253,-0.5061917,0.058479436,0.3244591,-0.44963747,0.2413056,0.052703742,-0.34188694,0.5118064,-0.42389804,-0.48619622,-0.07737145,-0.12360353,0.51100606,0.60528606,-0.49731904,0.5221275,-0.26390964,0.059503067,-0.56894976,0.21272002,0.5067006,-0.16050386,0.45873585,-0.4349971,0.24996105,0.5319355,-0.381156,-0.16625284,-0.42870703,1.0833772,-0.16167141,-0.06390398,0.011734091,0.63274175,-0.045827594,0.08465962,-0.62198025,-0.07032086,-0.053026553,-0.24077411,-0.27229676,0.022494387,-0.006730622,-0.56336296,-0.5765854,0.068786316,-0.085500814,-0.40006703,-0.18549061,-0.17260551,-0.29550105,0.24397367,-0.6161206,-0.23838553,0.46156067,0.14782487,0.14639409,-0.521956,-0.27930787,0.15751046,-0.2487365,0.24412468,0.5250357,0.44268474,0.06099557,0.26889652,-0.0028922288,-0.52785707,0.21753782,-0.3201968,-0.53473616,-0.28562614,0.88783085,-0.13942271,-0.45826972,0.41137403,-0.1963706,-0.27587268,0.35917524,-0.25825977,0.24452241,0.56024516,0.14519873,-0.1956661,-0.90175116,0.24100046,0.102205604,-0.39689592,0.14087117,0.4107017,-0.08054265,-0.21522,-0.3297571,-0.14878897,-0.6299437,-0.3573292,0.09805923,0.045867894,0.08438808,-0.4434687,0.041906532,0.3976508,0.055366103,-0.25969356,1.1449542,0.24833164,0.4659482,0.047644723,-0.3011224,0.11679441,0.53482795,-0.72733986,0.15198894,-0.25400648,-0.17557609,0.729118,0.7963632,0.13131398,-0.30236754,0.0008409532,0.06693858,-0.14193068,0.19871849,-0.16769649,0.031240165,0.5760864,-0.6833437,0.7915586,0.18235959,0.1892923,0.3462835,-0.14892,-0.006248687,0.1759863,0.85094106,0.36559483,-0.46892548,0.23029163,0.38739547,0.0949625,0.15067817,0.029009575,-0.6799737,0.05932707,-0.46233866,-0.55161965,-0.03942453,-0.49767938,0.1460854,-0.25165147,0.15890989,0.32108128,-0.20960833,-0.58899885,0.16662544,-0.98203313,-0.07680839,-0.46715865,-0.35719615,1.1257182,-0.7240925,-0.10550818,0.001875048,0.20747896,-0.19821183,1.2844552,0.21609756,0.5554998,-0.489448,-0.10604867,0.5135435,-0.1009786,-0.33741528,-0.59447867,0.09702682,0.80041265,0.47341922,-0.36960983,0.20861089,0.3421422,0.3951964,0.008103716,1.110691,0.65401524,-0.49954996,-0.45037618,-0.38102576,0.18522418,-0.58536375,0.58846813,-0.5097686,0.9980979,-0.11943148,0.5206675,-0.29420254,-0.11042748,0.6042018,0.36256513,-0.15115641,0.2049469,-0.3104118,0.061365116,0.18814345,-0.05076587,0.07106336,0.058215104,0.18994772,-0.390131,0.39930862,-0.021282071,-0.030105863,0.039162192,0.49124858,-0.2245623,-0.18235654,-0.3910433,0.076008126,0.02020449,0.65213984,-0.41211578,0.5443704
EHT-1864,-0.57500595,0.08531742,-0.67654675,0.05445461,-0.34560922,-0.4706057,-0.45577136,0.23868452,0.7629858,0.55623734,0.46976557,0.15344277,0.7211802,0.4307003,0.16573898,-0.04605823,0.85528,-0.3281526,-0.06915525,-0.23154323,-0.29665262,-0.50939083,0.23210151,-0.30013976,0.2366078,-0.11707994,-0.07998997,0.17574145,0.09810704,-0.5240786,0.27782956,0.19121248,0.25546739,-0.18452945,-0.3270146,-0.5133955,0.033563636,0.3499213,-0.49017453,0.2579305,0.041187808,-0.36523,0.5333887,-0.4612848,-0.5169344,-0.09442804,-0.120465524,0.5620941,0.64236283,-0.536467,0.55498785,-0.26471013,0.047649357,-0.59840906,0.24150376,0.52584666,-0.1903992,0.45711678,-0.44428325,0.2584772,0.56986374,-0.3848266,-0.16928473,-0.46548957,1.1247566,-0.16683942,-0.059317846,0.010025932,0.67238545,-0.054049935,0.095561884,-0.6697872,-0.08504701,-0.0884607,-0.2533257,-0.2792962,0.024465058,-0.0037338282,-0.61708075,-0.62805283,0.085342675,-0.07386415,-0.4124685,-0.20644702,-0.17684042,-0.32846275,0.28063133,-0.68675166,-0.24396221,0.480271,0.15974672,0.13666244,-0.5415146,-0.29200512,0.1808155,-0.26849857,0.26176763,0.53588146,0.46565127,0.0570398,0.29771727,2.7695218e-05,-0.5625247,0.2496051,-0.3402454,-0.5895474,-0.30846018,0.93674624,-0.14424701,-0.5041502,0.43864673,-0.21712756,-0.28585866,0.38098735,-0.2724816,0.25170106,0.5901908,0.1471374,-0.22772539,-0.9739661,0.26129597,0.119938165,-0.4543476,0.16060905,0.44387478,-0.10541899,-0.23425134,-0.36019048,-0.17341112,-0.693771,-0.38821912,0.11490174,0.057488345,0.09885987,-0.47607562,0.035663784,0.43451396,0.05089308,-0.26754007,1.2114943,0.26042014,0.4960454,0.059512004,-0.34363636,0.13338704,0.5585998,-0.75863683,0.1634341,-0.25676596,-0.19306885,0.7661056,0.8290737,0.110589296,-0.33322504,0.028496591,0.07515924,-0.13236709,0.19167118,-0.17660925,0.03116751,0.6139639,-0.7382289,0.8400782,0.19304472,0.19441965,0.34659,-0.1544948,0.0111189615,0.17878264,0.9440127,0.3888241,-0.49863362,0.2810926,0.4298611,0.108885124,0.16106832,0.024433995,-0.7380307,0.073394865,-0.5156621,-0.5978118,-0.05067974,-0.5302505,0.12789433,-0.29366493,0.16360986,0.3337654,-0.23249891,-0.62391716,0.18590935,-1.0439236,-0.07628284,-0.5055039,-0.40125656,1.2046993,-0.78399235,-0.13139652,-0.044186354,0.210168,-0.214687,1.3639022,0.19504489,0.5971715,-0.5343631,-0.11670355,0.5426795,-0.112493284,-0.3622558,-0.6696219,0.07722424,0.8684226,0.5236565,-0.41628382,0.2293065,0.3512269,0.40402982,0.00943851,1.1887143,0.7200657,-0.55230296,-0.49303466,-0.40295312,0.20223811,-0.61190826,0.6084414,-0.5494637,1.0557505,-0.12925133,0.5629919,-0.35877904,-0.09852766,0.6696964,0.36522183,-0.17329554,0.22650288,-0.32740602,0.10475906,0.2026647,-0.043678816,0.07773625,0.065674834,0.1983498,-0.42140827,0.42598137,-0.03783226,-0.016604345,0.040400725,0.5197725,-0.26334044,-0.20139465,-0.4270242,0.08007066,0.03275366,0.6921487,-0.44563434,0.5715395
Avagacestat,-0.5651361,0.100251876,-0.68584013,0.062705025,-0.33187884,-0.44744062,-0.45751968,0.21521218,0.7379473,0.55050737,0.46058774,0.14154902,0.71748275,0.4257718,0.17053674,-0.054640975,0.83415836,-0.3133537,-0.06461495,-0.22658262,-0.29524326,-0.5065076,0.2180265,-0.30324522,0.23731124,-0.1247629,-0.06917934,0.16711226,0.09269241,-0.5110564,0.28088757,0.19645347,0.24493341,-0.17807066,-0.32510307,-0.51927185,0.045999195,0.3440933,-0.4824353,0.25642726,0.046323977,-0.36473027,0.53865653,-0.45423308,-0.51213497,-0.08233489,-0.12315329,0.55269414,0.6382115,-0.53190106,0.55313766,-0.26188555,0.048590742,-0.59163034,0.23626201,0.5319341,-0.18141744,0.463194,-0.45131898,0.26174808,0.56343204,-0.38788727,-0.17209198,-0.4596613,1.1241087,-0.16674638,-0.056800667,0.018154984,0.66794884,-0.05294913,0.09269518,-0.6624093,-0.079735935,-0.07659572,-0.25324503,-0.28406674,0.02736426,-0.0020311752,-0.60630685,-0.6113482,0.07413495,-0.08008146,-0.4120159,-0.2027598,-0.17678596,-0.3194837,0.26674694,-0.6675476,-0.2499232,0.48147094,0.15656476,0.14267775,-0.5402275,-0.29388145,0.17498122,-0.25961033,0.2601448,0.5385015,0.46323964,0.06322019,0.29062125,-0.0044584004,-0.5552726,0.23318827,-0.3417794,-0.5744936,-0.29895678,0.9314283,-0.14883354,-0.4890016,0.42852572,-0.20750597,-0.28542504,0.37844145,-0.27700436,0.25297078,0.5815626,0.15270545,-0.21789041,-0.95950294,0.25679335,0.111227244,-0.43759,0.15400815,0.4368628,-0.095809385,-0.2263917,-0.35564113,-0.16424215,-0.68130815,-0.37932843,0.11060701,0.05841904,0.089936905,-0.47109294,0.0375306,0.41781637,0.05000951,-0.26703903,1.202278,0.25967234,0.49713045,0.055563603,-0.32931745,0.12691629,0.55749243,-0.7598635,0.1601889,-0.26293087,-0.18596117,0.7621199,0.82344526,0.12227859,-0.3237552,0.014371483,0.07198137,-0.14428045,0.20045078,-0.17727743,0.031736523,0.61248696,-0.72204477,0.8361852,0.19667055,0.19732796,0.3560063,-0.15752825,0.00898882,0.18186003,0.91453224,0.3836517,-0.49280262,0.26245567,0.41307485,0.10059537,0.1569981,0.024159946,-0.7223988,0.07179726,-0.5027632,-0.5870901,-0.041874234,-0.523054,0.14094533,-0.2740601,0.15969338,0.33818832,-0.22180165,-0.6139335,0.17132695,-1.0319366,-0.07574861,-0.49366233,-0.38417074,1.1858773,-0.77266157,-0.11254175,-0.019488035,0.21346493,-0.21134846,1.3450607,0.20650463,0.5879209,-0.518533,-0.11815774,0.53933096,-0.1143962,-0.35796994,-0.64299846,0.09325852,0.847876,0.5103116,-0.40461332,0.22353092,0.349968,0.40627015,0.008762036,1.1675496,0.69495535,-0.5417559,-0.4806949,-0.40142092,0.19807468,-0.6105205,0.6060996,-0.53605694,1.0444582,-0.12810494,0.5549726,-0.33150446,-0.10905236,0.64733994,0.36748204,-0.17139454,0.22093208,-0.31956136,0.07908653,0.1986466,-0.046986733,0.081347406,0.06663836,0.19747463,-0.41324678,0.4234385,-0.03247946,-0.024711793,0.03909921,0.51093185,-0.24653356,-0.19828415,-0.41863385,0.08377286,0.020125464,0.6889427,-0.43662024,0.56874377
5-Fluorouracil,-0.53093976,0.091396935,-0.67025024,0.06094636,-0.30450624,-0.40753347,-0.4415952,0.17642295,0.6820888,0.5321837,0.42760974,0.124938145,0.6726581,0.40352818,0.16024143,-0.04840277,0.78851986,-0.2961003,-0.034219075,-0.21656793,-0.27789414,-0.48000526,0.20926292,-0.29904705,0.20755456,-0.12410022,-0.07269932,0.16090316,0.09813982,-0.5020079,0.25582883,0.19579273,0.2320481,-0.16774815,-0.30815738,-0.4754264,0.053292837,0.32355326,-0.44213587,0.2429422,0.05243978,-0.33262524,0.491058,-0.41747078,-0.47761026,-0.06893107,-0.09806799,0.5167644,0.6051997,-0.50812536,0.49938694,-0.2668917,0.03571172,-0.5800007,0.21165413,0.48787922,-0.18480128,0.43545017,-0.44691977,0.25354758,0.5204742,-0.3614047,-0.17102827,-0.44008097,1.0706754,-0.14584745,-0.060533926,0.02706118,0.6372239,-0.042712018,0.079183035,-0.6152594,-0.06442282,-0.06956619,-0.22516969,-0.26594317,0.023632756,-0.0057263253,-0.5640047,-0.5626863,0.08928068,-0.0799653,-0.40763256,-0.180538,-0.1767693,-0.2976754,0.24524225,-0.61516106,-0.24037705,0.45041165,0.13193503,0.13168496,-0.51721823,-0.28801852,0.17301318,-0.23842886,0.25757933,0.519645,0.45382383,0.057723477,0.26602232,0.0030394155,-0.52853954,0.19598554,-0.32724777,-0.53369385,-0.2892368,0.9065555,-0.13554345,-0.4714018,0.41634166,-0.20763807,-0.28243193,0.35809186,-0.25200728,0.23415416,0.56432295,0.15181296,-0.20852979,-0.88608754,0.23897642,0.11174718,-0.4155792,0.13160433,0.4049049,-0.068644226,-0.2102736,-0.32523018,-0.16078827,-0.62189215,-0.35769862,0.10963896,0.05388622,0.08689148,-0.44138962,0.059912067,0.381626,0.055729754,-0.24069494,1.1451991,0.24574876,0.45718256,0.047012385,-0.31722325,0.124185815,0.5451057,-0.73823684,0.1578037,-0.25410253,-0.18066254,0.7259115,0.7972649,0.12183991,-0.31735748,0.008050281,0.06869183,-0.12830862,0.18006402,-0.17520128,0.039776854,0.5802234,-0.67406493,0.78161335,0.16007212,0.18419504,0.33344474,-0.15720095,0.0032403085,0.17463249,0.8606832,0.37488785,-0.4740215,0.22598699,0.39192063,0.09454063,0.16297175,0.02033207,-0.6892949,0.08265751,-0.47485495,-0.5555342,-0.027284106,-0.49435166,0.14226228,-0.24641477,0.15488008,0.32395956,-0.20728134,-0.5828087,0.18547343,-0.9822185,-0.073674925,-0.47004944,-0.36277598,1.135638,-0.72330004,-0.11250338,0.0068059093,0.22795871,-0.18158548,1.2705827,0.20897669,0.56945825,-0.5004578,-0.118276626,0.49602926,-0.10190771,-0.34290138,-0.6172912,0.09559901,0.789178,0.4919208,-0.36804327,0.21167418,0.33416834,0.38755894,0.031809982,1.1110754,0.65811133,-0.49014172,-0.45390373,-0.39034107,0.17786378,-0.5758206,0.5637522,-0.50558805,0.9925645,-0.09942962,0.5299921,-0.3051974,-0.11798738,0.60737354,0.3531957,-0.16532132,0.206995,-0.28415638,0.06382064,0.18962513,-0.055049177,0.068327665,0.05846362,0.18854731,-0.39958793,0.40377823,-0.019410983,-0.031988308,0.010868623,0.48358142,-0.23103611,-0.17062595,-0.3836066,0.076946534,0.021454418,0.6362517,-0.41080943,0.5271166
Dasatinib,-0.5418736,0.108374074,-0.67074364,0.063199006,-0.31510994,-0.4203634,-0.4464122,0.1949897,0.69979644,0.52175546,0.4431226,0.12818347,0.6913908,0.4122055,0.16777138,-0.055823654,0.7996355,-0.29542992,-0.061387625,-0.21303117,-0.27672124,-0.48737094,0.19982065,-0.29506338,0.23434158,-0.12604012,-0.062225472,0.16172817,0.0808135,-0.48788804,0.2727044,0.18691477,0.23202756,-0.16710837,-0.3063011,-0.5134662,0.05314077,0.33266023,-0.45996222,0.24392799,0.047822315,-0.34894955,0.52432966,-0.43317166,-0.49733046,-0.07738775,-0.12314184,0.5213491,0.613016,-0.50807065,0.5327442,-0.260673,0.055433195,-0.57317173,0.22232783,0.5151692,-0.1590257,0.45965725,-0.437663,0.24867408,0.5415469,-0.38489434,-0.17039466,-0.43767005,1.0878626,-0.16162124,-0.06030041,0.014017199,0.63630563,-0.04862587,0.0877838,-0.6307399,-0.082161725,-0.05472819,-0.2479774,-0.2774267,0.026142916,-0.0019857038,-0.57240456,-0.5820293,0.06164253,-0.08400678,-0.39904124,-0.19068217,-0.17228438,-0.29640272,0.2466454,-0.6290272,-0.2441477,0.46188483,0.154023,0.14680545,-0.5262332,-0.28485754,0.16546102,-0.24961111,0.24791244,0.52551717,0.44756234,0.064386316,0.27294013,-0.0068828193,-0.5314956,0.22641754,-0.3250425,-0.54509425,-0.28304136,0.89534366,-0.14136796,-0.46207955,0.4085671,-0.19879782,-0.27708697,0.36476928,-0.266639,0.2488152,0.5624606,0.1465905,-0.20264941,-0.9129495,0.24144287,0.10211742,-0.40458384,0.14589497,0.41787452,-0.090181045,-0.2176214,-0.33491018,-0.15165448,-0.6412212,-0.36118343,0.09870951,0.04929028,0.08577391,-0.4484008,0.036738586,0.40140897,0.04990272,-0.25937352,1.1548748,0.24951816,0.4762126,0.05216142,-0.3036159,0.12082565,0.5314066,-0.737037,0.1538333,-0.25785205,-0.17675565,0.73704875,0.79897755,0.13034612,-0.3042458,-0.00097196875,0.067640446,-0.14861691,0.2030068,-0.16765822,0.0291439,0.584238,-0.693207,0.80213207,0.19219805,0.1935057,0.34967917,-0.15060201,0.0022562586,0.17537247,0.86153096,0.3669738,-0.47407293,0.2400753,0.38817066,0.09286975,0.15090205,0.029831812,-0.6894455,0.06636646,-0.47267854,-0.55813915,-0.040575907,-0.5033343,0.14685132,-0.2557698,0.15777701,0.32658285,-0.20934305,-0.5940964,0.16044126,-0.9894387,-0.07276058,-0.47132537,-0.36019886,1.1357306,-0.736383,-0.09985444,-0.0030258105,0.20489192,-0.20519261,1.2953066,0.21310762,0.5590386,-0.49689096,-0.1058517,0.5199321,-0.10921751,-0.33998346,-0.5978998,0.09980984,0.80581063,0.47987276,-0.37976882,0.20986772,0.33884233,0.3942653,0.004525088,1.1212063,0.6611859,-0.50934654,-0.4619269,-0.38704425,0.18738756,-0.5956293,0.5923855,-0.51149654,1.0072547,-0.12447376,0.5289886,-0.30551538,-0.111530416,0.6085352,0.36307424,-0.15610449,0.20970997,-0.31314123,0.06514667,0.18716212,-0.052145764,0.07380347,0.061936308,0.19237533,-0.39304236,0.40559253,-0.025052145,-0.030187948,0.042613834,0.49079168,-0.22667748,-0.19035386,-0.39574325,0.08143674,0.016629633,0.66099364,-0.41586855,0.5522521
Paclitaxel,-0.5085207,0.12464671,-0.6192931,0.061712846,-0.3013288,-0.4010552,-0.4155439,0.19889154,0.6619697,0.46603674,0.42327705,0.11675078,0.66077745,0.38929367,0.1597304,-0.06615685,0.74483335,-0.27156934,-0.08743323,-0.19165762,-0.25323203,-0.45625952,0.16838457,-0.266784,0.24718249,-0.120852366,-0.040509656,0.14752413,0.050361756,-0.43417454,0.2720595,0.16260993,0.21379477,-0.1513134,-0.27707878,-0.51585925,0.05210856,0.31923047,-0.4421243,0.22186655,0.03738117,-0.34082013,0.5185373,-0.41279042,-0.48121366,-0.083423674,-0.14115694,0.48311177,0.5654338,-0.47239152,0.5336295,-0.23365529,0.07281799,-0.51969373,0.2155026,0.50700134,-0.115373954,0.4526093,-0.39027336,0.22163294,0.51775974,-0.38472068,-0.16053587,-0.3979082,1.0199134,-0.16496958,-0.05536309,0.002454945,0.58310354,-0.055157803,0.08859855,-0.5937186,-0.1014715,-0.030827537,-0.25823572,-0.27153665,0.025545742,0.00047124666,-0.53512996,-0.55149215,0.021203518,-0.08118304,-0.3570229,-0.18998641,-0.15416358,-0.26820648,0.23238496,-0.59401613,-0.22988407,0.43334025,0.1705282,0.15330373,-0.49341044,-0.25318837,0.14318107,-0.24374802,0.22138196,0.48485556,0.4043445,0.070018634,0.26026496,-0.022849483,-0.49095318,0.24296229,-0.29972425,-0.5098942,-0.2520478,0.81073594,-0.1383406,-0.41593093,0.3665867,-0.16883591,-0.24733096,0.3420669,-0.26093,0.24806432,0.5132081,0.12676841,-0.17793022,-0.8642745,0.2209472,0.07978293,-0.3511483,0.14724869,0.40006298,-0.10867215,-0.20879708,-0.31573048,-0.12777928,-0.6093823,-0.33339924,0.077569015,0.04085236,0.07802902,-0.42288586,0.0040282244,0.3926112,0.034889128,-0.2583698,1.0697379,0.2343469,0.46041867,0.0514313,-0.26004735,0.108570665,0.4696226,-0.6768483,0.13979132,-0.24041478,-0.15423459,0.6949647,0.7361775,0.13087265,-0.26120162,-0.014698701,0.060237806,-0.16258134,0.21650383,-0.14371113,0.013987402,0.54260045,-0.6568255,0.75852805,0.21800241,0.19094701,0.33870786,-0.13504331,0.00012972878,0.1592711,0.7856857,0.32573202,-0.43383342,0.23714049,0.3512293,0.081716396,0.12542392,0.03645115,-0.6335238,0.041204676,-0.43223208,-0.5139026,-0.050091714,-0.47117785,0.13943318,-0.24095729,0.1509226,0.30427715,-0.19797488,-0.5606297,0.116293386,-0.91738683,-0.066018276,-0.4310013,-0.32717055,1.0421462,-0.69011843,-0.07180299,-0.007846596,0.16263264,-0.21544278,1.217701,0.20016637,0.5001559,-0.4552137,-0.081616946,0.50298375,-0.10865554,-0.31002682,-0.52325356,0.097085536,0.75453335,0.4266732,-0.36173335,0.18707553,0.31732002,0.37064743,-0.031908706,1.0384077,0.60941446,-0.49074113,-0.43768272,-0.3533543,0.18748567,-0.57281804,0.5729429,-0.47414753,0.94423693,-0.14603285,0.48573425,-0.27771693,-0.10056306,0.5544298,0.34826759,-0.13403898,0.1975787,-0.31882453,0.057670202,0.16641349,-0.044136643,0.07806158,0.053857245,0.17579332,-0.35462162,0.3764229,-0.025665367,-0.026062293,0.07891675,0.4546896,-0.1995875,-0.2006929,-0.37848434,0.07686834,0.0068132346,0.63628435,-0.38654476,0.5353185
Crizotinib,-0.5439893,0.11134064,-0.6778055,0.065463975,-0.31500825,-0.41776353,-0.451025,0.19288588,0.70032716,0.5260811,0.44252917,0.1269941,0.6935424,0.41397655,0.16811602,-0.05649509,0.8031401,-0.29405493,-0.058480047,-0.21304438,-0.27895033,-0.4893437,0.20173858,-0.3002184,0.23323081,-0.12803873,-0.061513755,0.16397405,0.08173381,-0.49275553,0.27466163,0.18800263,0.23581785,-0.16953535,-0.3069405,-0.5149285,0.058654133,0.33252588,-0.457397,0.24532585,0.053047825,-0.34767482,0.5209855,-0.42951682,-0.49688742,-0.07714744,-0.12240455,0.5204914,0.6140834,-0.5085135,0.53062004,-0.2676536,0.05742759,-0.5791474,0.21930173,0.5143813,-0.16082646,0.46508312,-0.44304422,0.25272152,0.5395396,-0.3865266,-0.17144682,-0.43778747,1.0969484,-0.16272229,-0.06431668,0.01475885,0.6406119,-0.047253422,0.08645127,-0.6310745,-0.077477865,-0.053514518,-0.24581887,-0.278173,0.023830736,-0.0057172137,-0.57053447,-0.5813393,0.06559897,-0.08683178,-0.40473148,-0.18863672,-0.1752563,-0.2973475,0.24576262,-0.6257516,-0.24381712,0.465088,0.15106961,0.148895,-0.5298283,-0.2850622,0.1633002,-0.25147596,0.24954715,0.53183377,0.45140356,0.06298811,0.27110326,-0.0045403154,-0.53587973,0.22215901,-0.32605487,-0.5419782,-0.2879489,0.9023772,-0.14094059,-0.46465197,0.4145021,-0.201279,-0.2807137,0.36536154,-0.26289746,0.24909379,0.5689677,0.14807814,-0.20026647,-0.9127968,0.24190103,0.10266838,-0.4022298,0.1427352,0.4175884,-0.08475191,-0.21803413,-0.3332422,-0.15150565,-0.63789046,-0.36224878,0.099887416,0.048447132,0.08613144,-0.44943997,0.042274475,0.4017596,0.054016788,-0.25991085,1.1613799,0.25187495,0.47440827,0.04956369,-0.30413726,0.120747484,0.5392228,-0.74210465,0.15529948,-0.25973272,-0.17798252,0.7417215,0.80736506,0.13322145,-0.30600485,-0.0027728947,0.068013765,-0.1466832,0.20382212,-0.16990252,0.031181205,0.58596426,-0.69441104,0.8032408,0.18731716,0.19427954,0.35214052,-0.15229006,-0.0034534868,0.17764089,0.8612725,0.36957496,-0.4768133,0.23363529,0.3905193,0.09366394,0.15379535,0.028876841,-0.6915761,0.06502731,-0.47220856,-0.5597673,-0.038326103,-0.5056263,0.15011024,-0.2537049,0.1614791,0.32746118,-0.21159765,-0.5981975,0.16783334,-0.99547017,-0.07647343,-0.47325918,-0.36068147,1.1420143,-0.73510355,-0.10329059,0.003893979,0.21150042,-0.20191899,1.3024825,0.21955962,0.56341517,-0.5001337,-0.106237784,0.52044857,-0.10529867,-0.34274855,-0.6003211,0.10061927,0.80731064,0.4818954,-0.37556273,0.21012816,0.34439674,0.40012988,0.009043173,1.1269755,0.66318935,-0.50690657,-0.46204665,-0.38985497,0.18741745,-0.59672475,0.5953177,-0.5156486,1.013038,-0.12177581,0.529763,-0.3001396,-0.11371372,0.60995024,0.3676915,-0.15477125,0.2091165,-0.31370816,0.06146043,0.1894727,-0.053168364,0.07308025,0.059715405,0.19295733,-0.3965504,0.40691885,-0.020546664,-0.031273045,0.039604772,0.49458593,-0.22702384,-0.18691534,-0.39621034,0.07951188,0.017544411,0.66180176,-0.4168903,0.5537811
Rapamycin,-0.5060233,0.11267063,-0.5832727,0.051388074,-0.30887464,-0.41678908,-0.3988644,0.21960856,0.6697817,0.4481409,0.4316336,0.12983926,0.6557586,0.38454992,0.15941124,-0.06454198,0.7362949,-0.27711785,-0.10949508,-0.19064812,-0.24988526,-0.4492575,0.16312009,-0.24726689,0.25959063,-0.10948792,-0.042873286,0.14320354,0.04623664,-0.41232732,0.2683983,0.15366176,0.20269835,-0.1444424,-0.27625042,-0.51872075,0.028566826,0.32149544,-0.45877472,0.22150303,0.018597532,-0.349997,0.5379391,-0.43014607,-0.486693,-0.08771426,-0.1504787,0.49154872,0.56483144,-0.46642944,0.54801774,-0.20087108,0.069053225,-0.49119034,0.23464195,0.5145934,-0.10475677,0.4354192,-0.3653218,0.2080617,0.53212446,-0.3773558,-0.15013084,-0.39770973,0.9859866,-0.16906029,-0.039193884,-0.0045856694,0.56728846,-0.061956026,0.1003604,-0.6028219,-0.11993565,-0.040361967,-0.26825243,-0.26848722,0.033415515,0.014486184,-0.5462214,-0.5631001,0.0007629288,-0.07014818,-0.32811394,-0.20017324,-0.1388763,-0.27002585,0.23467447,-0.6144657,-0.22812697,0.42732006,0.18611223,0.1478271,-0.4787504,-0.24902716,0.1477466,-0.24181983,0.20795162,0.46159905,0.3857831,0.071435586,0.2659492,-0.0298863,-0.4785737,0.26825812,-0.2924231,-0.52576596,-0.2351737,0.77576417,-0.13971266,-0.40274215,0.34286672,-0.16182002,-0.2310969,0.3403032,-0.2755213,0.2483534,0.48753753,0.11941518,-0.18613909,-0.87937593,0.22270747,0.07616738,-0.36261252,0.16589876,0.40620872,-0.13842764,-0.2103129,-0.3276479,-0.12716173,-0.63240373,-0.33343747,0.07466631,0.04548539,0.07662701,-0.42071787,-0.023752872,0.39775386,0.02028518,-0.26028606,1.046627,0.22883683,0.47316626,0.06380645,-0.2584316,0.107216,0.43776104,-0.6523074,0.13131347,-0.23256996,-0.15177107,0.6757585,0.7005748,0.115213774,-0.25279477,-0.004355659,0.06013666,-0.17062055,0.21755378,-0.1341829,0.0034823802,0.53801185,-0.66072845,0.7611506,0.24302106,0.19104446,0.33322743,-0.12441871,0.021467764,0.15274842,0.794174,0.31183365,-0.42323688,0.26865736,0.344279,0.07996786,0.11046962,0.04038469,-0.62510127,0.04155442,-0.43816832,-0.5111445,-0.062164836,-0.46714473,0.12453075,-0.2572179,0.13634355,0.29911074,-0.19096602,-0.54740715,0.085646264,-0.8960337,-0.05546508,-0.42485034,-0.32608455,1.0179545,-0.6984629,-0.06233509,-0.046858143,0.13054284,-0.23562069,1.1975403,0.17292711,0.48235425,-0.44154707,-0.07709132,0.50979614,-0.12516233,-0.30110663,-0.5147452,0.08825238,0.75670105,0.41874045,-0.38328987,0.18848768,0.29753867,0.35164475,-0.05345024,1.0203478,0.6051467,-0.5110614,-0.4392621,-0.34103638,0.18968153,-0.568872,0.5691665,-0.46508843,0.92333627,-0.16371672,0.4805949,-0.3031819,-0.08179676,0.5562209,0.3294729,-0.13660558,0.19961219,-0.32732642,0.0780125,0.1601135,-0.0359022,0.08465964,0.06760362,0.17537653,-0.34115103,0.37040603,-0.045931693,-0.017065747,0.099093325,0.4430563,-0.2047385,-0.21934709,-0.38479227,0.08837029,0.003856471,0.64260757,-0.38415083,0.5375694
Sorafenib,-0.53425765,0.10823158,-0.66445154,0.065072946,-0.3078764,-0.41100222,-0.44039434,0.19167125,0.6884105,0.51844853,0.43344843,0.1254478,0.6804666,0.40473494,0.16531312,-0.053918533,0.7879607,-0.28844717,-0.058252737,-0.20982155,-0.27501866,-0.48035756,0.20135176,-0.29282507,0.22716664,-0.12500273,-0.060849447,0.15897822,0.08130358,-0.48170528,0.270215,0.18506253,0.23148781,-0.16776246,-0.3026222,-0.5026047,0.056869317,0.32486403,-0.44882032,0.2409264,0.05219141,-0.3420001,0.51088434,-0.4226998,-0.4847333,-0.074860476,-0.1213167,0.51323396,0.6035805,-0.49955854,0.5210701,-0.26056698,0.057241604,-0.5676857,0.21463889,0.50491375,-0.16116306,0.45360333,-0.4349652,0.24904385,0.5304122,-0.37753484,-0.16688551,-0.42927596,1.0769104,-0.16024505,-0.061641905,0.013830627,0.63161564,-0.046168003,0.08405193,-0.6203741,-0.072208196,-0.055030137,-0.24096656,-0.27285346,0.024273666,-0.005777164,-0.5623853,-0.5713387,0.06599809,-0.08461116,-0.3973571,-0.18609878,-0.17257847,-0.2945165,0.24338047,-0.6149901,-0.23862648,0.45825455,0.14720736,0.14443895,-0.5190689,-0.27964848,0.1581949,-0.24632849,0.24543898,0.52199763,0.44159758,0.062299833,0.2689773,-0.0041765054,-0.5257802,0.21649238,-0.32091853,-0.53395104,-0.28335828,0.88515776,-0.14016986,-0.45677155,0.4075949,-0.1954985,-0.27400342,0.35958245,-0.2594073,0.24382173,0.55820745,0.14643544,-0.19691606,-0.8987111,0.23989582,0.10225637,-0.3976482,0.14032699,0.409988,-0.08149911,-0.21309863,-0.329881,-0.14874595,-0.6288331,-0.35554498,0.09830742,0.048277296,0.083395116,-0.44178224,0.04178134,0.39325726,0.05368052,-0.25573617,1.1414955,0.24649021,0.46584898,0.048550308,-0.30116382,0.11796723,0.53122497,-0.7268303,0.15113434,-0.25347233,-0.17456841,0.72708964,0.7919264,0.1303585,-0.30125374,0.0006655082,0.0658494,-0.14183848,0.19734092,-0.16749504,0.030781448,0.575469,-0.67945147,0.78958774,0.18372667,0.18889321,0.3453933,-0.1486292,-0.0024333377,0.17505407,0.847504,0.3632823,-0.46789908,0.23078649,0.3854751,0.092848785,0.15011491,0.025818853,-0.6786756,0.061765842,-0.46282023,-0.550809,-0.03729808,-0.49450022,0.14516573,-0.2493955,0.15731189,0.32251,-0.20819104,-0.5843407,0.1636821,-0.9776947,-0.07451063,-0.46598554,-0.3559821,1.1211897,-0.7226111,-0.10218903,0.0023683396,0.2071837,-0.19682895,1.2773029,0.21309872,0.5529583,-0.48894042,-0.10635363,0.51203877,-0.10251469,-0.3371488,-0.5929745,0.09853387,0.7963907,0.474251,-0.36984244,0.20711237,0.33846518,0.39282793,0.00930152,1.1053401,0.65095943,-0.50066847,-0.45096615,-0.3811277,0.18437581,-0.5831548,0.5834067,-0.5057021,0.9931916,-0.119351365,0.52075684,-0.29418007,-0.11084603,0.6022501,0.35738805,-0.15371068,0.20567487,-0.3075667,0.0606899,0.18701123,-0.04992783,0.0721243,0.059046056,0.18996891,-0.38932377,0.39879096,-0.022111578,-0.03026605,0.037359975,0.48751706,-0.22334711,-0.1828412,-0.38946,0.076623,0.016822983,0.64939034,-0.41134432,0.5421585
BI-2536,-0.5059975,0.12334017,-0.61928123,0.061725587,-0.29714742,-0.39372367,-0.41544765,0.19183592,0.65375215,0.46327567,0.4208247,0.11589985,0.6539016,0.3878305,0.16179053,-0.06252821,0.74043673,-0.26764292,-0.084171735,-0.18919869,-0.25019023,-0.45380843,0.16808823,-0.26702523,0.24472018,-0.12041507,-0.043381564,0.14771345,0.051305957,-0.4306341,0.26880437,0.16159292,0.2107563,-0.1501971,-0.27488485,-0.5141512,0.054163978,0.31600738,-0.43716773,0.22228055,0.040059898,-0.3359182,0.51655024,-0.40987483,-0.47699732,-0.07913236,-0.14081612,0.47822183,0.56671304,-0.4657279,0.5244622,-0.23477961,0.07418222,-0.5194754,0.21202388,0.50203335,-0.1132319,0.4516322,-0.3928783,0.22125137,0.51664495,-0.3819835,-0.15824029,-0.3954975,1.0161043,-0.16460752,-0.056219246,3.6957576e-07,0.5796546,-0.051066972,0.088412344,-0.59002715,-0.09636962,-0.026476296,-0.253446,-0.268635,0.026213503,0.0015075364,-0.5290424,-0.5474382,0.022367008,-0.08368822,-0.35683817,-0.18463004,-0.15440021,-0.26561978,0.22427838,-0.5851366,-0.22980447,0.43324807,0.16681407,0.1538024,-0.49328497,-0.2563898,0.14170577,-0.24053453,0.21773739,0.48821932,0.40371606,0.068609305,0.25471073,-0.019250702,-0.48786846,0.2384805,-0.2951775,-0.5067201,-0.2502473,0.8074692,-0.13549197,-0.41014966,0.36429194,-0.17123625,-0.24812274,0.3415973,-0.25944737,0.2465273,0.51323617,0.12849924,-0.17607625,-0.85807943,0.22049415,0.080824666,-0.3496518,0.14622183,0.39618278,-0.10409531,-0.2068844,-0.31342277,-0.12600231,-0.60073465,-0.33183488,0.07621035,0.0378863,0.07685305,-0.41688502,0.008398375,0.3874271,0.039076008,-0.25667983,1.0659034,0.23277162,0.45573592,0.051645707,-0.25809973,0.10680983,0.46941325,-0.67619115,0.13700163,-0.24102075,-0.1559766,0.6891265,0.7358819,0.13379164,-0.26079595,-0.016555965,0.05935072,-0.16164303,0.21422368,-0.1438196,0.014810291,0.537725,-0.65154195,0.75409895,0.21207556,0.18950363,0.33937207,-0.1319198,-0.0011892988,0.16089812,0.7796019,0.32578212,-0.4331634,0.22959217,0.34754974,0.0810962,0.12588702,0.037679654,-0.628092,0.04203561,-0.42603102,-0.5106794,-0.048733894,-0.46858677,0.14255956,-0.2381714,0.14914745,0.30378705,-0.19280429,-0.5562219,0.11728322,-0.9113401,-0.06587535,-0.42990795,-0.323176,1.0369316,-0.6841349,-0.072281964,-0.0041437782,0.16387066,-0.21269949,1.2103134,0.20438531,0.4972876,-0.45020315,-0.0806687,0.50090855,-0.107479714,-0.30743206,-0.5178005,0.10001471,0.74932784,0.42242417,-0.356036,0.18708545,0.31582737,0.3698203,-0.027662672,1.033796,0.60425913,-0.4829189,-0.43187928,-0.35149947,0.18124251,-0.5694513,0.57343864,-0.47085848,0.9378326,-0.14142828,0.4814001,-0.27308673,-0.100143254,0.55081636,0.34653664,-0.13067727,0.19419149,-0.3182358,0.054733377,0.16590758,-0.04701421,0.07329746,0.057244383,0.17920761,-0.35159674,0.37255937,-0.02528999,-0.02898434,0.07436857,0.4547981,-0.19758314,-0.19590051,-0.37244043,0.07881131,0.0073757023,0.63018435,-0.38398698,0.5326142
Irinotecan,-0.50818413,0.13100314,-0.6302299,0.064654015,-0.29616514,-0.38932598,-0.42323932,0.18706426,0.6523317,0.464858,0.4204287,0.11320427,0.6581465,0.39303598,0.16374838,-0.06511727,0.74394566,-0.2655461,-0.08287927,-0.18734808,-0.2505718,-0.45728704,0.1663246,-0.2730064,0.24686465,-0.1237567,-0.041835316,0.14981414,0.04813947,-0.43284827,0.27198717,0.16140984,0.2127425,-0.15206362,-0.2742448,-0.5214934,0.0626849,0.31656957,-0.43443945,0.2229269,0.046559393,-0.33428213,0.5169165,-0.40566152,-0.478624,-0.07896699,-0.1438261,0.4751607,0.5697288,-0.46450412,0.52449155,-0.24339831,0.07991615,-0.526514,0.2072238,0.50424653,-0.109281115,0.46465757,-0.3996535,0.2253286,0.51707804,-0.38797033,-0.15916139,-0.39285257,1.0290595,-0.16709347,-0.062160313,-0.0006937802,0.5836036,-0.04948713,0.088345066,-0.59089273,-0.092741296,-0.018483173,-0.2532525,-0.27035084,0.023964599,-0.0016860232,-0.525765,-0.5465897,0.022604104,-0.08992756,-0.3632108,-0.18232733,-0.15775001,-0.2644716,0.219492,-0.57917,-0.23160113,0.438435,0.16619615,0.15902543,-0.5006354,-0.257402,0.13817173,-0.24260904,0.21715774,0.4990547,0.4084648,0.06834127,0.2505135,-0.017372906,-0.49183998,0.23597485,-0.29513764,-0.5018547,-0.2533114,0.8142969,-0.13433413,-0.4089952,0.3683736,-0.17368414,-0.2532982,0.34376827,-0.2575782,0.24961448,0.520357,0.13096297,-0.17149273,-0.85811704,0.21913873,0.079390906,-0.34193125,0.14310056,0.39632744,-0.099481486,-0.20731369,-0.3103926,-0.122884884,-0.5944557,-0.33191004,0.07425884,0.034150973,0.07718869,-0.41672677,0.012640335,0.38981625,0.04385508,-0.25868022,1.0738134,0.23594871,0.4548575,0.048599996,-0.25387096,0.105566725,0.47636995,-0.68278354,0.13824223,-0.24462305,-0.1570872,0.69517314,0.7466879,0.14077447,-0.2599075,-0.022850389,0.058324974,-0.16325012,0.21941698,-0.14500016,0.01562775,0.53873557,-0.6530272,0.75604504,0.20965199,0.191905,0.34497342,-0.13232405,-0.009116334,0.1635018,0.7740746,0.32683584,-0.43637264,0.21972007,0.34746844,0.080628715,0.12759025,0.038009044,-0.62818193,0.038160734,-0.42241433,-0.51116675,-0.046300795,-0.4722659,0.1493296,-0.23324627,0.15443546,0.3065932,-0.19356231,-0.5618501,0.12110102,-0.9166282,-0.07025952,-0.43092757,-0.3205715,1.0418886,-0.6820781,-0.07209096,0.008065554,0.16869742,-0.211042,1.2200725,0.21607913,0.49969867,-0.4525191,-0.07812064,0.5036697,-0.104466274,-0.3098849,-0.5131513,0.10503712,0.7490754,0.4198178,-0.34927446,0.18526573,0.32278126,0.37775078,-0.025977599,1.0400538,0.6049306,-0.47879398,-0.43259647,-0.35408348,0.17999372,-0.5741636,0.58142823,-0.47381926,0.9453681,-0.13958666,0.48081195,-0.26307383,-0.104015514,0.5487791,0.35498628,-0.12616602,0.19368686,-0.32297286,0.047529366,0.16667214,-0.05001191,0.070528775,0.055494454,0.18111394,-0.35281956,0.3735448,-0.019301899,-0.03290548,0.07467986,0.45927522,-0.19447058,-0.1944878,-0.37175855,0.07768957,0.00699558,0.6314022,-0.3833403,0.5380911
Oxaliplatin,-0.87283593,-0.026870886,-0.8506081,0.014386256,-0.58616126,-0.8511623,-0.6017563,0.5159975,1.2596183,0.86601996,0.7172142,0.31989485,1.0337842,0.6202507,0.18771905,-0.001823012,1.3357784,-0.5735476,-0.11904723,-0.39004415,-0.4521165,-0.7359642,0.43975413,-0.3864603,0.2949678,-0.08974694,-0.19257344,0.28333694,0.21811935,-0.8358785,0.3539857,0.2658506,0.4304515,-0.3063034,-0.51801896,-0.62319005,-0.08166775,0.5180042,-0.76455563,0.3839709,0.0017577519,-0.53241074,0.7111375,-0.7202701,-0.7450521,-0.20150648,-0.11918561,0.90350723,0.9474013,-0.8146478,0.79069173,-0.33788934,0.0015477181,-0.8589953,0.4145468,0.69827664,-0.39364797,0.53383034,-0.570073,0.36385754,0.84548706,-0.4659032,-0.20865586,-0.7320867,1.5508927,-0.21614769,-0.061020985,-0.008207517,0.99756104,-0.1004852,0.1618895,-1.0224007,-0.13660097,-0.2953985,-0.33796293,-0.34405994,0.028688414,-0.005478696,-0.99027276,-1.0120965,0.228101,-0.032816965,-0.581262,-0.33763298,-0.23381214,-0.5676916,0.5235784,-1.1640203,-0.30134144,0.6729126,0.22895603,0.10008608,-0.73524934,-0.41352364,0.3336367,-0.4189916,0.3933777,0.69989765,0.6732529,0.0333882,0.5029195,0.033122126,-0.8409383,0.43653777,-0.50078756,-0.96765894,-0.50427365,1.3666788,-0.19123487,-0.8469252,0.6869227,-0.367245,-0.3992663,0.54399794,-0.3720333,0.31597224,0.8603719,0.17787923,-0.4250922,-1.4999096,0.4158048,0.2382322,-0.8308036,0.27605772,0.6762019,-0.22436142,-0.37236467,-0.57623875,-0.341924,-1.1389576,-0.61722934,0.22563352,0.1196501,0.19626139,-0.72636694,0.03185527,0.70258605,0.05122163,-0.3700782,1.77166,0.36779183,0.7171337,0.12484851,-0.62997705,0.23625949,0.8171803,-1.0374337,0.25392404,-0.31727353,-0.3141718,1.0846041,1.1550344,0.018867373,-0.5638879,0.18341567,0.13961466,-0.08198209,0.16812281,-0.26548263,0.047958713,0.90393627,-1.1514782,1.2297096,0.23917903,0.23875856,0.39683777,-0.20813759,0.07360981,0.23140001,1.5929221,0.58903325,-0.73657584,0.56896263,0.7331822,0.21130393,0.24973415,0.020665837,-1.1728231,0.15082398,-0.8691911,-0.9325758,-0.12227938,-0.7863187,0.05930567,-0.5642474,0.2272727,0.43849748,-0.4004816,-0.9213936,0.3528967,-1.5592422,-0.09772156,-0.80234724,-0.7099339,1.8322409,-1.2257926,-0.31509653,-0.28115544,0.27689278,-0.31131116,2.0286598,0.13336672,0.9338119,-0.854475,-0.20496775,0.77394307,-0.16795756,-0.5473882,-1.1960539,-0.021697808,1.3795446,0.8724368,-0.7111012,0.38903695,0.46856487,0.52813417,0.04415445,1.8144658,1.1861743,-0.8916396,-0.77687657,-0.57557493,0.32263133,-0.8434263,0.8276301,-0.86497843,1.5433085,-0.18135677,0.871942,-0.7413036,-0.05953531,1.136616,0.45540518,-0.31082126,0.36929312,-0.45285302,0.3464355,0.32329997,-0.017600318,0.1047872,0.10862195,0.27263585,-0.6612329,0.6370477,-0.12330796,0.053317066,0.033881284,0.7745959,-0.51914036,-0.30468768,-0.68052083,0.09916068,0.12593216,1.0091374,-0.6963182,0.79453593
BMS-536924,-0.52215296,0.12170099,-0.6636345,0.06818435,-0.2987179,-0.3912607,-0.43983546,0.17720382,0.66507906,0.50108147,0.4231365,0.11412853,0.66972905,0.4004024,0.16445243,-0.05840675,0.7696961,-0.27484256,-0.05651787,-0.19980404,-0.26534745,-0.47125322,0.18822928,-0.2940634,0.22954778,-0.12888326,-0.052796107,0.15728946,0.0706512,-0.47015175,0.2711829,0.17793162,0.22772299,-0.16194214,-0.28884855,-0.5062359,0.07035291,0.32049444,-0.4335882,0.23361742,0.059164222,-0.33275485,0.50115365,-0.40510252,-0.47762585,-0.07332261,-0.123785675,0.49015546,0.5874331,-0.48493856,0.510041,-0.2675468,0.06676314,-0.5613743,0.20190173,0.49745393,-0.143875,0.46331763,-0.4306253,0.24434586,0.51532304,-0.38235554,-0.16773231,-0.4129133,1.0657524,-0.16049461,-0.06906717,0.010983817,0.6151024,-0.042926446,0.08004667,-0.6013398,-0.07192956,-0.035179317,-0.23868875,-0.27131936,0.01997447,-0.00986069,-0.53790647,-0.5524214,0.056537166,-0.09117595,-0.39357132,-0.17741273,-0.17228281,-0.27914062,0.22910376,-0.58639514,-0.23571472,0.44973066,0.14674015,0.1529825,-0.5155721,-0.27172473,0.1477962,-0.24416943,0.2381438,0.52099806,0.43444055,0.06318898,0.25487003,-0.005315268,-0.51456726,0.21138246,-0.3112718,-0.510561,-0.27696976,0.86739516,-0.134898,-0.4397281,0.39955086,-0.19127105,-0.27149242,0.3519485,-0.24956484,0.24430993,0.5520818,0.1430141,-0.182461,-0.86976075,0.22950134,0.094268434,-0.3682218,0.1319799,0.39939535,-0.07528221,-0.20910648,-0.31400183,-0.13814294,-0.59872705,-0.34440726,0.09020989,0.039369017,0.08193753,-0.4294607,0.043614767,0.38628706,0.05690743,-0.25362086,1.1173133,0.24303281,0.452249,0.04258056,-0.2816671,0.113610804,0.5197259,-0.7176976,0.14899592,-0.25222427,-0.16936702,0.7185547,0.785804,0.14106864,-0.2874075,-0.014245667,0.06264423,-0.14616846,0.20478244,-0.16186582,0.02942167,0.55935955,-0.66430324,0.7695757,0.1808782,0.18981728,0.34605783,-0.14605755,-0.015149802,0.17305487,0.8092106,0.35351372,-0.45736197,0.20957845,0.37040418,0.08754576,0.14821112,0.02939755,-0.65790844,0.05428788,-0.44173944,-0.53312176,-0.034485023,-0.48538423,0.15340112,-0.23532912,0.16076985,0.31622413,-0.20327914,-0.57856286,0.16094482,-0.95657957,-0.07712812,-0.45163694,-0.3391977,1.0937405,-0.69622797,-0.094844654,0.022211375,0.20574541,-0.19295157,1.2549092,0.22638114,0.535954,-0.4784263,-0.09599583,0.50205797,-0.09509491,-0.3284108,-0.5603219,0.10431257,0.7701054,0.45338959,-0.3491574,0.19635342,0.33827752,0.3926272,0.0060768584,1.0809011,0.63079524,-0.47858548,-0.44097057,-0.3743568,0.17826137,-0.57749623,0.5809827,-0.49421623,0.9766894,-0.117759675,0.50273114,-0.26964247,-0.116059735,0.5752955,0.3629933,-0.13954,0.19838859,-0.30844942,0.04575748,0.18048541,-0.055083293,0.068173535,0.052382797,0.18598826,-0.3787046,0.38841552,-0.010988471,-0.03565738,0.041837424,0.4777071,-0.20825075,-0.17757732,-0.37658194,0.0737553,0.013873404,0.6349514,-0.3982271,0.5367514
GSK1904529A,-0.52365535,0.121634476,-0.65827924,0.067012064,-0.30208918,-0.39872894,-0.43782413,0.1852204,0.67127156,0.49845088,0.42653638,0.11729526,0.67246836,0.40239605,0.16491543,-0.05957968,0.7711686,-0.27706864,-0.06406109,-0.20011213,-0.2657448,-0.4726008,0.18609633,-0.28977668,0.23499331,-0.12675707,-0.052035205,0.15603524,0.06762708,-0.4653094,0.27316305,0.17581904,0.22600943,-0.16244034,-0.29002762,-0.5107769,0.06530252,0.32144287,-0.44016033,0.23335868,0.05446932,-0.33754605,0.50878507,-0.4119063,-0.48182422,-0.076143354,-0.1291026,0.4935794,0.58960366,-0.4851781,0.5188606,-0.26082075,0.06775923,-0.5558024,0.20616432,0.5045148,-0.1404541,0.46393356,-0.4250297,0.24261017,0.5215297,-0.384071,-0.16530377,-0.41272876,1.0644953,-0.16278516,-0.06601301,0.008772133,0.61421186,-0.045750953,0.08368935,-0.60670495,-0.07687015,-0.036212906,-0.24432682,-0.2723181,0.02126999,-0.0068388013,-0.5443088,-0.5592328,0.050881136,-0.08932595,-0.38820753,-0.18228108,-0.16910562,-0.28093183,0.23150505,-0.5946511,-0.23572408,0.45112535,0.15226896,0.15292124,-0.51518625,-0.2704714,0.14858826,-0.2453591,0.2354097,0.51780623,0.43133202,0.064644895,0.25869694,-0.008310876,-0.5134318,0.21927093,-0.311404,-0.5158193,-0.27346367,0.8621417,-0.13716255,-0.43817,0.39558992,-0.18838623,-0.26888123,0.35286716,-0.25546524,0.24668494,0.5468016,0.14147526,-0.18389645,-0.87866074,0.23041093,0.09270775,-0.37043366,0.13734321,0.40312177,-0.08357626,-0.21012956,-0.31819066,-0.13700528,-0.6086091,-0.34527925,0.08891784,0.04039178,0.08126334,-0.43195474,0.034627613,0.3910447,0.05275087,-0.2574609,1.1168965,0.24349217,0.4589385,0.04512325,-0.28070432,0.11279466,0.514686,-0.7131491,0.14798735,-0.2512252,-0.16827457,0.7180974,0.7804978,0.13831784,-0.2854573,-0.01234416,0.062362097,-0.14992394,0.20820555,-0.1595729,0.026505075,0.56128347,-0.66822076,0.7742454,0.19022982,0.19076067,0.34674865,-0.14444973,-0.011301281,0.1723343,0.81338537,0.35107106,-0.45629913,0.21873656,0.3709232,0.08742945,0.1435075,0.03072326,-0.65796536,0.05166976,-0.4441373,-0.5347913,-0.038828082,-0.48697773,0.15077783,-0.23927437,0.15887333,0.3162302,-0.20313028,-0.5790341,0.15221214,-0.9562576,-0.075431064,-0.4518424,-0.33965445,1.0920651,-0.70199585,-0.09187417,0.013859017,0.19720231,-0.19997725,1.2572612,0.22079685,0.5336779,-0.47658265,-0.09517095,0.50702584,-0.09941932,-0.32784772,-0.55914193,0.10324695,0.774713,0.4516127,-0.35615215,0.19654363,0.3366363,0.39033538,-0.001365574,1.081228,0.6328815,-0.48655635,-0.4434113,-0.37231347,0.18048699,-0.5800443,0.5841679,-0.4946297,0.97733927,-0.12412741,0.5037685,-0.2749716,-0.112206645,0.57768834,0.36203042,-0.13992962,0.20048746,-0.31317958,0.050300375,0.1797641,-0.052672196,0.070196636,0.054720584,0.18566236,-0.3760114,0.3892853,-0.015331549,-0.03337396,0.04977292,0.4772996,-0.20934281,-0.18421502,-0.38035658,0.07567108,0.013271513,0.6406957,-0.39917403,0.54143816
Tozasertib,-0.523658,0.12056875,-0.65673167,0.065361336,-0.30234668,-0.39919677,-0.43631744,0.18348458,0.6703758,0.49571455,0.4294187,0.11654971,0.6733075,0.4009725,0.16572724,-0.059521146,0.77023315,-0.278543,-0.064895146,-0.20070362,-0.26308012,-0.4715674,0.18388557,-0.28794688,0.23711334,-0.12726344,-0.051989313,0.15550011,0.066979215,-0.46456373,0.27187565,0.17646486,0.22350024,-0.15856688,-0.28910542,-0.5131394,0.06234196,0.32457304,-0.4429472,0.23287378,0.050210588,-0.33900306,0.51461977,-0.41524595,-0.48522407,-0.07564676,-0.12846127,0.4947564,0.58943546,-0.4875284,0.52146035,-0.25812536,0.066209435,-0.55468947,0.20990035,0.5055723,-0.1375222,0.4611089,-0.42325303,0.23809476,0.523726,-0.386254,-0.16822682,-0.41546097,1.0603617,-0.16172267,-0.06325139,0.008631077,0.6110193,-0.04667343,0.08359862,-0.6060266,-0.084183216,-0.03437849,-0.24701278,-0.27382314,0.023797479,-0.0037336575,-0.5446659,-0.5586214,0.046127636,-0.08781619,-0.3858105,-0.18321763,-0.1679336,-0.27783662,0.23200448,-0.59698665,-0.23855413,0.44770953,0.15593685,0.1531798,-0.5143781,-0.27225637,0.15171295,-0.24457301,0.23667112,0.5141976,0.43091086,0.0667215,0.25987697,-0.01095707,-0.51153684,0.22373794,-0.3110925,-0.5194515,-0.26977214,0.8605456,-0.13727672,-0.43723157,0.39169014,-0.18749622,-0.2666083,0.35342357,-0.258389,0.24769373,0.54510283,0.13992156,-0.18655719,-0.87756914,0.22985364,0.09177749,-0.37145853,0.13950187,0.403903,-0.08769341,-0.21138069,-0.31891876,-0.13827145,-0.60959643,-0.3451122,0.08754446,0.040490963,0.08180519,-0.4316382,0.03170395,0.39088255,0.04921801,-0.25662547,1.1146054,0.24178073,0.46063894,0.04752091,-0.279841,0.11451281,0.5078452,-0.7148688,0.14767165,-0.25173938,-0.16745834,0.7179284,0.778057,0.13863465,-0.2843574,-0.014035972,0.062873416,-0.15396714,0.20881625,-0.15820284,0.024917398,0.56067836,-0.66966426,0.7752846,0.19450128,0.19185078,0.34653145,-0.14428097,-0.0063944515,0.17004083,0.8138598,0.35037476,-0.4559782,0.22292638,0.36767012,0.08629246,0.1435463,0.033618037,-0.6590986,0.055280864,-0.44516557,-0.5335467,-0.040236328,-0.48629147,0.150545,-0.24098226,0.15669492,0.31648022,-0.2013948,-0.578319,0.14722607,-0.9541925,-0.071908884,-0.45085028,-0.3394843,1.0907551,-0.7043828,-0.08772167,0.010446946,0.19376911,-0.20301187,1.2549766,0.218513,0.5310187,-0.47633663,-0.093485035,0.5071171,-0.10331548,-0.3253509,-0.5564163,0.10414531,0.77346337,0.4516006,-0.3595509,0.19686495,0.33204284,0.38682172,-0.0052149883,1.0797669,0.6314455,-0.48716643,-0.4454045,-0.37255833,0.1812925,-0.58338183,0.58364314,-0.49154085,0.976529,-0.12667719,0.50449365,-0.27988654,-0.11318882,0.5752682,0.36038518,-0.14117907,0.20062272,-0.31272426,0.051560044,0.17708023,-0.053719014,0.07113536,0.0555914,0.18612385,-0.37514177,0.38912576,-0.01809386,-0.033925623,0.051749516,0.47472057,-0.20855473,-0.18707603,-0.37984052,0.07822379,0.011986734,0.6412694,-0.39925054,0.540837
PF-4708671,-0.51554215,0.12299264,-0.6496617,0.06637082,-0.29612398,-0.39027277,-0.43147928,0.18077888,0.6588612,0.48848152,0.420815,0.1137627,0.66334385,0.39542705,0.16349109,-0.05972897,0.757984,-0.2713761,-0.0643269,-0.19599067,-0.26015797,-0.46476793,0.18120761,-0.28537345,0.23409912,-0.12651126,-0.049175136,0.1532789,0.06437015,-0.45563704,0.2707752,0.17236538,0.22163482,-0.15778951,-0.28396147,-0.50648916,0.06615942,0.31795615,-0.43342504,0.22934017,0.054019336,-0.33341387,0.50381404,-0.40543172,-0.475404,-0.07420473,-0.12913992,0.48449677,0.57959276,-0.4775458,0.51240253,-0.2573324,0.06955995,-0.54695016,0.20262034,0.49842098,-0.13432615,0.45886928,-0.418264,0.2373762,0.5135559,-0.38118705,-0.16428028,-0.4051521,1.048584,-0.16169097,-0.06494868,0.006956374,0.6033543,-0.044788986,0.08150399,-0.59629875,-0.07806612,-0.03152795,-0.24294357,-0.2698684,0.021356001,-0.006551394,-0.53359205,-0.5488714,0.045422833,-0.08884448,-0.38116455,-0.17943971,-0.16663276,-0.2738165,0.2265251,-0.5828017,-0.23312251,0.44360647,0.1516693,0.15305904,-0.5078303,-0.26610142,0.14442803,-0.24201353,0.23171808,0.5103838,0.42339984,0.06521748,0.25467044,-0.009857311,-0.5041711,0.21775755,-0.30576488,-0.5071867,-0.2676627,0.8467501,-0.13570625,-0.4285543,0.38740572,-0.18378088,-0.26320156,0.34786588,-0.2524754,0.24455674,0.53854686,0.13876645,-0.17931831,-0.86368805,0.22665463,0.089628465,-0.3608366,0.13509743,0.39672273,-0.0830287,-0.20701489,-0.312713,-0.1331575,-0.59690034,-0.33842534,0.085532345,0.03872329,0.079642825,-0.42457268,0.033127956,0.38451532,0.051455833,-0.25446692,1.0986989,0.23888569,0.45202118,0.044228803,-0.27342305,0.110850014,0.50372016,-0.7031562,0.1447166,-0.24762988,-0.16487287,0.7078689,0.76886845,0.13946849,-0.27848807,-0.015246532,0.060580492,-0.1504951,0.2075686,-0.15607575,0.024830017,0.55134976,-0.6572876,0.7622177,0.1904904,0.18866284,0.34344074,-0.14146951,-0.011791176,0.16965795,0.79625374,0.34435526,-0.44848832,0.21405141,0.36260062,0.084729336,0.14072962,0.031179799,-0.6460466,0.04953159,-0.43443814,-0.5252535,-0.038705118,-0.47855493,0.15009703,-0.23462507,0.15658173,0.31179443,-0.1994046,-0.56992275,0.14688163,-0.94011945,-0.07334055,-0.44393587,-0.3324587,1.0728925,-0.6893819,-0.08768032,0.015905062,0.19230473,-0.19828653,1.236734,0.2194279,0.52202755,-0.4678998,-0.091392346,0.50043684,-0.097746946,-0.32155436,-0.54492116,0.10403878,0.7614641,0.44231632,-0.34960485,0.19206521,0.3312629,0.38451934,-0.0036787784,1.062319,0.62056714,-0.47866955,-0.43635017,-0.36600718,0.17754836,-0.5726725,0.5769679,-0.48527196,0.9618344,-0.1243371,0.49445575,-0.26777458,-0.11181511,0.56559604,0.35662892,-0.1361438,0.19692229,-0.3104922,0.047136433,0.17576703,-0.052351225,0.06934514,0.05310116,0.18312179,-0.36894202,0.38240734,-0.014398031,-0.03390472,0.05118822,0.4695415,-0.20344266,-0.18214226,-0.37354088,0.07484102,0.011303245,0.63115406,-0.39287308,0.53409934
PRIMA-1MET,-0.5143634,0.1160708,-0.59386855,0.05382631,-0.31375,-0.42481154,-0.4059005,0.22576997,0.68298674,0.45710096,0.4377071,0.13119945,0.66705126,0.39054662,0.16138564,-0.06680984,0.74941254,-0.2818285,-0.112015605,-0.19428761,-0.254085,-0.45723662,0.16500357,-0.25097826,0.26301193,-0.11225116,-0.041375775,0.14589466,0.04508381,-0.41955104,0.2739369,0.15697087,0.20717524,-0.14928,-0.28210536,-0.5275683,0.028857172,0.3244682,-0.46610913,0.22371258,0.019072393,-0.35589996,0.5454596,-0.43725464,-0.4957338,-0.09059958,-0.15406038,0.49890876,0.5726809,-0.47416565,0.5597649,-0.20629488,0.07127239,-0.49866393,0.23807058,0.52436036,-0.10621573,0.44433656,-0.37034792,0.21219338,0.5395118,-0.38485605,-0.15322521,-0.40344384,1.0049106,-0.17189454,-0.041320138,-0.004556294,0.57672435,-0.064229496,0.10162987,-0.6117511,-0.121933095,-0.04091231,-0.27375695,-0.27357504,0.03254137,0.012507218,-0.5560127,-0.57289094,0.0025329639,-0.07153326,-0.33551905,-0.20463756,-0.14183922,-0.27439258,0.24090235,-0.6253496,-0.2298595,0.43483892,0.18877588,0.14965315,-0.48707005,-0.2519032,0.14977518,-0.2464749,0.21243413,0.46935067,0.3925871,0.07242793,0.27244952,-0.031076264,-0.48765272,0.2727767,-0.29794076,-0.53241855,-0.24025638,0.7899326,-0.143693,-0.41172352,0.35052705,-0.16211346,-0.2356926,0.3449769,-0.27968273,0.25275737,0.49546173,0.120805554,-0.18807887,-0.8933749,0.22531237,0.07603216,-0.3667242,0.16827628,0.4120221,-0.14008072,-0.2139219,-0.33195925,-0.12889409,-0.6444025,-0.33849314,0.0755746,0.047515858,0.07731352,-0.42891696,-0.025314718,0.40609947,0.020034878,-0.2666332,1.0650994,0.23346236,0.48170257,0.063916765,-0.26107454,0.108423054,0.4475271,-0.66180855,0.13428432,-0.2366254,-0.1520292,0.68842834,0.7129917,0.11682803,-0.25637868,-0.005259493,0.062247805,-0.17337705,0.22263944,-0.13689253,0.0034911616,0.5474205,-0.6724855,0.7742345,0.24717797,0.19362402,0.33858803,-0.12743825,0.020068452,0.15453379,0.8068916,0.31711078,-0.4306748,0.27309462,0.35113588,0.08187827,0.1115666,0.04203299,-0.63650334,0.03979998,-0.44502383,-0.5192231,-0.064942755,-0.47522786,0.1273401,-0.2598344,0.14082833,0.30264038,-0.19635275,-0.55820894,0.08797865,-0.91290283,-0.057503253,-0.43234485,-0.3315349,1.0359061,-0.711767,-0.06387359,-0.046693526,0.13295527,-0.23863678,1.2209417,0.1761833,0.49245337,-0.44957966,-0.078954175,0.5182351,-0.12602384,-0.30592757,-0.52368754,0.08956528,0.77003044,0.42553595,-0.3889657,0.19124708,0.30498424,0.35878858,-0.05424637,1.0382143,0.61598146,-0.5190084,-0.44659907,-0.34686998,0.19518992,-0.5794572,0.5788537,-0.4748611,0.9415326,-0.16763964,0.48970896,-0.30586198,-0.08332271,0.5653498,0.33741876,-0.1389989,0.20321333,-0.3320983,0.079385206,0.16384031,-0.035354465,0.08580599,0.06639235,0.17678499,-0.3473335,0.37783155,-0.045199115,-0.016130257,0.10248848,0.4508216,-0.20794514,-0.2225763,-0.39240065,0.08654993,0.005388511,0.6544606,-0.39025688,0.54722345
Serdemetan,-0.4934243,0.12912436,-0.65805846,0.07319915,-0.27414396,-0.35186288,-0.429577,0.14546753,0.6151686,0.48272932,0.39304528,0.09383299,0.6364448,0.38184682,0.15725662,-0.05681853,0.72954595,-0.2512305,-0.034776233,-0.18756022,-0.25157034,-0.44905606,0.17868489,-0.29603732,0.21185298,-0.13196018,-0.04614462,0.15029737,0.06857091,-0.45819673,0.26214233,0.17292956,0.223108,-0.15455832,-0.26917025,-0.47782323,0.09031996,0.30340543,-0.3955437,0.22011475,0.07296967,-0.3074203,0.45744264,-0.36641416,-0.4458534,-0.064558595,-0.10948328,0.45024085,0.5533124,-0.46049702,0.46582603,-0.28057894,0.068536445,-0.5523448,0.17048275,0.46430832,-0.14050892,0.45418197,-0.42670372,0.24052988,0.4726353,-0.37001923,-0.16784507,-0.38606873,1.0325338,-0.1493199,-0.07908575,0.014198622,0.59127885,-0.03294992,0.0636223,-0.5582515,-0.05328209,-0.01828213,-0.21748857,-0.25914147,0.011619198,-0.019638162,-0.49376202,-0.508773,0.06447703,-0.0962867,-0.39278793,-0.15727071,-0.17486738,-0.25749436,0.21003623,-0.52905035,-0.2256027,0.42713147,0.12715597,0.15323378,-0.49948773,-0.2585267,0.132674,-0.2313919,0.23484978,0.5116384,0.42340165,0.06056601,0.23232071,-0.00019657843,-0.49187493,0.1775361,-0.2980326,-0.46542764,-0.27158126,0.8436497,-0.12562968,-0.41969508,0.39342713,-0.18591467,-0.26692164,0.3330223,-0.22316283,0.23133855,0.5409543,0.14069808,-0.1634491,-0.8043801,0.21510723,0.09006228,-0.33241868,0.10741921,0.3704966,-0.046322547,-0.19530417,-0.28400812,-0.12821427,-0.538495,-0.32227075,0.08567071,0.02900681,0.078644745,-0.4052914,0.06442296,0.35777906,0.06640002,-0.2383012,1.0682765,0.23215757,0.41418853,0.027727477,-0.2641328,0.10847924,0.5124428,-0.6982785,0.14734155,-0.24357992,-0.1628446,0.69377226,0.77114904,0.1502841,-0.2762756,-0.025824664,0.056950606,-0.13431676,0.1951059,-0.15906633,0.035795882,0.5290473,-0.6216408,0.720696,0.15238053,0.1801291,0.3326819,-0.14670247,-0.034850728,0.1694953,0.74824315,0.34469277,-0.43779117,0.1677139,0.35179096,0.08176283,0.1526453,0.02593841,-0.62271154,0.050923835,-0.40667698,-0.50296867,-0.02173016,-0.46027917,0.15925862,-0.20797573,0.1616956,0.30195,-0.19512278,-0.5567303,0.17474976,-0.9165236,-0.08088396,-0.427864,-0.3159289,1.0463239,-0.64231443,-0.09537706,0.057625726,0.21897507,-0.16761175,1.1942922,0.23902021,0.5142403,-0.4599703,-0.09171241,0.46701226,-0.07485327,-0.31607997,-0.5274713,0.10813327,0.720168,0.42980763,-0.30876577,0.18105744,0.33469406,0.38516504,0.021012845,1.029102,0.5945339,-0.43145007,-0.41290286,-0.36189115,0.1623454,-0.54715157,0.55236024,-0.4702242,0.9351894,-0.0960995,0.4732556,-0.2290857,-0.12817663,0.5341239,0.3589399,-0.12555477,0.1847258,-0.28562608,0.021432567,0.17319061,-0.0613152,0.05973989,0.037482236,0.17535609,-0.3656836,0.3680033,0.008786549,-0.043606088,0.023799371,0.45827094,-0.18769366,-0.152447,-0.34673515,0.06311066,0.013181281,0.59102666,-0.37599316,0.5045992
TW 37,-0.51664335,0.11622371,-0.6537687,0.06645064,-0.29575443,-0.39027274,-0.43259752,0.1765199,0.65942055,0.49668777,0.41936874,0.11459311,0.66088164,0.3956683,0.16274585,-0.05560051,0.76167023,-0.27341655,-0.05588652,-0.19883977,-0.26232207,-0.46633217,0.18759307,-0.2880797,0.22537605,-0.12574278,-0.05473569,0.15472879,0.07183199,-0.4649352,0.2656843,0.17690712,0.2235124,-0.16066884,-0.2872721,-0.49843955,0.06544016,0.31620857,-0.43039364,0.23137802,0.055163153,-0.32962614,0.49791637,-0.4045654,-0.47227785,-0.071956344,-0.12191613,0.48793337,0.5833927,-0.48061746,0.50512445,-0.26114205,0.063400745,-0.55456036,0.2017585,0.49229872,-0.14467876,0.4532902,-0.42520297,0.24062853,0.5124388,-0.37593836,-0.16487543,-0.41087613,1.0519339,-0.15726632,-0.065495506,0.0110736685,0.6085703,-0.042722564,0.080218464,-0.5962403,-0.071624935,-0.03783474,-0.23630138,-0.26758388,0.021766894,-0.0072160535,-0.5358947,-0.54880786,0.057214063,-0.08834005,-0.38821405,-0.17661363,-0.16954859,-0.27782574,0.22790502,-0.5843282,-0.23372704,0.44454145,0.1450933,0.14871018,-0.50893337,-0.27082363,0.14905336,-0.24014232,0.23588432,0.5129906,0.4298593,0.062798746,0.25439623,-0.005459577,-0.5082788,0.20959496,-0.30842146,-0.5095681,-0.2726259,0.8581971,-0.1341859,-0.4362366,0.39439815,-0.18931255,-0.2682114,0.34869942,-0.24955186,0.24104658,0.5442809,0.1415226,-0.18335758,-0.86306894,0.22820824,0.09524855,-0.37003237,0.13274898,0.39610517,-0.075506754,-0.206572,-0.31340152,-0.13811773,-0.59690684,-0.34184933,0.08994239,0.040212598,0.08027166,-0.42528772,0.041841544,0.38137642,0.054896116,-0.2505868,1.1058263,0.2399526,0.44923237,0.044470176,-0.28145984,0.11252465,0.5133078,-0.709174,0.14682105,-0.24923158,-0.16789936,0.709178,0.77521527,0.13713749,-0.2861549,-0.010897946,0.06210643,-0.1442991,0.19982943,-0.16006775,0.029389862,0.5543566,-0.6568445,0.7629866,0.17937869,0.18671165,0.34083286,-0.14417179,-0.010455071,0.17103086,0.80555826,0.35075587,-0.4530487,0.21172023,0.36749405,0.08724062,0.14594507,0.029052967,-0.6523025,0.0556761,-0.43916753,-0.52871543,-0.035174567,-0.479635,0.14982533,-0.23456545,0.15674418,0.31339726,-0.19956926,-0.57044524,0.1572737,-0.9462502,-0.07427119,-0.4482096,-0.3375462,1.083168,-0.6927637,-0.09351042,0.017371096,0.20218712,-0.1917947,1.2403595,0.2195553,0.5311226,-0.472468,-0.096872106,0.4971152,-0.09679412,-0.32446337,-0.55832005,0.102558814,0.7642783,0.45046625,-0.34932902,0.19635624,0.33225095,0.3857189,0.0059170467,1.0702577,0.6252704,-0.47561762,-0.43611977,-0.3701129,0.17628472,-0.5711332,0.5735529,-0.4880484,0.9654135,-0.1163251,0.49974838,-0.27182835,-0.11331569,0.5723268,0.35618162,-0.14054799,0.19679008,-0.30337083,0.04834678,0.17851509,-0.053911302,0.06715901,0.05390137,0.1851419,-0.37442145,0.38492143,-0.014595853,-0.0346864,0.040121693,0.47279704,-0.20809178,-0.17619556,-0.37241298,0.07412497,0.014278492,0.62861663,-0.39536026,0.5296652
Erlotinib,-0.507586,0.11294961,-0.6381225,0.06463825,-0.2917667,-0.3861228,-0.4224706,0.17846014,0.6506382,0.48749974,0.41195777,0.11476376,0.6494211,0.38827386,0.15919848,-0.054768704,0.74783146,-0.26936802,-0.058200218,-0.19526261,-0.2595481,-0.45799538,0.185488,-0.28075948,0.22222158,-0.12165165,-0.053566933,0.1506157,0.070373446,-0.4538399,0.26253328,0.17277938,0.2199729,-0.1581759,-0.28295773,-0.48808804,0.062442683,0.31041598,-0.42468435,0.2276309,0.053356823,-0.32591778,0.4890165,-0.39886197,-0.46272132,-0.07171305,-0.12158205,0.4813226,0.57276803,-0.47200117,0.4982458,-0.2523323,0.06233196,-0.54107934,0.19893578,0.48482895,-0.14377311,0.44351017,-0.4150399,0.23671895,0.5044795,-0.3675371,-0.15944046,-0.40244377,1.0310454,-0.15602717,-0.062168043,0.01002391,0.59878534,-0.04309481,0.07962993,-0.5880591,-0.06945039,-0.040706903,-0.2331899,-0.26213253,0.021597626,-0.0066613783,-0.52910966,-0.54133934,0.055146202,-0.0852099,-0.3782163,-0.1754543,-0.16493261,-0.2757734,0.22605263,-0.5771032,-0.2282042,0.43769544,0.14320977,0.14490831,-0.49780127,-0.2638952,0.14497904,-0.23655167,0.23031312,0.5015437,0.41889507,0.061896205,0.2522505,-0.005790726,-0.4980417,0.20762837,-0.30345035,-0.5022239,-0.26755542,0.8390583,-0.1328833,-0.42801133,0.38594458,-0.18423519,-0.26115426,0.3428407,-0.2467777,0.23650047,0.5318657,0.13887072,-0.18022619,-0.8520863,0.22606151,0.09349466,-0.36534342,0.13198939,0.39032307,-0.07681134,-0.20282763,-0.3104163,-0.13527514,-0.5907422,-0.33566034,0.08895332,0.040754445,0.07873368,-0.41875726,0.038304366,0.37593538,0.052896306,-0.24708048,1.0850867,0.23537499,0.44307807,0.043814793,-0.27820057,0.109864935,0.5033176,-0.6925063,0.14299454,-0.24274285,-0.16532625,0.6947882,0.7573788,0.13222794,-0.2805141,-0.0072331447,0.060189676,-0.140333,0.19560479,-0.156611,0.027675929,0.5452475,-0.6450703,0.749833,0.1788575,0.18260103,0.3339597,-0.14042035,-0.009358949,0.16817077,0.79385626,0.34307453,-0.44321954,0.21181418,0.36226958,0.086447895,0.14139052,0.026227714,-0.6394802,0.05260125,-0.43248641,-0.521004,-0.03522444,-0.4703143,0.14377771,-0.23267908,0.15241165,0.30786812,-0.19673914,-0.5585223,0.15196976,-0.92862713,-0.07259399,-0.44025433,-0.3328081,1.0623,-0.6808018,-0.09231479,0.012356547,0.19562711,-0.1899144,1.2163442,0.21155117,0.52038074,-0.4622434,-0.09581401,0.48960814,-0.095216915,-0.31962153,-0.55016446,0.098465025,0.75353855,0.442661,-0.34599078,0.19300678,0.32570317,0.3777447,0.003775233,1.0492487,0.6149093,-0.47247672,-0.427944,-0.3615205,0.17374657,-0.55820376,0.56236666,-0.4797445,0.94573885,-0.11634498,0.49016735,-0.26900956,-0.10845079,0.5649206,0.34671524,-0.13893896,0.19422178,-0.2996466,0.050192554,0.17592801,-0.050221764,0.06767608,0.053948727,0.18067516,-0.36684158,0.37779924,-0.016334264,-0.031862363,0.04125059,0.46445683,-0.20567058,-0.17501876,-0.36805627,0.072964646,0.013605412,0.6189389,-0.38932908,0.5207521
CCT-018159,-0.5051875,0.1257963,-0.6536172,0.06953271,-0.2859883,-0.37216252,-0.43124628,0.1635965,0.63831544,0.48440012,0.4071506,0.10533571,0.64909893,0.39133194,0.16088563,-0.058259867,0.7452895,-0.26171994,-0.05179169,-0.190249,-0.25510812,-0.45867714,0.17900744,-0.28845084,0.22237101,-0.12871052,-0.049518228,0.15252447,0.06479274,-0.45520133,0.26509386,0.17177404,0.22013775,-0.15737231,-0.27663296,-0.49605057,0.077095225,0.30943856,-0.414252,0.22527264,0.063005224,-0.31973282,0.48461044,-0.38749996,-0.4619744,-0.06905205,-0.123034135,0.46858266,0.5696888,-0.46752784,0.49227464,-0.2674899,0.07052802,-0.54992247,0.18864974,0.48319912,-0.1340864,0.45940095,-0.42341042,0.23909765,0.49787426,-0.37589106,-0.16388378,-0.39625067,1.0421271,-0.15629748,-0.071928024,0.009427028,0.596567,-0.03894667,0.076146476,-0.57910424,-0.0657542,-0.024119671,-0.23175177,-0.26458257,0.017887527,-0.011924835,-0.5150613,-0.53142554,0.053694244,-0.09386645,-0.38674277,-0.16832359,-0.17032315,-0.2670928,0.21577503,-0.5584514,-0.22962697,0.4383821,0.14051798,0.15353765,-0.50511545,-0.26465538,0.13953912,-0.2369972,0.22962521,0.5131332,0.42352203,0.06260317,0.24297377,-0.004620317,-0.498551,0.20074193,-0.30099306,-0.4885886,-0.26925975,0.84431493,-0.12966573,-0.42295158,0.38898128,-0.1859388,-0.26738262,0.34222186,-0.24029836,0.23970771,0.5395927,0.14057492,-0.17050399,-0.8375043,0.2200482,0.090407796,-0.34682515,0.12394897,0.38578352,-0.06629242,-0.20128353,-0.29998308,-0.12923096,-0.57052886,-0.3319597,0.08423653,0.033879004,0.078366384,-0.4141437,0.04663721,0.37321237,0.05948061,-0.24734615,1.0862329,0.23674127,0.435726,0.038670104,-0.26706794,0.108043306,0.50791794,-0.700316,0.14432004,-0.24747922,-0.16389832,0.6999703,0.7697581,0.14558707,-0.27568334,-0.02100182,0.058816835,-0.14387381,0.20288883,-0.15664482,0.029630937,0.5405958,-0.6402219,0.7442414,0.17259407,0.18521914,0.34022304,-0.14151512,-0.021956304,0.17059517,0.77343476,0.34314853,-0.44417432,0.19107683,0.3563514,0.08354926,0.14431044,0.028725084,-0.6339706,0.048688773,-0.42089242,-0.5147001,-0.030959813,-0.47026423,0.15574756,-0.22067927,0.15993474,0.30918896,-0.1954941,-0.562868,0.157833,-0.92809296,-0.07680672,-0.437316,-0.324498,1.0604215,-0.6692661,-0.089360766,0.03622266,0.20393878,-0.18444595,1.2193257,0.23067671,0.5186352,-0.46290296,-0.09066729,0.48719496,-0.088483125,-0.3183444,-0.53407246,0.107644826,0.7420152,0.4338002,-0.32982767,0.18743485,0.3330763,0.38581482,0.0076500876,1.0486687,0.6083549,-0.45624775,-0.42541295,-0.36399052,0.16971959,-0.562403,0.5687953,-0.47817066,0.94925493,-0.11180533,0.48513544,-0.24880004,-0.11741663,0.5519258,0.3586154,-0.12974705,0.19041759,-0.30192706,0.035670932,0.17469399,-0.057419147,0.06200293,0.04840325,0.18181072,-0.36572993,0.37646648,-0.0047213696,-0.03907215,0.039556112,0.465649,-0.19571526,-0.1684435,-0.36015886,0.069657326,0.012181308,0.6138129,-0.38451722,0.5229555
Rucaparib,-0.50342983,0.12853743,-0.64710623,0.069387965,-0.2859871,-0.3721093,-0.42902994,0.16748375,0.6374269,0.47900462,0.40630683,0.105912745,0.64854014,0.39041603,0.1603743,-0.06068035,0.74113005,-0.26016948,-0.05784322,-0.18817957,-0.25433636,-0.45627725,0.17604649,-0.28593957,0.22617841,-0.12746687,-0.04656448,0.15150245,0.060305927,-0.44880453,0.26640537,0.16853376,0.21941881,-0.15702711,-0.27473143,-0.49859682,0.07727025,0.30874085,-0.41437015,0.22372521,0.062386543,-0.31993043,0.48600698,-0.38584277,-0.46151197,-0.07127329,-0.12721418,0.4665518,0.5658807,-0.46343565,0.49533117,-0.26347068,0.073801525,-0.54340273,0.18913983,0.484305,-0.12898055,0.4613314,-0.41772452,0.23732154,0.49739206,-0.37671825,-0.16139941,-0.3912468,1.0370206,-0.1589088,-0.071592994,0.0078374045,0.5928196,-0.040819857,0.07785583,-0.5784706,-0.06767406,-0.022005215,-0.23346221,-0.26408765,0.017362338,-0.012175515,-0.5133564,-0.5302892,0.048572555,-0.094360895,-0.38149723,-0.16987461,-0.16786213,-0.26586583,0.21486317,-0.5572526,-0.22833459,0.4378649,0.1441283,0.15464522,-0.50255144,-0.2598953,0.13564122,-0.23787807,0.22595684,0.5101651,0.41893032,0.06249399,0.24166088,-0.0059715007,-0.4960891,0.20431615,-0.29818627,-0.48537195,-0.266634,0.8348219,-0.12971346,-0.4177214,0.38496283,-0.1827199,-0.2638733,0.34064272,-0.24025343,0.2405972,0.5346357,0.13849728,-0.16782878,-0.8367427,0.21850544,0.087104805,-0.34084472,0.12516792,0.38534987,-0.07044942,-0.20144494,-0.29921493,-0.1262217,-0.5699473,-0.3296846,0.08202876,0.032961607,0.07783731,-0.4125547,0.04114451,0.37517264,0.05792385,-0.24838972,1.0792176,0.23668933,0.43597683,0.038295366,-0.26221964,0.10630777,0.5020303,-0.6931885,0.14288835,-0.24531539,-0.1618148,0.696353,0.7635455,0.14475934,-0.27081048,-0.021853013,0.05789933,-0.14560394,0.20587437,-0.15426306,0.027056755,0.5373408,-0.63860464,0.7420478,0.1773306,0.18597864,0.34005442,-0.13926715,-0.022876361,0.16878402,0.7670922,0.33760563,-0.44039893,0.19254255,0.35361898,0.082765885,0.14083055,0.0288788,-0.62860876,0.04376239,-0.4176863,-0.51111287,-0.032138538,-0.46863854,0.15430282,-0.22012107,0.15985554,0.30715206,-0.19557405,-0.56067914,0.15193072,-0.92191267,-0.07790263,-0.4331732,-0.32138804,1.0512902,-0.66613454,-0.08666221,0.034045435,0.19772665,-0.18701363,1.214619,0.22922897,0.5127323,-0.45858678,-0.08718053,0.48792008,-0.08905613,-0.31653884,-0.5268766,0.10653433,0.73937076,0.42834446,-0.3291037,0.1852163,0.3321012,0.3853192,0.0016900919,1.0414407,0.60401815,-0.45786643,-0.42385522,-0.36007997,0.17122756,-0.5610516,0.5689052,-0.4759022,0.9445804,-0.115910284,0.4805306,-0.24599443,-0.114862025,0.5480347,0.35783967,-0.12723349,0.1898459,-0.30527112,0.03534553,0.17270392,-0.055055544,0.06367493,0.04793926,0.1800474,-0.36204064,0.37331843,-0.0050488343,-0.0382816,0.046238676,0.46299753,-0.19419736,-0.17211436,-0.36134145,0.069456086,0.011089568,0.61363333,-0.38159597,0.52352685
Niraparib,-0.49954757,0.13045065,-0.6433168,0.06910897,-0.2841111,-0.3684626,-0.42623702,0.16639967,0.63187003,0.47375938,0.4048406,0.10366968,0.64503413,0.386753,0.1595505,-0.061495736,0.7346875,-0.2564837,-0.05786025,-0.18635602,-0.25258276,-0.4521363,0.17250617,-0.2855055,0.2286929,-0.1275942,-0.043431792,0.1503457,0.05881931,-0.44467768,0.26778644,0.16628645,0.21869951,-0.15379551,-0.27114013,-0.49706578,0.07838372,0.30840456,-0.4128647,0.22188365,0.062382605,-0.32034436,0.48260948,-0.38331798,-0.45934227,-0.07114707,-0.12640996,0.46086073,0.5597308,-0.46027577,0.49203363,-0.262371,0.07456591,-0.5384078,0.18618058,0.48287252,-0.12590691,0.45912993,-0.4134198,0.23469126,0.4917289,-0.37642476,-0.16161138,-0.3869362,1.0299168,-0.15916486,-0.07109081,0.0063959975,0.5873149,-0.040435728,0.07568662,-0.5737451,-0.06966335,-0.019430706,-0.23402952,-0.26358286,0.016122835,-0.012166684,-0.50751126,-0.5257135,0.043850556,-0.09332531,-0.37679863,-0.16878481,-0.1660736,-0.26146212,0.21298401,-0.5507988,-0.22602338,0.4326291,0.14407925,0.15609036,-0.49866208,-0.25594684,0.13309494,-0.23715514,0.22498828,0.5052056,0.41431072,0.063621975,0.24005668,-0.0077564064,-0.49088272,0.2037912,-0.2958978,-0.48022938,-0.26332644,0.82662874,-0.13014133,-0.41274682,0.38094363,-0.18005799,-0.2599081,0.33724508,-0.23836534,0.23965323,0.5299387,0.13616168,-0.16502301,-0.8296268,0.21748173,0.08456752,-0.3353155,0.123755805,0.3822818,-0.07107895,-0.20008768,-0.2961577,-0.123961665,-0.56424606,-0.325719,0.08119888,0.032226153,0.07717129,-0.41015792,0.039847028,0.37182012,0.056709513,-0.24805151,1.0688952,0.23427261,0.43322062,0.036536958,-0.25897166,0.10594965,0.49601793,-0.68831944,0.14187373,-0.24318917,-0.16070123,0.69292927,0.7577865,0.14515658,-0.26749715,-0.023788078,0.056787416,-0.14651257,0.20701863,-0.1519655,0.0260799,0.53341514,-0.6343462,0.7353413,0.1794151,0.18536943,0.33865154,-0.13934615,-0.024660805,0.1680686,0.75809294,0.3349898,-0.4356331,0.19083506,0.3499547,0.08099931,0.14000155,0.029855536,-0.62234205,0.042895447,-0.41296175,-0.5071427,-0.03307127,-0.4649787,0.15422833,-0.21914351,0.15810753,0.30345333,-0.1942267,-0.5580078,0.15026005,-0.9150695,-0.07700187,-0.42870614,-0.3166853,1.041816,-0.65775555,-0.08538117,0.03449839,0.19535255,-0.18823393,1.2034802,0.22769912,0.5061262,-0.4549627,-0.0852277,0.4844267,-0.08706362,-0.31390205,-0.51913184,0.10584197,0.7325018,0.42404422,-0.3267083,0.18209742,0.330026,0.38200775,-7.762989e-05,1.0315089,0.59867203,-0.45456597,-0.4210937,-0.35730305,0.16917652,-0.5569456,0.5652676,-0.47248888,0.937468,-0.11695855,0.47469142,-0.24261826,-0.114988945,0.5407488,0.35598424,-0.124489315,0.18865687,-0.3040714,0.033602055,0.1710426,-0.05498744,0.06523418,0.04570356,0.17717056,-0.3589108,0.36996853,-0.003132728,-0.037178688,0.04783685,0.4581723,-0.19114983,-0.17138644,-0.3582883,0.06997209,0.010043354,0.60986334,-0.37890875,0.5206429
MK-1775,-0.50299555,0.12641005,-0.6412849,0.06759198,-0.28736314,-0.37520272,-0.42497632,0.17054689,0.63853604,0.4752768,0.40958932,0.10691383,0.6480738,0.38774845,0.16097786,-0.059591673,0.73943585,-0.26076013,-0.061238945,-0.18878235,-0.2525074,-0.45434618,0.17446151,-0.2822449,0.22981831,-0.12618868,-0.046037354,0.15020177,0.05993534,-0.44527236,0.2665602,0.16755877,0.21717533,-0.1538745,-0.27399883,-0.5000219,0.071899064,0.31052566,-0.41904652,0.22315675,0.05705353,-0.3234735,0.49137136,-0.39134124,-0.4640298,-0.07177635,-0.12772344,0.46776325,0.5651289,-0.46417654,0.49854222,-0.25759992,0.072670214,-0.5381994,0.19313307,0.48659453,-0.12649283,0.4561172,-0.41236258,0.23260838,0.49968213,-0.37732175,-0.16202106,-0.39275277,1.0302616,-0.15893978,-0.06763609,0.0059742555,0.58876634,-0.042017147,0.07820272,-0.57899505,-0.07429846,-0.02262486,-0.23698714,-0.26493803,0.019590905,-0.008501115,-0.5150724,-0.53243107,0.042897157,-0.09113129,-0.37598446,-0.17184782,-0.16504791,-0.26414064,0.21667762,-0.5610173,-0.22856356,0.43427473,0.14791979,0.1543372,-0.49947363,-0.25972012,0.13763134,-0.23723935,0.2254307,0.50388545,0.41535848,0.06455214,0.24446908,-0.009045689,-0.49273992,0.21021082,-0.29735216,-0.48987085,-0.262057,0.82867527,-0.13117646,-0.41586703,0.3799592,-0.18015803,-0.2593611,0.3400175,-0.24395522,0.24072404,0.5296221,0.13605209,-0.17036976,-0.83841985,0.21946102,0.0861243,-0.34375593,0.1290733,0.38624156,-0.07646687,-0.20208265,-0.30172232,-0.12697335,-0.5744617,-0.3294483,0.08108269,0.033767413,0.07747767,-0.41276821,0.035623573,0.37517825,0.053783707,-0.24944574,1.0739971,0.23425734,0.43870312,0.040954124,-0.2623254,0.10733623,0.4938101,-0.6901521,0.14156885,-0.24416418,-0.16084632,0.6941004,0.75704414,0.14268492,-0.26950794,-0.020834632,0.05823759,-0.14895281,0.20612787,-0.15202701,0.024964154,0.5365105,-0.6402439,0.7428205,0.183839,0.18592724,0.3390798,-0.13841407,-0.017570337,0.16699195,0.7689955,0.3363614,-0.43824717,0.20005876,0.35156488,0.082088836,0.13880363,0.031819247,-0.6280861,0.045668814,-0.41851377,-0.5103033,-0.03587646,-0.46728262,0.15201852,-0.2244795,0.15591483,0.3053459,-0.19389835,-0.55872595,0.14539954,-0.91861767,-0.07388202,-0.43205327,-0.32109395,1.0472149,-0.6679997,-0.08394451,0.025614724,0.1912723,-0.1921854,1.2097223,0.22299725,0.50842,-0.45630923,-0.08641197,0.4887271,-0.09251019,-0.31350583,-0.5248928,0.105095506,0.73994064,0.42751673,-0.3347871,0.1856272,0.32708132,0.38000867,-0.003473683,1.0378246,0.60294014,-0.46105534,-0.42431825,-0.35820022,0.17190585,-0.5615393,0.5679656,-0.47351915,0.94131047,-0.12011826,0.4798934,-0.25258893,-0.11273778,0.54699063,0.35399336,-0.12824301,0.19034025,-0.30567467,0.039163433,0.17092416,-0.054202616,0.06592879,0.049690045,0.1797488,-0.35973847,0.37221187,-0.009471931,-0.036289155,0.050087817,0.46007192,-0.19431427,-0.17565922,-0.36170432,0.07229074,0.0103226835,0.6150862,-0.38231593,0.52318335
Dinaciclib,-0.50688255,0.12158683,-0.6388686,0.06677454,-0.29129758,-0.38209492,-0.42394593,0.17784303,0.64572763,0.47840074,0.41355127,0.11048317,0.65038115,0.3871823,0.1606881,-0.059099596,0.7435241,-0.26464164,-0.06413119,-0.1921797,-0.25385597,-0.4563537,0.17590226,-0.2799698,0.23072089,-0.12503217,-0.04651139,0.15047142,0.061528694,-0.44644558,0.26646927,0.1694102,0.21627523,-0.15529184,-0.27768707,-0.5003162,0.06466153,0.3119155,-0.4260824,0.22428322,0.0522071,-0.32767516,0.4967141,-0.3992655,-0.46840435,-0.07259865,-0.12763219,0.47483057,0.5682277,-0.46835658,0.5048779,-0.25299084,0.07001937,-0.5361745,0.2002619,0.49083093,-0.12913035,0.45182115,-0.41081664,0.23247705,0.5065642,-0.3755923,-0.16186568,-0.39783886,1.0303645,-0.15855989,-0.06455066,0.0058710193,0.5906732,-0.043857433,0.0812085,-0.5850692,-0.07753077,-0.028121985,-0.23878406,-0.26639852,0.021315755,-0.0059935194,-0.5228622,-0.5393146,0.043179337,-0.08765016,-0.37462202,-0.1753139,-0.16392788,-0.26782915,0.22121142,-0.5713316,-0.22860855,0.43517527,0.15080284,0.15129992,-0.499315,-0.26234514,0.14194489,-0.23775412,0.22600831,0.5002951,0.41576615,0.06533823,0.24927002,-0.010073046,-0.4950311,0.21508029,-0.29875138,-0.49855497,-0.26126522,0.83039033,-0.134563,-0.42046037,0.37967107,-0.17913115,-0.258349,0.3413273,-0.24851285,0.24099216,0.5287687,0.13556771,-0.17515384,-0.84698987,0.22240293,0.08710105,-0.3519672,0.13319078,0.38911238,-0.08219721,-0.20329705,-0.30612668,-0.1300601,-0.5863513,-0.33254296,0.082819514,0.03717628,0.077685386,-0.41725948,0.030262873,0.37765607,0.050448023,-0.2510553,1.0776007,0.23486689,0.4447469,0.04368761,-0.26692352,0.10893017,0.4936175,-0.6911374,0.14136851,-0.24448775,-0.16067739,0.6946271,0.7544204,0.13802035,-0.27258393,-0.01705336,0.060469612,-0.14959282,0.20516011,-0.15316187,0.024060395,0.54122984,-0.6460509,0.75097555,0.18765867,0.18586051,0.3390659,-0.13927577,-0.011706315,0.16587752,0.78038615,0.3375641,-0.44055405,0.21014906,0.3544535,0.081954375,0.1368882,0.03325539,-0.6344379,0.048284657,-0.42545182,-0.5143637,-0.038315438,-0.46945706,0.14843298,-0.22955342,0.15319675,0.30619293,-0.19536318,-0.55969876,0.14257509,-0.92212737,-0.072136186,-0.4353948,-0.3250762,1.0525386,-0.67765576,-0.084618375,0.015964149,0.18803945,-0.19640853,1.2156799,0.21679522,0.5121661,-0.45803064,-0.09011291,0.49283382,-0.096455425,-0.31448135,-0.532848,0.10295947,0.7469607,0.43199965,-0.34322003,0.18882287,0.3240116,0.37840092,-0.0051381025,1.0423704,0.6074651,-0.46866894,-0.42797217,-0.3593026,0.17527416,-0.56419754,0.5684308,-0.47649905,0.9456333,-0.1234572,0.48525685,-0.2615189,-0.11070745,0.5533443,0.35104918,-0.13201751,0.19225977,-0.30507872,0.045405548,0.17215103,-0.051749095,0.068329714,0.05236259,0.18035218,-0.36175546,0.37385577,-0.0145240445,-0.033643078,0.05218839,0.4600668,-0.19825456,-0.17931393,-0.36629656,0.073889524,0.011396175,0.6207369,-0.38571975,0.52503365
Gemcitabine,-0.53394246,0.10832134,-0.6432965,0.059305355,-0.31460986,-0.42281315,-0.43176717,0.20636736,0.6950781,0.5019587,0.44204992,0.13133441,0.68291116,0.40477347,0.16608575,-0.058092415,0.7832997,-0.29126477,-0.078721434,-0.20727673,-0.27088726,-0.47752106,0.19109498,-0.2798432,0.24307974,-0.11993538,-0.057130713,0.15609653,0.071051046,-0.4648874,0.27204645,0.17719077,0.22374034,-0.16166332,-0.29938224,-0.51658946,0.044362538,0.33016557,-0.4623133,0.23907512,0.038146,-0.35142836,0.53262734,-0.43557486,-0.4948785,-0.08063701,-0.13391095,0.5173998,0.601957,-0.49674785,0.54113054,-0.23976268,0.060054354,-0.5488433,0.228346,0.5176842,-0.1441766,0.4516891,-0.41639316,0.23725837,0.5429976,-0.38243017,-0.16263944,-0.4272814,1.0601367,-0.16598238,-0.0518421,0.0075253365,0.6189348,-0.05335505,0.09336858,-0.6270115,-0.09300741,-0.05301997,-0.2555388,-0.27522194,0.029588219,0.0039164303,-0.5690763,-0.5800442,0.042527504,-0.079603806,-0.37677243,-0.19570585,-0.16170353,-0.29182297,0.24455987,-0.629794,-0.24015348,0.45479235,0.16512328,0.1464271,-0.5125895,-0.27479213,0.15963723,-0.24867225,0.23592025,0.50703436,0.42910126,0.06661044,0.27339968,-0.013670385,-0.51744306,0.240981,-0.31597432,-0.54412484,-0.26943284,0.8601637,-0.14238748,-0.44497374,0.38931963,-0.1876335,-0.2627082,0.3595618,-0.27205017,0.24978063,0.5406965,0.13871227,-0.1986979,-0.91018647,0.23862463,0.0954434,-0.39580166,0.15432046,0.41734192,-0.10643896,-0.21653911,-0.33705065,-0.1444978,-0.6449208,-0.35463333,0.09235059,0.049312323,0.08248777,-0.44205314,0.016726078,0.40200657,0.04079829,-0.260965,1.1271834,0.24451004,0.47892177,0.057058945,-0.292678,0.11631331,0.5043201,-0.7122404,0.1458996,-0.25029597,-0.1702581,0.7196839,0.7702904,0.12473962,-0.28966272,0.00085644796,0.06498498,-0.15519911,0.20690456,-0.15789706,0.02063834,0.5730752,-0.68509674,0.79453075,0.21010245,0.1932937,0.34612823,-0.14175212,0.010176428,0.16952153,0.8469479,0.35059685,-0.46011326,0.25280997,0.3772327,0.08981088,0.13790263,0.031559218,-0.672098,0.057485793,-0.46473873,-0.5471549,-0.047657743,-0.49349228,0.13858232,-0.2584993,0.15043418,0.32022178,-0.20409192,-0.58006394,0.13595861,-0.96442103,-0.06773504,-0.4595884,-0.3526275,1.1038369,-0.72962725,-0.08846401,-0.020169042,0.18104924,-0.21645765,1.2698212,0.1987198,0.537004,-0.4798515,-0.09774912,0.5210961,-0.11570159,-0.3298291,-0.57671905,0.09559551,0.7972154,0.463974,-0.38487908,0.20555055,0.32685697,0.38266692,-0.014484967,1.0943027,0.6466168,-0.51610327,-0.4559662,-0.37326992,0.18943405,-0.58893514,0.58792245,-0.49926022,0.9844506,-0.13853419,0.5165913,-0.30766508,-0.1004867,0.5983027,0.35120845,-0.15167269,0.20751314,-0.31981128,0.07078439,0.1798,-0.045356844,0.078318655,0.06516216,0.18883428,-0.37856233,0.3959827,-0.034118224,-0.025578948,0.06061338,0.47929233,-0.22296637,-0.20113935,-0.39537328,0.08449286,0.012478019,0.659564,-0.4091347,0.54962856
Bortezomib,-0.5017958,0.110355996,-0.61743927,0.059998684,-0.2930117,-0.3896914,-0.4113391,0.18568543,0.6478329,0.47431928,0.41235456,0.11658784,0.64538956,0.38145775,0.15608445,-0.056902003,0.73645204,-0.26975748,-0.067552984,-0.19404212,-0.2555318,-0.44993988,0.17988291,-0.2709465,0.2278661,-0.1178586,-0.050279252,0.14674251,0.06669484,-0.44234586,0.26060045,0.16751674,0.21470305,-0.15185376,-0.27825448,-0.48605683,0.0533315,0.31222305,-0.4287704,0.22375785,0.043758396,-0.3284163,0.49299043,-0.40082172,-0.4628698,-0.07490092,-0.12293052,0.47994524,0.5620628,-0.46909928,0.5032696,-0.23719314,0.059879363,-0.524197,0.20640157,0.48480907,-0.13671319,0.43254808,-0.3981869,0.22713636,0.5028984,-0.36416516,-0.1580791,-0.3990009,1.0064172,-0.15560241,-0.055224854,0.009360099,0.5857422,-0.047624707,0.0816765,-0.58449733,-0.08196509,-0.04325664,-0.23777261,-0.2612622,0.023816183,-0.002040481,-0.5279122,-0.538513,0.042854782,-0.07832795,-0.36214808,-0.18035297,-0.15744449,-0.27115145,0.22887911,-0.58065635,-0.22664443,0.42754537,0.15191151,0.14270903,-0.4861858,-0.25630355,0.14522786,-0.23503761,0.22618844,0.48338208,0.4071134,0.0633987,0.25339404,-0.012265465,-0.48877648,0.21794677,-0.2992985,-0.5028046,-0.25779712,0.81690055,-0.13318497,-0.4199703,0.3727574,-0.17720023,-0.24953666,0.33744812,-0.24889687,0.2353615,0.5160737,0.13199994,-0.18225645,-0.8472291,0.22300227,0.0891348,-0.36262318,0.1367167,0.38976094,-0.09041732,-0.20259689,-0.31064016,-0.13456383,-0.59364146,-0.33158588,0.08663971,0.04249478,0.07852381,-0.4163043,0.024526304,0.37527004,0.04302671,-0.24478257,1.0626943,0.23052685,0.44385907,0.047299694,-0.2732222,0.11043533,0.48135158,-0.67712724,0.14060915,-0.23608343,-0.15987135,0.683777,0.73537266,0.12495291,-0.27287328,-0.0049461913,0.060142484,-0.14476053,0.19657397,-0.15058194,0.022601558,0.5382039,-0.6417345,0.7435299,0.19146176,0.18276724,0.32774645,-0.13757591,-0.00031366546,0.16134627,0.7866877,0.33285972,-0.43351865,0.2249646,0.35514572,0.0834779,0.13456586,0.028061254,-0.631492,0.052804284,-0.43197283,-0.5130183,-0.03943156,-0.4641234,0.13508634,-0.23721325,0.14622255,0.3019903,-0.19521198,-0.54984254,0.13670816,-0.91120213,-0.06720494,-0.43112567,-0.329338,1.040971,-0.67725897,-0.08542992,-0.0026222926,0.17970994,-0.19725439,1.1966677,0.1974487,0.5063281,-0.45503363,-0.09168227,0.48640093,-0.10112886,-0.31263614,-0.5398552,0.09312954,0.7452456,0.4359069,-0.35217395,0.18976608,0.31400827,0.3661143,-0.00896762,1.029825,0.60628194,-0.4772981,-0.42753583,-0.35383242,0.1771933,-0.5534857,0.5528535,-0.46998668,0.92981774,-0.1252008,0.48384404,-0.27696025,-0.103249766,0.55657035,0.33706895,-0.13967814,0.19414152,-0.29895684,0.05643604,0.16975316,-0.04576764,0.073826,0.054425515,0.17552279,-0.3591639,0.37196755,-0.022739993,-0.027890917,0.052232597,0.45221636,-0.20417629,-0.1835865,-0.3688452,0.07554533,0.010318565,0.61637646,-0.38417932,0.51565385
GSK269962A,-0.5116275,0.12374676,-0.65463495,0.06802626,-0.2918266,-0.38160643,-0.43248203,0.17062905,0.64952993,0.48888603,0.41524896,0.10892393,0.65817755,0.39383498,0.162571,-0.058384158,0.75371546,-0.26746172,-0.05577213,-0.19446594,-0.25867185,-0.46274543,0.18175744,-0.2891845,0.22807096,-0.12797144,-0.049955204,0.15301768,0.066546954,-0.45921934,0.26840022,0.17360783,0.22253643,-0.1571316,-0.28088567,-0.5005189,0.07257942,0.3158338,-0.42468104,0.22805198,0.058698058,-0.32721373,0.49377823,-0.39688674,-0.46929067,-0.071552195,-0.12349776,0.47782835,0.5757777,-0.47553056,0.5012844,-0.26425466,0.0683976,-0.5517186,0.19525483,0.49033323,-0.13728452,0.4585606,-0.4232177,0.23871964,0.50554234,-0.37946668,-0.1659279,-0.4029072,1.0480713,-0.15820268,-0.068478964,0.009539683,0.60251385,-0.041512217,0.077370815,-0.5884022,-0.07183707,-0.028551064,-0.23648413,-0.26773465,0.019648226,-0.009189238,-0.52532536,-0.54044366,0.05141626,-0.091083825,-0.38624582,-0.17353784,-0.16955034,-0.27105245,0.22275189,-0.5714727,-0.23293027,0.44091892,0.14567359,0.1533913,-0.5076542,-0.2663318,0.1432198,-0.23983392,0.23345554,0.51263016,0.42587513,0.064354286,0.249227,-0.0068641864,-0.50279194,0.20779769,-0.30515435,-0.49928924,-0.26968634,0.8503004,-0.13261351,-0.42848387,0.39058268,-0.18631686,-0.2659474,0.3459208,-0.24581593,0.24183114,0.5417157,0.14010777,-0.17664085,-0.85121053,0.22444668,0.09112631,-0.35611832,0.12856303,0.39191127,-0.07325962,-0.20491716,-0.30673233,-0.13302791,-0.5836115,-0.33631292,0.08616688,0.0359103,0.08007046,-0.42078504,0.042323932,0.37873197,0.055895798,-0.2503073,1.0955178,0.23794885,0.44360432,0.040825065,-0.27311224,0.110908136,0.5079223,-0.70565253,0.14602955,-0.24803564,-0.16580808,0.70675975,0.7729045,0.1427676,-0.2796414,-0.01763883,0.059874803,-0.14654037,0.20386383,-0.15741427,0.028216265,0.54782516,-0.65042514,0.7542567,0.17993985,0.18729419,0.3415708,-0.14340703,-0.016888969,0.17025049,0.78809136,0.3464551,-0.4477591,0.20265657,0.36102408,0.0846115,0.14518881,0.029735079,-0.64288855,0.05166343,-0.42960158,-0.5216238,-0.033636637,-0.47546092,0.15301953,-0.22878906,0.158001,0.31111503,-0.19818214,-0.5683236,0.15520543,-0.937608,-0.0751324,-0.4416124,-0.33020645,1.0710434,-0.6800548,-0.089809515,0.026804503,0.20105016,-0.19069383,1.2301996,0.2253574,0.5225383,-0.46794242,-0.09209801,0.49307513,-0.09282189,-0.32130128,-0.5434108,0.1052868,0.75350296,0.44134635,-0.3405704,0.19073518,0.33254045,0.38579065,0.003187498,1.0587752,0.61645824,-0.4675238,-0.43209243,-0.3668494,0.17371881,-0.56838965,0.57255155,-0.48282543,0.9582559,-0.11646683,0.4912256,-0.26033327,-0.11667492,0.56002885,0.35850435,-0.13423522,0.19428526,-0.30463716,0.040915806,0.17542563,-0.055821795,0.066660754,0.050131343,0.1825015,-0.3697666,0.38029408,-0.009202919,-0.0370925,0.042835344,0.46851426,-0.20043233,-0.17475723,-0.3673998,0.07281818,0.011912024,0.6227546,-0.39024052,0.5278142
SB505124,-0.49936688,0.1306642,-0.65020585,0.07042984,-0.28213388,-0.36447698,-0.42907828,0.159502,0.6285439,0.47659987,0.4025435,0.10117074,0.64391226,0.3879502,0.15993364,-0.06004561,0.7359747,-0.25558245,-0.051927835,-0.18617412,-0.2518651,-0.4535934,0.17417735,-0.2883353,0.22391039,-0.12931553,-0.045451164,0.15102172,0.060843598,-0.44911593,0.26600167,0.16814695,0.219123,-0.15460782,-0.27071732,-0.49541223,0.082151845,0.30756104,-0.40817288,0.22208168,0.065526575,-0.31662458,0.4790246,-0.37986413,-0.45741445,-0.068878405,-0.12365383,0.45908916,0.56117785,-0.46099728,0.48703218,-0.26838052,0.07405263,-0.5450052,0.18300702,0.47944152,-0.12819456,0.46085894,-0.419492,0.23680471,0.49006867,-0.3764311,-0.1632973,-0.38828745,1.0345551,-0.15682425,-0.07391041,0.0081381295,0.58933073,-0.037923943,0.07397619,-0.5710224,-0.06529664,-0.017717674,-0.23057427,-0.26326925,0.01582819,-0.013604549,-0.50482965,-0.5231029,0.04920565,-0.09542987,-0.38294482,-0.16533987,-0.16924994,-0.2611821,0.2109582,-0.54646283,-0.22740078,0.4338109,0.140269,0.1563911,-0.50142395,-0.2592855,0.1340078,-0.23615825,0.22661872,0.5101617,0.41857806,0.06297084,0.23766822,-0.0053722505,-0.49264172,0.19833547,-0.29679886,-0.4784133,-0.2661698,0.8340095,-0.12809056,-0.4151308,0.38487813,-0.1830964,-0.26423064,0.33810258,-0.23567007,0.23900579,0.53511727,0.1383686,-0.16444191,-0.8253481,0.21652876,0.08699851,-0.3349605,0.12039196,0.3810169,-0.06433559,-0.19927332,-0.29384133,-0.124708176,-0.5584713,-0.32652858,0.08155434,0.030623583,0.07762036,-0.4090486,0.046622977,0.36951518,0.06024306,-0.24624257,1.0732565,0.23462957,0.42958966,0.035671614,-0.25985456,0.106121644,0.50169915,-0.69381,0.14308931,-0.24523821,-0.16175759,0.69492143,0.76447606,0.1484167,-0.26973158,-0.025419056,0.056934837,-0.14456287,0.20495579,-0.1538985,0.028754054,0.5333693,-0.6326292,0.7343448,0.17220892,0.18496573,0.33915508,-0.14047171,-0.027034229,0.16942489,0.75710434,0.3382613,-0.4380965,0.18381986,0.3504451,0.081332244,0.14312592,0.02904239,-0.623881,0.044989217,-0.41195643,-0.50705826,-0.029931692,-0.46519157,0.15725794,-0.21582973,0.1601628,0.30530345,-0.19379316,-0.5589656,0.15622827,-0.9175824,-0.07787644,-0.43023342,-0.3174771,1.0462863,-0.65643084,-0.08694832,0.04228798,0.20219067,-0.18320356,1.2062392,0.23339178,0.50980395,-0.45732903,-0.08659062,0.4821694,-0.08486449,-0.31468758,-0.52097994,0.108252026,0.73101777,0.42532384,-0.32197082,0.1826812,0.33219665,0.38449788,0.005548289,1.0353899,0.5990665,-0.4485554,-0.42026073,-0.35978734,0.16730143,-0.5574168,0.5655725,-0.4727783,0.939709,-0.111675665,0.47616518,-0.23915292,-0.11859148,0.54063994,0.35876015,-0.12414342,0.18753868,-0.30156642,0.03011527,0.17183515,-0.058117237,0.06203722,0.04513154,0.17895918,-0.3608904,0.37098107,-0.0006056833,-0.04019043,0.041704178,0.46043968,-0.1899913,-0.16657591,-0.3552697,0.06847344,0.010667655,0.60707945,-0.3790206,0.51908016
Tamoxifen,-0.48808178,0.12040709,-0.62795824,0.066588745,-0.27768427,-0.3618857,-0.4140515,0.16156825,0.61854553,0.46915767,0.394,0.102229066,0.62905276,0.3757675,0.15401773,-0.056830913,0.71907985,-0.25396037,-0.05054311,-0.18588531,-0.24873075,-0.44150108,0.17509316,-0.27920264,0.21601829,-0.123271056,-0.046294313,0.14592496,0.06439756,-0.4412422,0.25749263,0.16646291,0.21539848,-0.15130246,-0.26762447,-0.4752997,0.07371638,0.30125132,-0.4023513,0.21761832,0.059457175,-0.31084508,0.46582338,-0.37411886,-0.44502482,-0.06855831,-0.116109855,0.4545508,0.54709893,-0.45432308,0.4757161,-0.25600815,0.0658251,-0.52933586,0.18260719,0.4659197,-0.13405952,0.43954128,-0.40624097,0.2304351,0.47831988,-0.3620501,-0.1593347,-0.38291577,1.0037844,-0.1508141,-0.067734875,0.010939471,0.5781924,-0.039245505,0.071578994,-0.5599895,-0.06438061,-0.027388258,-0.22324252,-0.2555978,0.016673734,-0.011940322,-0.49921623,-0.5128777,0.052387714,-0.0881484,-0.37187782,-0.1646086,-0.16377163,-0.25915185,0.21350488,-0.5416489,-0.2217104,0.42121953,0.13685168,0.14684923,-0.48518854,-0.2519705,0.13394596,-0.22985826,0.22503899,0.4910685,0.40786666,0.06074529,0.23680058,-0.005449407,-0.4817129,0.1931558,-0.29244325,-0.4725683,-0.2606909,0.81477964,-0.12656958,-0.41062063,0.37693152,-0.17801273,-0.2547609,0.3293381,-0.23074521,0.22995861,0.5199711,0.13420491,-0.16666369,-0.8095735,0.2144007,0.08716149,-0.33701843,0.11877886,0.37278613,-0.06523033,-0.19529639,-0.29089788,-0.12701467,-0.55297506,-0.3203557,0.08358211,0.033782106,0.076851085,-0.4023933,0.044483718,0.360487,0.05542851,-0.23768212,1.0467004,0.22801499,0.42031172,0.03566027,-0.26163656,0.10622623,0.48935995,-0.6750344,0.1408941,-0.23630163,-0.15828332,0.6766962,0.74136513,0.13739033,-0.26795807,-0.016865345,0.05681967,-0.13709833,0.19359143,-0.1516022,0.028592305,0.52302,-0.6187636,0.7179677,0.16796206,0.17872086,0.32575753,-0.13901135,-0.020331455,0.1631218,0.74966663,0.33164147,-0.42744073,0.188965,0.3463375,0.0811427,0.14079262,0.026260326,-0.61369497,0.047830112,-0.40895733,-0.49774575,-0.029105607,-0.45356804,0.14620674,-0.21605149,0.15288523,0.29710007,-0.19151483,-0.543493,0.15329157,-0.8969917,-0.07450696,-0.4209487,-0.31539732,1.0238506,-0.64569414,-0.08799241,0.030901568,0.1968327,-0.17824566,1.174606,0.21790561,0.500319,-0.44809243,-0.08876668,0.46864548,-0.08482094,-0.30878192,-0.5208177,0.099939145,0.7183481,0.4224928,-0.32146463,0.18107387,0.3206145,0.37151456,0.005638366,1.0105544,0.5881874,-0.4442419,-0.41127846,-0.3509204,0.1664354,-0.540626,0.54483116,-0.461911,0.91607004,-0.10841787,0.4682354,-0.24372192,-0.114101075,0.5341843,0.3439119,-0.12804694,0.1851765,-0.2888987,0.035468604,0.1683091,-0.05295012,0.064536884,0.044197854,0.1724622,-0.35531452,0.36267003,-0.0049988083,-0.036090452,0.038015194,0.44806412,-0.19084348,-0.16428053,-0.3506817,0.0669481,0.011489815,0.59242356,-0.37236306,0.50172627
Fulvestrant,-0.5297899,0.11179018,-0.62173975,0.056847986,-0.31957054,-0.43283108,-0.42127386,0.22359648,0.70120484,0.4854224,0.4440505,0.1347113,0.6829969,0.40269625,0.16413192,-0.063573666,0.77588737,-0.29181445,-0.09952543,-0.20312545,-0.2663757,-0.47320563,0.1814722,-0.26531065,0.25461245,-0.11535286,-0.049846604,0.15196323,0.05773078,-0.4465795,0.2755418,0.16895165,0.21880768,-0.15898289,-0.29546827,-0.52716607,0.034690276,0.33002147,-0.46982622,0.23347004,0.026784668,-0.3579693,0.54529667,-0.44206762,-0.4999819,-0.089163706,-0.14724712,0.51660067,0.59355533,-0.49161926,0.56073636,-0.22250499,0.06610366,-0.5278584,0.23719783,0.52695787,-0.128469,0.45238543,-0.3953685,0.22688629,0.5487417,-0.38754514,-0.15769751,-0.4196408,1.0434893,-0.17092945,-0.04578781,0.002201825,0.6057831,-0.061760936,0.10013039,-0.6277121,-0.10888461,-0.051460464,-0.26853725,-0.2766531,0.032209232,0.008431608,-0.57211787,-0.58560663,0.024465207,-0.075666875,-0.35964686,-0.20450588,-0.15238564,-0.2897505,0.24928495,-0.639745,-0.23708902,0.4514529,0.17992358,0.14777435,-0.5039787,-0.26457745,0.15664543,-0.25158092,0.2259515,0.49147698,0.41433623,0.06994023,0.27874976,-0.022945376,-0.5084795,0.26226777,-0.3115007,-0.5461406,-0.258663,0.83296615,-0.1449605,-0.43517202,0.3746469,-0.17532794,-0.25196448,0.35658684,-0.2798934,0.2538103,0.5222249,0.13048485,-0.1958085,-0.915559,0.23492758,0.08704669,-0.38743204,0.16461255,0.4208306,-0.12654641,-0.21817908,-0.3406034,-0.13867883,-0.65696937,-0.3513078,0.084948555,0.05022088,0.08126578,-0.4414924,-0.006710527,0.41205597,0.029357899,-0.26724106,1.109052,0.24231736,0.48707214,0.062028263,-0.28139502,0.112702474,0.48142764,-0.69092405,0.1416704,-0.24529403,-0.16267022,0.71124136,0.747118,0.11913532,-0.2757302,0.0013058253,0.064148396,-0.16447984,0.21571845,-0.14833724,0.011640778,0.5673077,-0.6869475,0.79397786,0.23233894,0.19484867,0.34434992,-0.1355633,0.016601847,0.16255155,0.8401814,0.33608198,-0.44968247,0.2699511,0.36987004,0.088535056,0.12464314,0.035114124,-0.66238964,0.046734862,-0.46221882,-0.54019415,-0.05755446,-0.48958942,0.13125412,-0.26348045,0.14798924,0.31524068,-0.20408721,-0.57483035,0.1116492,-0.94955117,-0.063758045,-0.45106575,-0.34888425,1.0821604,-0.7317967,-0.076883286,-0.03775982,0.15709892,-0.23032016,1.260761,0.1862064,0.52127784,-0.46973717,-0.08971073,0.52604747,-0.12327988,-0.32218957,-0.55996305,0.091017134,0.795931,0.45058456,-0.39394182,0.20162764,0.31947586,0.3749155,-0.037387762,1.0794212,0.6401143,-0.5274244,-0.45684087,-0.36277553,0.19779322,-0.5900433,0.58942986,-0.49356824,0.9738101,-0.15638086,0.50991035,-0.31300953,-0.09037949,0.5921744,0.34727556,-0.14876361,0.20866954,-0.33050135,0.079048865,0.17381555,-0.038053222,0.08383105,0.06660276,0.18384896,-0.36693928,0.39223447,-0.042590883,-0.019253422,0.08473124,0.47112778,-0.21970716,-0.21642719,-0.40138426,0.08471334,0.0097390795,0.66611534,-0.40494943,0.5544833
EPZ004777,-0.50435644,0.11987146,-0.6218061,0.06143196,-0.29451552,-0.38950878,-0.41624865,0.18665944,0.6494861,0.4679634,0.41737336,0.11519366,0.65064585,0.38630742,0.16041093,-0.060588304,0.7390206,-0.26711437,-0.075941846,-0.190286,-0.2523873,-0.45274323,0.17205532,-0.2712166,0.23882927,-0.12017266,-0.04577166,0.14820674,0.057063982,-0.43601456,0.2662082,0.16384299,0.21293876,-0.15061699,-0.27578595,-0.5042302,0.056900654,0.3147144,-0.4324433,0.22338752,0.04401192,-0.33226094,0.50614315,-0.4045366,-0.47104576,-0.07668163,-0.13364285,0.47724587,0.5657767,-0.46597815,0.51382595,-0.23854463,0.06976746,-0.5236303,0.2071537,0.49476472,-0.12177395,0.4469961,-0.39755747,0.22463222,0.51015025,-0.37610373,-0.15806895,-0.39559945,1.0153475,-0.16188018,-0.057349645,0.0031330378,0.58280987,-0.048438597,0.08530841,-0.58750856,-0.089214504,-0.030606832,-0.24638294,-0.26551524,0.024441905,-0.000499998,-0.5262203,-0.542655,0.030341035,-0.08363669,-0.36030546,-0.1812843,-0.15630555,-0.26696458,0.22339065,-0.5798968,-0.22888482,0.43192855,0.15966904,0.15096702,-0.49219263,-0.2568509,0.14194833,-0.23868428,0.220994,0.4895279,0.40647706,0.06645624,0.25204438,-0.015302727,-0.48850602,0.22858803,-0.2962721,-0.50295573,-0.2537965,0.81284356,-0.13401,-0.41272697,0.36837113,-0.17501594,-0.25015864,0.3404246,-0.25422946,0.24251942,0.51641387,0.13067706,-0.17679876,-0.85258317,0.22142422,0.08387064,-0.35262915,0.14108019,0.39300582,-0.09657931,-0.20502503,-0.311037,-0.12814532,-0.59444803,-0.3311637,0.0802589,0.038403187,0.07763172,-0.4156784,0.017193262,0.38195843,0.042672705,-0.25209257,1.0660809,0.2324014,0.45002297,0.048670445,-0.26325023,0.10766907,0.47609007,-0.6786578,0.13842744,-0.24020478,-0.15895459,0.6881693,0.7388451,0.13240504,-0.265565,-0.013946667,0.058824632,-0.15488733,0.20811227,-0.14670725,0.018151084,0.537965,-0.6470827,0.7488916,0.20231229,0.18728082,0.33617866,-0.13428105,-0.003637579,0.16225025,0.7798859,0.3292103,-0.43384287,0.22374642,0.3501367,0.081597246,0.13061084,0.033735786,-0.6284112,0.045869797,-0.4266685,-0.51168454,-0.04415333,-0.4673633,0.14219101,-0.236175,0.14880347,0.30331078,-0.1929729,-0.55485916,0.12712874,-0.9120038,-0.06775306,-0.43029335,-0.324059,1.0391856,-0.67873776,-0.07779965,0.00044504076,0.17235321,-0.20608442,1.2054247,0.20507582,0.50086606,-0.45236275,-0.08412722,0.49507934,-0.103584215,-0.31010234,-0.52440447,0.09869191,0.7465674,0.42711547,-0.3518565,0.1875317,0.31678766,0.37017336,-0.018708138,1.0330485,0.6046759,-0.47842392,-0.42978653,-0.35312536,0.17759654,-0.56343585,0.5671521,-0.47125468,0.9355947,-0.13364556,0.480949,-0.27139398,-0.10242464,0.5517412,0.34475487,-0.13222668,0.1937573,-0.31136364,0.052805062,0.1675507,-0.047991153,0.0725184,0.055809185,0.17852707,-0.35482478,0.37206343,-0.022161333,-0.02978902,0.06440757,0.45462877,-0.19939229,-0.1896471,-0.36981428,0.07801749,0.00849137,0.6240459,-0.3836354,0.5266895
YK-4-279,-0.55478007,0.107380144,-0.6789369,0.06454197,-0.32391688,-0.43267027,-0.45294157,0.20597617,0.71948904,0.5350143,0.452113,0.13437377,0.705185,0.418643,0.16955231,-0.056141432,0.8179584,-0.30259418,-0.06558442,-0.2186554,-0.28499985,-0.49687302,0.20826624,-0.29896387,0.23660888,-0.12696697,-0.06388355,0.16593298,0.08460914,-0.49860123,0.2778428,0.19063938,0.23902892,-0.17357682,-0.31451416,-0.52184254,0.051026,0.33782783,-0.47002903,0.25020933,0.048211377,-0.35633716,0.53419876,-0.4425553,-0.5063694,-0.08035438,-0.12621084,0.5359096,0.624512,-0.51856154,0.5458531,-0.26333597,0.055917397,-0.5826768,0.23102951,0.5247439,-0.1656105,0.4651768,-0.4440494,0.25498027,0.55326295,-0.38901106,-0.172158,-0.44875893,1.1084775,-0.16581184,-0.060623113,0.014722862,0.6505768,-0.050938487,0.090854585,-0.6457147,-0.081866704,-0.062910855,-0.25222024,-0.2826106,0.026568508,-0.003784743,-0.5872435,-0.59681934,0.06606688,-0.08332361,-0.4062873,-0.19627957,-0.17524989,-0.306519,0.25588977,-0.64714664,-0.24650103,0.4729887,0.15674081,0.14734994,-0.5341248,-0.2889348,0.16811566,-0.2561405,0.25246766,0.5336842,0.4549546,0.06322679,0.28112245,-0.0062881685,-0.5452437,0.2321961,-0.3318862,-0.55878097,-0.29221514,0.91226274,-0.14488511,-0.4748172,0.41926718,-0.20227386,-0.28155693,0.37126052,-0.27062106,0.25235072,0.57389706,0.14852156,-0.20777631,-0.9358209,0.24810141,0.10563951,-0.4168121,0.15050119,0.42755732,-0.0930267,-0.2228763,-0.34443554,-0.15676346,-0.6605504,-0.3708003,0.10274602,0.053346988,0.08719968,-0.45942533,0.036328793,0.41102728,0.050745446,-0.26484838,1.1793722,0.2555593,0.48662782,0.05452464,-0.31273732,0.12327888,0.543782,-0.7487529,0.15641193,-0.26142544,-0.17921382,0.75061893,0.81280786,0.12881435,-0.31141108,0.0038819101,0.070955805,-0.14856242,0.20492227,-0.17224099,0.030150125,0.5968607,-0.7089339,0.8210712,0.19541453,0.19664077,0.35558948,-0.15292184,0.0038572652,0.17876774,0.885395,0.3737692,-0.48391387,0.2494588,0.39914897,0.09677879,0.15266106,0.028848574,-0.7059198,0.066252895,-0.48575577,-0.57085305,-0.04228835,-0.51376235,0.14575087,-0.26431572,0.16148299,0.33225614,-0.21672618,-0.6052829,0.16533451,-1.0112675,-0.075208165,-0.4826539,-0.37157926,1.160555,-0.75528526,-0.10548576,-0.009712468,0.20840676,-0.20849802,1.3246111,0.2134416,0.57289666,-0.5073826,-0.10978127,0.53202254,-0.11099314,-0.34769085,-0.61693364,0.09747552,0.8270886,0.49281743,-0.39030126,0.21663213,0.34625196,0.4029862,0.00535599,1.1456128,0.6766145,-0.5246224,-0.4710474,-0.39433172,0.19524604,-0.6057376,0.6028861,-0.52464753,1.0280141,-0.12871082,0.5418966,-0.3151066,-0.10966391,0.6270836,0.36747786,-0.16182919,0.21367651,-0.31956682,0.07087526,0.19331074,-0.049324673,0.07718661,0.06349283,0.19581592,-0.40299717,0.41445705,-0.027773222,-0.02754832,0.04401836,0.50247985,-0.23565048,-0.19417925,-0.4077209,0.08106185,0.01833555,0.6771252,-0.42615566,0.56275415
Piperlongumine,-0.5118753,0.10745096,-0.6131256,0.05730536,-0.30294278,-0.40695214,-0.41225255,0.2016367,0.6675551,0.47500378,0.42557105,0.12615897,0.6551983,0.38852566,0.16064395,-0.056807928,0.74975693,-0.27724603,-0.08294137,-0.19620603,-0.25757077,-0.45766404,0.17955689,-0.26428553,0.23840703,-0.11466223,-0.052494183,0.14860035,0.062770054,-0.43844214,0.26372316,0.1662265,0.2121463,-0.15419321,-0.28449908,-0.503349,0.041521,0.31668577,-0.445566,0.22799963,0.034526616,-0.33965617,0.51785773,-0.42066032,-0.47736648,-0.078699395,-0.13533553,0.4946115,0.5767252,-0.47357276,0.5257058,-0.22594713,0.062772095,-0.52101606,0.22144568,0.50162274,-0.1298078,0.43669066,-0.394529,0.22462226,0.5249298,-0.37070838,-0.15442124,-0.40733093,1.0147876,-0.16233169,-0.04889806,0.0033365188,0.5889697,-0.052251086,0.09208782,-0.6018978,-0.09328304,-0.04645386,-0.25047016,-0.26582605,0.029506788,0.005372046,-0.5455331,-0.55894476,0.03262385,-0.076617524,-0.35642436,-0.18919878,-0.15295824,-0.27831906,0.23317622,-0.6049711,-0.2296959,0.43705228,0.1637397,0.14363219,-0.49095228,-0.26197436,0.15066576,-0.23969662,0.22124186,0.48468417,0.4068055,0.06573247,0.26275936,-0.016023505,-0.49352255,0.23878023,-0.30061826,-0.52294576,-0.25452304,0.8161897,-0.13724776,-0.421642,0.3683453,-0.1763515,-0.24913771,0.34514874,-0.26437125,0.24257691,0.5141842,0.13114835,-0.18794702,-0.875655,0.22792283,0.08899444,-0.37497538,0.15205994,0.40215665,-0.10768543,-0.20812789,-0.32463,-0.13488051,-0.6212231,-0.33965865,0.08464886,0.045772422,0.07772688,-0.42314586,0.00856799,0.38843188,0.03733217,-0.25436914,1.0773205,0.23391491,0.4626824,0.05694878,-0.27512944,0.10959287,0.4765096,-0.6781526,0.13733937,-0.23979811,-0.16092739,0.68859625,0.7341788,0.12145329,-0.27212325,-0.0014685253,0.06179329,-0.15405387,0.20358633,-0.14802499,0.016742775,0.5474022,-0.6582178,0.76375914,0.20944515,0.18683143,0.33475733,-0.13266838,0.010513411,0.16225769,0.808128,0.33213177,-0.4386377,0.24541067,0.35847053,0.08524125,0.12728584,0.032740775,-0.6403636,0.05043786,-0.4423244,-0.5223533,-0.049373996,-0.47237936,0.13331221,-0.24895371,0.14367028,0.3065729,-0.19434674,-0.5552141,0.12132579,-0.92089975,-0.06339071,-0.43902686,-0.33565456,1.0521054,-0.7000281,-0.08015985,-0.022508657,0.16557994,-0.21320376,1.217457,0.19009149,0.5089288,-0.455771,-0.09023505,0.5040983,-0.112838164,-0.31303033,-0.5439618,0.09258647,0.7647853,0.4382693,-0.37068248,0.19583893,0.31235617,0.3660806,-0.021472132,1.0462222,0.6172749,-0.49746326,-0.4366755,-0.3548089,0.18280457,-0.5670282,0.5687875,-0.47718132,0.94180614,-0.13944614,0.492687,-0.29401737,-0.093280695,0.571026,0.3371703,-0.14198694,0.19837734,-0.3134381,0.06855607,0.17089924,-0.042812854,0.07554873,0.064384,0.18180726,-0.35831854,0.37822935,-0.03512953,-0.023800215,0.06666391,0.45901057,-0.2109318,-0.1971258,-0.37975332,0.08191415,0.010387109,0.636229,-0.39178583,0.53151876
Daporinad,-0.49709356,0.116238244,-0.61558384,0.060093794,-0.29013306,-0.38439602,-0.4112575,0.18205503,0.6403425,0.46507224,0.4112218,0.11298232,0.6427135,0.38033426,0.15739238,-0.058934618,0.7296535,-0.2651532,-0.07000207,-0.19008276,-0.2500993,-0.44650236,0.17210472,-0.27011287,0.23357552,-0.118882075,-0.046154574,0.14620158,0.060092602,-0.43486533,0.26164496,0.16365321,0.21160902,-0.14824805,-0.27340317,-0.49161062,0.05594165,0.31156066,-0.4266309,0.22037826,0.04373524,-0.32751778,0.4943147,-0.3980648,-0.46349567,-0.07546562,-0.12596537,0.4713885,0.55760473,-0.46309122,0.502623,-0.23750038,0.064856656,-0.51921445,0.20307846,0.4853345,-0.12603416,0.43728933,-0.39367488,0.22277917,0.49975523,-0.36884868,-0.15798073,-0.3920105,1.001091,-0.15684527,-0.057083834,0.006103752,0.57732815,-0.047186267,0.08145379,-0.57880926,-0.08688316,-0.033340245,-0.2402001,-0.2614159,0.023177998,-0.0010124025,-0.5196809,-0.5339217,0.034633026,-0.08100597,-0.35779643,-0.1784735,-0.15553656,-0.26366246,0.22296853,-0.57167864,-0.22619708,0.42387936,0.15478946,0.14698,-0.48525545,-0.2536073,0.14212248,-0.23418283,0.22216834,0.48229668,0.40356466,0.06508115,0.24876961,-0.01441408,-0.48291326,0.22121593,-0.29463616,-0.49553078,-0.25183228,0.8070525,-0.13218407,-0.41105786,0.3663282,-0.17417443,-0.24733911,0.33505148,-0.24847692,0.23686092,0.51115626,0.1297379,-0.17742829,-0.8388273,0.2187197,0.08440544,-0.35168323,0.13636214,0.38630012,-0.092726275,-0.20144999,-0.305666,-0.12937239,-0.58481914,-0.32681212,0.08159596,0.03853854,0.077842526,-0.41120028,0.02101136,0.3744374,0.04214255,-0.24623436,1.0521029,0.2284689,0.4414651,0.046323095,-0.26364133,0.10836371,0.47251987,-0.67209375,0.13939743,-0.23611183,-0.15786247,0.680561,0.73078704,0.12878655,-0.26622483,-0.012106289,0.05833128,-0.15000866,0.20207088,-0.14659579,0.020019993,0.5319575,-0.6385623,0.73698354,0.19575977,0.18357125,0.32871884,-0.13571481,-0.0034616077,0.15959486,0.77196574,0.32797724,-0.42911,0.22056893,0.3480418,0.08043313,0.1321123,0.03198378,-0.6230729,0.049537107,-0.4235007,-0.505933,-0.041734666,-0.4616805,0.1392019,-0.23364745,0.14647225,0.29843,-0.19197188,-0.5484347,0.1306214,-0.90179926,-0.06681454,-0.4250743,-0.32116562,1.0280659,-0.6687105,-0.08010751,0.0015471473,0.17417774,-0.2003006,1.1880822,0.20088455,0.49705854,-0.4502495,-0.085846834,0.48445562,-0.10087321,-0.30766368,-0.5235576,0.09626465,0.73597455,0.4259959,-0.34694546,0.18498482,0.31242967,0.3641224,-0.014342339,1.0203522,0.59870756,-0.47035596,-0.42506844,-0.35021248,0.17471789,-0.55375594,0.55480707,-0.46533397,0.923953,-0.12763616,0.47614023,-0.26992577,-0.10382798,0.544824,0.33965465,-0.13323838,0.19253592,-0.30178633,0.05204762,0.16590866,-0.04792364,0.07257509,0.053515006,0.17480813,-0.35286054,0.36772624,-0.020521503,-0.029576285,0.058591418,0.44742113,-0.1976179,-0.18508622,-0.3646292,0.076327145,0.008863445,0.6126165,-0.3788569,0.5163468
BMS-345541,-0.5373837,0.10176246,-0.66661084,0.062414754,-0.3140046,-0.41714153,-0.44364253,0.19953819,0.6974431,0.52415836,0.43092555,0.12738407,0.67741853,0.40872294,0.15839097,-0.047465138,0.80115604,-0.29407054,-0.050394535,-0.21060124,-0.2754019,-0.48061794,0.21261187,-0.29882857,0.21888225,-0.12201351,-0.068090394,0.16760854,0.08623622,-0.4986562,0.26827702,0.180405,0.24558969,-0.1752645,-0.29875124,-0.4898997,0.060581405,0.32524443,-0.44063264,0.2394075,0.059570502,-0.33232564,0.4859888,-0.41144028,-0.479805,-0.08376895,-0.11288039,0.50658333,0.59824467,-0.49760357,0.5061031,-0.2791531,0.058475405,-0.5805987,0.20399812,0.48868436,-0.17146303,0.45581144,-0.4358209,0.2516945,0.5200014,-0.37418443,-0.1665287,-0.42628732,1.0820242,-0.15744562,-0.07383568,0.009517206,0.6348311,-0.042426433,0.07971762,-0.6142118,-0.06436525,-0.058157492,-0.23121722,-0.2654266,0.014358722,-0.016285438,-0.5567156,-0.5728299,0.085982695,-0.08441819,-0.4074019,-0.18045434,-0.17802013,-0.2975713,0.24938042,-0.61084944,-0.22990008,0.45490056,0.13987403,0.14204477,-0.5219786,-0.27416605,0.1573397,-0.25346962,0.24847715,0.5264701,0.4468637,0.053856194,0.26561695,0.0049023074,-0.53169966,0.21439199,-0.31812137,-0.5284248,-0.2979386,0.8954687,-0.13146853,-0.4697144,0.42439032,-0.20703688,-0.27989227,0.35689473,-0.24153855,0.23955123,0.5720319,0.14316049,-0.19678488,-0.8908559,0.23903063,0.109241985,-0.3974119,0.13327238,0.40750098,-0.07355186,-0.2170362,-0.3206974,-0.1541848,-0.6161072,-0.35855585,0.10291119,0.04242567,0.0923145,-0.44154802,0.054412663,0.40215325,0.062954865,-0.25249654,1.1450953,0.24783048,0.4506426,0.042853333,-0.30938283,0.12241975,0.54301775,-0.7280026,0.15714486,-0.247963,-0.18098517,0.73104095,0.8059149,0.12682256,-0.30942008,0.006751971,0.06800494,-0.12435255,0.18843487,-0.16945773,0.035404008,0.57099545,-0.684036,0.77916104,0.16362053,0.18479723,0.33544946,-0.14957228,-0.01619402,0.17433007,0.85576355,0.37005144,-0.4712287,0.22470725,0.39892524,0.10004906,0.15991366,0.0240038,-0.68576056,0.061053157,-0.4642757,-0.5542013,-0.037603833,-0.4978959,0.13980949,-0.25516534,0.16721861,0.31565812,-0.21942957,-0.59487575,0.1932413,-0.98626345,-0.0818357,-0.47215232,-0.36536425,1.1348833,-0.71455306,-0.12498315,0.002645248,0.2187883,-0.1869753,1.288315,0.21716246,0.56306237,-0.50405204,-0.10486518,0.5038015,-0.08856048,-0.3420808,-0.61082715,0.08616227,0.800731,0.48171312,-0.3613611,0.20739236,0.34737584,0.3969239,0.021269279,1.1183321,0.66748923,-0.49102554,-0.45537773,-0.38360268,0.18278071,-0.5774728,0.5806281,-0.51729554,1.000382,-0.10894946,0.5207241,-0.2990466,-0.1098214,0.61111325,0.36367816,-0.14881769,0.2062521,-0.30822414,0.07155851,0.19176365,-0.051701963,0.064305134,0.049573917,0.18668061,-0.39803806,0.3981318,-0.012721201,-0.02727207,0.028522503,0.49452743,-0.23220332,-0.17307718,-0.38865268,0.06679086,0.030274749,0.64004904,-0.41326723,0.5379033
AZ960,-0.506783,0.11627632,-0.65176666,0.067431144,-0.28703678,-0.37654263,-0.4286461,0.16441669,0.6421457,0.49132994,0.40901136,0.10795833,0.6484012,0.38862386,0.16016889,-0.054094978,0.748311,-0.26667044,-0.04684053,-0.19537404,-0.25692832,-0.4586313,0.18485871,-0.28800738,0.21696268,-0.12686217,-0.05395993,0.15258913,0.07238797,-0.46196038,0.26048642,0.17660007,0.22094575,-0.15767154,-0.28132328,-0.48697677,0.07029652,0.31007624,-0.41733292,0.22705515,0.05878454,-0.3201176,0.48312515,-0.39219192,-0.4617397,-0.06787081,-0.11548939,0.47533494,0.57245296,-0.4731693,0.48908657,-0.2652878,0.061948854,-0.55192864,0.1924808,0.4796275,-0.14469625,0.4477084,-0.42466563,0.23869759,0.49838543,-0.3703167,-0.16568883,-0.4038908,1.0389234,-0.15195383,-0.06804222,0.012804796,0.6000216,-0.03916933,0.07459387,-0.5809604,-0.06591907,-0.03337925,-0.22827461,-0.26305693,0.019887246,-0.009855292,-0.52134657,-0.5335351,0.06142966,-0.08934086,-0.38857228,-0.16930889,-0.17052284,-0.27034086,0.22160354,-0.5659572,-0.23072544,0.43600103,0.13754486,0.14717153,-0.5030707,-0.2684465,0.14620955,-0.23466182,0.2355356,0.5091732,0.42679244,0.061691973,0.24727464,-0.003371247,-0.5005265,0.19779155,-0.30410773,-0.4956996,-0.27076367,0.85153896,-0.13055053,-0.43076354,0.39196527,-0.18813792,-0.26722088,0.34257618,-0.24119751,0.2359318,0.54077196,0.14115117,-0.17856097,-0.8398926,0.22321013,0.094629526,-0.36032024,0.12478866,0.3858238,-0.065543026,-0.20201865,-0.30330902,-0.13626632,-0.5768865,-0.33472273,0.088837415,0.037811443,0.07941707,-0.416584,0.04974911,0.37081787,0.057599805,-0.24400593,1.0896554,0.23569441,0.43621486,0.04048902,-0.27663046,0.11150774,0.5109175,-0.70373386,0.14612019,-0.24677378,-0.16574407,0.6998113,0.7697164,0.13955387,-0.28337386,-0.014426719,0.061026078,-0.13981155,0.19492532,-0.15975259,0.031764004,0.5441278,-0.6423471,0.74648666,0.16812192,0.18286553,0.3354388,-0.14423588,-0.014991171,0.16931257,0.7870715,0.34850374,-0.44716984,0.1981367,0.36080995,0.085537046,0.1480611,0.028372448,-0.6418873,0.057053618,-0.42857778,-0.5187306,-0.030736782,-0.47082233,0.15150341,-0.22542313,0.15645471,0.30903614,-0.1961673,-0.56214315,0.16246732,-0.9325516,-0.07430399,-0.441004,-0.33065414,1.0685207,-0.6762778,-0.09369971,0.028190402,0.2074851,-0.18208583,1.2193706,0.22313823,0.5252004,-0.4666854,-0.09631335,0.4843327,-0.09090542,-0.31983405,-0.54895383,0.10404176,0.7469647,0.4439256,-0.33634377,0.19214503,0.3294053,0.38186204,0.012692387,1.0532409,0.61334324,-0.4588557,-0.4269613,-0.36664116,0.17059472,-0.56107485,0.56238985,-0.4794821,0.95100933,-0.10794946,0.49129134,-0.26038048,-0.11749081,0.5592109,0.35350794,-0.1373792,0.19193517,-0.29377943,0.041467074,0.17615868,-0.056518678,0.063198395,0.04981595,0.18204887,-0.37054667,0.3787356,-0.008888718,-0.037406705,0.031973347,0.46587074,-0.20189229,-0.16683207,-0.36166567,0.0707508,0.014616429,0.6129291,-0.38793832,0.51757354
Talazoparib,-0.5128365,0.12920476,-0.672027,0.072832644,-0.28826994,-0.373459,-0.44156596,0.15924905,0.6452006,0.4968684,0.4107692,0.10281998,0.6601991,0.39772195,0.16301571,-0.05941277,0.75800353,-0.2661946,-0.045345135,-0.19490373,-0.25903365,-0.4664411,0.18314813,-0.298112,0.2210083,-0.13336709,-0.05023119,0.15536031,0.067191176,-0.46971637,0.26812944,0.17851003,0.22644496,-0.16111386,-0.28150675,-0.500135,0.083383836,0.31402928,-0.41650715,0.22786045,0.06728538,-0.32035303,0.48591498,-0.38828236,-0.46788117,-0.06943286,-0.119671755,0.4735121,0.57739,-0.4771464,0.49479073,-0.27993262,0.06988769,-0.56531435,0.1872815,0.4860889,-0.14074118,0.46911788,-0.43607718,0.24496785,0.5007505,-0.3832991,-0.17082965,-0.4032111,1.0640883,-0.15554023,-0.076975696,0.013604221,0.60946435,-0.03874049,0.073473565,-0.5840007,-0.0631399,-0.022169946,-0.23027357,-0.26860377,0.016243722,-0.015692469,-0.5204496,-0.53453237,0.06252166,-0.097821005,-0.40149024,-0.16814658,-0.1770492,-0.2698669,0.22007503,-0.5623187,-0.23490934,0.44469586,0.13929881,0.15522835,-0.516226,-0.27002576,0.14249593,-0.24004005,0.23877597,0.5254692,0.43631822,0.06276148,0.24477439,-0.0023739955,-0.5096917,0.19606638,-0.3077269,-0.49147958,-0.27735153,0.86793333,-0.13035654,-0.4346572,0.4016792,-0.19065261,-0.27538222,0.34735456,-0.23941863,0.2421043,0.5540645,0.14443919,-0.17355578,-0.84322035,0.221809,0.0920581,-0.35001126,0.12023908,0.38868055,-0.059567932,-0.20503353,-0.3002425,-0.13381504,-0.5718638,-0.33694196,0.08674451,0.033088256,0.081269726,-0.42083448,0.054954525,0.37798733,0.06295419,-0.2484561,1.1073552,0.24139999,0.43766546,0.035520263,-0.2724145,0.11158973,0.5235433,-0.7179393,0.15019163,-0.25299013,-0.16642265,0.71492225,0.7902646,0.15034191,-0.28344938,-0.023849472,0.06106084,-0.14346652,0.20356171,-0.16234162,0.032906104,0.54934037,-0.6494662,0.7539043,0.16656692,0.18802871,0.34432575,-0.14763607,-0.026305687,0.172179,0.78415024,0.35253173,-0.45393875,0.1868085,0.36324725,0.085723504,0.15226613,0.029698242,-0.64751136,0.05200017,-0.42693797,-0.521764,-0.027192866,-0.4783318,0.16092606,-0.21946271,0.16551268,0.31446442,-0.20076065,-0.5747509,0.16877975,-0.94703865,-0.08077689,-0.4442502,-0.33029923,1.083105,-0.6784583,-0.09310596,0.045883782,0.21612419,-0.18016662,1.2419628,0.24047695,0.532521,-0.4742542,-0.09375613,0.48992565,-0.08669727,-0.32495055,-0.54658586,0.11053945,0.75116956,0.44375685,-0.32944652,0.19036917,0.34142098,0.39567572,0.013199141,1.0684094,0.61831325,-0.45578822,-0.4315956,-0.37298813,0.17280243,-0.5724986,0.57536936,-0.48675862,0.96915287,-0.10724122,0.4943311,-0.24839635,-0.1260153,0.5585941,0.3692344,-0.13309963,0.19285023,-0.30079773,0.03118441,0.17764533,-0.060808636,0.061410747,0.04492281,0.18350641,-0.37585583,0.383043,0.00021543454,-0.042871755,0.033616763,0.47387058,-0.1977502,-0.16670765,-0.36439887,0.067476206,0.014240799,0.6190656,-0.38957754,0.52726966
XAV939,-0.54966956,0.11229645,-0.6830585,0.06742166,-0.3165201,-0.42284578,-0.4535102,0.19906485,0.7085126,0.5335187,0.4448783,0.12997296,0.699111,0.41772285,0.16959612,-0.05680549,0.81013197,-0.29574782,-0.061210383,-0.21478644,-0.28466105,-0.49472508,0.20603171,-0.30127594,0.23408876,-0.12807831,-0.06212526,0.1636138,0.0824554,-0.49375996,0.2789473,0.18955939,0.23817231,-0.1743166,-0.3116652,-0.5171778,0.059606858,0.33240175,-0.46125197,0.24836151,0.055273175,-0.35214695,0.5245835,-0.4343156,-0.49786654,-0.07705115,-0.12733033,0.52771044,0.6212699,-0.51168376,0.5365671,-0.2674481,0.06000685,-0.58270824,0.21915275,0.52115715,-0.16526254,0.468722,-0.44768324,0.2582471,0.545864,-0.38723373,-0.1690009,-0.43934137,1.1095569,-0.16661207,-0.06347366,0.013318403,0.65047914,-0.04771406,0.08796883,-0.63967437,-0.07175095,-0.056667022,-0.24846363,-0.28002954,0.023871996,-0.006712022,-0.5790807,-0.58826876,0.06710295,-0.08790785,-0.40746838,-0.19198227,-0.17687234,-0.3042888,0.2485294,-0.6323103,-0.24370563,0.47314516,0.15063165,0.14869973,-0.5342632,-0.2863693,0.16081794,-0.25401092,0.25065824,0.5379202,0.45317572,0.06376871,0.27641535,-0.0038200414,-0.5405777,0.22156131,-0.32965973,-0.5476752,-0.29172176,0.9088471,-0.14504473,-0.46818352,0.41885954,-0.2008674,-0.2823611,0.37000287,-0.26749653,0.25170264,0.57311505,0.15111758,-0.20021318,-0.9265069,0.24722455,0.10457555,-0.40717226,0.14460348,0.42224434,-0.08386533,-0.21875879,-0.33954808,-0.15070967,-0.6480195,-0.3650175,0.101630144,0.05043538,0.08459984,-0.45460582,0.04171863,0.40490976,0.055994574,-0.2641572,1.1748098,0.25511044,0.4809951,0.0491417,-0.30888724,0.119751655,0.54845583,-0.745757,0.15433139,-0.26058537,-0.17993958,0.74724495,0.8140788,0.1339299,-0.308765,0.0009087143,0.06685894,-0.14530435,0.20467575,-0.172034,0.031193046,0.59295815,-0.69732165,0.8122384,0.18974598,0.19449511,0.3565086,-0.15213174,-0.0044242498,0.18180577,0.87044364,0.37251002,-0.4807736,0.23624027,0.39715362,0.095605075,0.15287335,0.025125725,-0.6958909,0.0604808,-0.47519702,-0.5677568,-0.038359664,-0.5087341,0.14962816,-0.25491613,0.16218226,0.3323527,-0.21373853,-0.60086924,0.16798933,-1.0058435,-0.07826716,-0.47948378,-0.364855,1.1528647,-0.74245846,-0.10510322,0.0033538518,0.21290854,-0.2032255,1.3139967,0.21949966,0.56883764,-0.50112194,-0.10933278,0.5285114,-0.10469153,-0.3481806,-0.608538,0.10154152,0.8192508,0.4864614,-0.37992245,0.21248908,0.35001618,0.40550417,0.009850413,1.136136,0.6696655,-0.51679045,-0.46332926,-0.39157397,0.18848307,-0.59889287,0.60132724,-0.5213522,1.021341,-0.12363483,0.53483015,-0.2995933,-0.1123592,0.6202208,0.36795574,-0.15672268,0.21149227,-0.31825298,0.061996613,0.19346003,-0.050386447,0.073883094,0.060693815,0.1948984,-0.3997163,0.41057706,-0.021492423,-0.030272052,0.039392743,0.5021863,-0.23029554,-0.18811028,-0.40084386,0.078862526,0.017400283,0.6693308,-0.4227824,0.55962116
Trametinib,-0.58319724,0.10423434,-0.7130901,0.06532359,-0.34232414,-0.458151,-0.47694516,0.2216638,0.76026636,0.5699544,0.470715,0.14298175,0.73464715,0.44109103,0.17302178,-0.050719813,0.8676463,-0.32271102,-0.060683005,-0.23155552,-0.2987283,-0.5204744,0.22889908,-0.31810257,0.23885946,-0.12974767,-0.07416672,0.17944935,0.0947863,-0.53706664,0.28616726,0.19903168,0.26085693,-0.18885706,-0.33095998,-0.532771,0.053414613,0.351006,-0.4864519,0.2613851,0.05522056,-0.36461148,0.5399958,-0.45646524,-0.52475053,-0.08957583,-0.12341019,0.5583564,0.65429175,-0.54073083,0.5581351,-0.28886577,0.056399617,-0.619671,0.2328701,0.5364606,-0.18546677,0.48627177,-0.46743137,0.27134377,0.5712242,-0.40270016,-0.1784748,-0.47046775,1.1655167,-0.16964729,-0.07218011,0.013875491,0.68667185,-0.05036818,0.09288204,-0.6730824,-0.07662762,-0.071990944,-0.2536578,-0.28713906,0.020959849,-0.011125826,-0.61159754,-0.62862027,0.09067326,-0.08708243,-0.43678382,-0.2005334,-0.18777163,-0.3251029,0.273683,-0.6767245,-0.2525129,0.49489114,0.15415475,0.14893149,-0.5621004,-0.30329487,0.17886594,-0.27213442,0.26781672,0.56403446,0.48353854,0.05753013,0.292775,0.0032237568,-0.5772648,0.2377462,-0.34668094,-0.58285034,-0.31879014,0.96742845,-0.14544253,-0.5091832,0.45373988,-0.22134554,-0.30138412,0.3867207,-0.27163458,0.25746867,0.6109862,0.15531756,-0.21879116,-0.9753815,0.25948498,0.1164953,-0.44225758,0.15208344,0.4434751,-0.08871446,-0.23574708,-0.35635036,-0.17222334,-0.68587554,-0.39117032,0.11312139,0.053921804,0.097728126,-0.4812336,0.051091194,0.43505287,0.05978173,-0.27458104,1.2412988,0.2687337,0.497562,0.05288372,-0.33674714,0.13173214,0.5840533,-0.7848646,0.16849464,-0.2713322,-0.19431813,0.7870987,0.8615834,0.12902993,-0.3357737,0.011995062,0.077102095,-0.13958749,0.20392287,-0.18452367,0.036975753,0.62320834,-0.7456507,0.8533724,0.18570809,0.2004765,0.36373284,-0.16080283,-0.0045946115,0.18699718,0.9387711,0.39845672,-0.5104067,0.25635394,0.4286799,0.10920484,0.16838446,0.029093752,-0.7475418,0.07032137,-0.5125658,-0.60146046,-0.043990232,-0.54176563,0.14927042,-0.2814018,0.17620182,0.34141254,-0.23381618,-0.6421532,0.19754681,-1.0671431,-0.085061766,-0.51168567,-0.39770707,1.2281253,-0.7887353,-0.1292492,-0.011747375,0.23005815,-0.20745146,1.3971859,0.2270245,0.6122424,-0.5420268,-0.11749246,0.5490307,-0.10640928,-0.3686302,-0.6656544,0.09295808,0.8718516,0.5237887,-0.40294448,0.22983688,0.36815515,0.42462268,0.018387135,1.2132224,0.72288686,-0.5416478,-0.49411517,-0.414544,0.20218275,-0.6287823,0.62922484,-0.5595307,1.0831336,-0.12290232,0.57004774,-0.33489674,-0.11382375,0.6675385,0.38877913,-0.16867058,0.22440553,-0.3313911,0.082756884,0.20725913,-0.05340483,0.072558984,0.061428424,0.20389876,-0.4302568,0.4349784,-0.0239855,-0.026568351,0.035918973,0.53309196,-0.2555296,-0.1945498,-0.4270163,0.07671063,0.031398352,0.7010101,-0.44724223,0.5835159
Dabrafenib,-0.5510747,0.108839266,-0.6942663,0.06691094,-0.31684637,-0.42150518,-0.45857418,0.18895711,0.7074236,0.54111874,0.4456242,0.12707065,0.70159984,0.420098,0.1694471,-0.05453797,0.81541526,-0.299314,-0.049010247,-0.21851009,-0.28548038,-0.49773353,0.20969956,-0.30834132,0.228674,-0.13018991,-0.06643599,0.16534516,0.08968961,-0.5076106,0.2758656,0.19509499,0.24074674,-0.17320612,-0.31336614,-0.5114369,0.061907317,0.33638123,-0.45997062,0.24965085,0.05655446,-0.34973058,0.51919705,-0.43290183,-0.49864703,-0.07513837,-0.11637456,0.52900875,0.624664,-0.51969135,0.5289815,-0.27605626,0.052328486,-0.5949875,0.21702696,0.5161629,-0.17455868,0.46673787,-0.45699072,0.26041725,0.5430804,-0.3871175,-0.17515577,-0.44656765,1.1159784,-0.16045702,-0.06562942,0.019438853,0.65604734,-0.04531456,0.08393299,-0.6385222,-0.07057333,-0.05866817,-0.24306242,-0.28008136,0.023450755,-0.006900843,-0.579571,-0.5863982,0.0767957,-0.087660804,-0.4172019,-0.18876043,-0.18126851,-0.30443245,0.25040907,-0.63212353,-0.24811682,0.47131717,0.14582635,0.14723806,-0.53852457,-0.29213873,0.16820529,-0.2525528,0.25882235,0.5418882,0.46310872,0.06340342,0.27492306,-0.0012843632,-0.5449156,0.21396516,-0.33469388,-0.54921657,-0.29588795,0.9263114,-0.1425474,-0.47731405,0.42645133,-0.20797661,-0.28842592,0.37136567,-0.26388243,0.24942076,0.5817478,0.15383577,-0.20578215,-0.9224422,0.24705544,0.10894289,-0.41417453,0.13957334,0.42192948,-0.07669046,-0.2191434,-0.33724385,-0.15697542,-0.64326,-0.36806783,0.10568863,0.04977577,0.087937325,-0.45677683,0.052493036,0.4021561,0.058052443,-0.2593926,1.1831855,0.25533637,0.47721437,0.047721583,-0.3162403,0.124101445,0.5567064,-0.7588219,0.15989421,-0.2635787,-0.1837422,0.75428945,0.8253199,0.13469666,-0.31743217,0.0007349685,0.068323486,-0.14217593,0.19932108,-0.17600198,0.036068276,0.59727865,-0.7002491,0.81231403,0.17974052,0.19456099,0.3541374,-0.15835167,-0.0042636264,0.18213591,0.8777799,0.38135672,-0.48638955,0.23207322,0.40073118,0.09614864,0.1616371,0.024828764,-0.7048621,0.07128645,-0.48127338,-0.57115835,-0.033536103,-0.512078,0.15191726,-0.2547381,0.16313097,0.33441225,-0.2146943,-0.6062614,0.18008007,-1.0144112,-0.07810026,-0.48278704,-0.36906072,1.1661242,-0.7441244,-0.1095076,0.010172972,0.2251005,-0.19745167,1.3197495,0.2231484,0.57819647,-0.5110248,-0.11371676,0.5227443,-0.10384539,-0.35155323,-0.61972755,0.10222733,0.81897104,0.4958059,-0.37867758,0.21466358,0.35083786,0.40637827,0.018806461,1.1465359,0.6757803,-0.5105275,-0.467571,-0.39877608,0.18658528,-0.60127634,0.5978944,-0.52351356,1.0287414,-0.11444391,0.5406889,-0.30440375,-0.120085634,0.62207377,0.37200937,-0.16078933,0.21288806,-0.30982846,0.060253464,0.19418837,-0.055859394,0.072665185,0.05909013,0.19566967,-0.40681213,0.41447657,-0.018595062,-0.033567145,0.027806552,0.5032794,-0.23184645,-0.18309267,-0.39893803,0.07941954,0.018861344,0.6661736,-0.4247316,0.55596566
Temozolomide,-0.52271694,0.11282665,-0.66584253,0.067020096,-0.29781958,-0.39361522,-0.4385968,0.17479451,0.66668975,0.50949913,0.42213485,0.11582313,0.66729146,0.3997701,0.1632935,-0.054215085,0.77238894,-0.27893,-0.04857064,-0.2036597,-0.26790223,-0.47275993,0.19439042,-0.29418334,0.22087546,-0.12751873,-0.058851022,0.15695286,0.07863281,-0.47741294,0.2660709,0.18323565,0.22774577,-0.16362084,-0.29358006,-0.49504796,0.06622483,0.31899592,-0.43319136,0.23533128,0.057683114,-0.33145043,0.49618125,-0.4076924,-0.4745786,-0.07049204,-0.116443135,0.49587983,0.59166515,-0.49009177,0.5043178,-0.26753813,0.05841736,-0.56638634,0.20200434,0.49311402,-0.15617989,0.45354703,-0.43588057,0.2467432,0.5152343,-0.37526506,-0.16805296,-0.4191885,1.0659071,-0.15542686,-0.066264234,0.014997956,0.6205648,-0.041776836,0.078546815,-0.6025977,-0.06712236,-0.044032473,-0.2340291,-0.26903996,0.021470267,-0.008623154,-0.5436428,-0.5531939,0.06685055,-0.088235855,-0.39794418,-0.17694923,-0.17406647,-0.28390032,0.23249725,-0.591165,-0.23622368,0.449196,0.14035109,0.14641301,-0.51510584,-0.27670264,0.15398152,-0.2410308,0.24340692,0.52030385,0.43890196,0.0623256,0.25818515,-0.0027094004,-0.51623535,0.20416334,-0.31536302,-0.51576024,-0.2797037,0.8772278,-0.1354686,-0.4476152,0.40383086,-0.19483368,-0.27438337,0.35335025,-0.25025943,0.24075453,0.5546338,0.14610724,-0.18858886,-0.8713503,0.23231938,0.09994253,-0.38095862,0.13092867,0.39932543,-0.07032828,-0.20785747,-0.3167078,-0.14354706,-0.60283077,-0.34682116,0.095101774,0.043058373,0.08204339,-0.43124503,0.04974457,0.3822566,0.05757192,-0.24976249,1.1234673,0.24274287,0.45199174,0.043527987,-0.29156235,0.11568807,0.5275057,-0.722201,0.150364,-0.252381,-0.17235658,0.7187375,0.788339,0.13684085,-0.29550835,-0.007703072,0.06341548,-0.1400944,0.19608198,-0.16543671,0.033025503,0.56371313,-0.66296536,0.77064246,0.17304744,0.18662229,0.3420186,-0.14872219,-0.010320941,0.17416747,0.8209442,0.35985136,-0.46113592,0.21169785,0.37577328,0.08965654,0.15217276,0.026028514,-0.6642862,0.061550695,-0.44807157,-0.5384916,-0.031954575,-0.48523185,0.15067421,-0.23632812,0.15841508,0.31855604,-0.20287533,-0.5770241,0.16784036,-0.9618533,-0.07536226,-0.45660347,-0.344959,1.1034545,-0.70145464,-0.09940322,0.020119013,0.21298935,-0.18789077,1.2550658,0.22156298,0.5442642,-0.4820972,-0.103071325,0.49898404,-0.095856205,-0.33165574,-0.57532936,0.10299726,0.7739798,0.46291393,-0.3526687,0.2004694,0.33692485,0.39035425,0.014801143,1.08656,0.6362891,-0.4794639,-0.44151136,-0.3777657,0.17643078,-0.57467586,0.57476604,-0.4954945,0.97823066,-0.11097235,0.5093862,-0.2769427,-0.117043495,0.5832222,0.35872954,-0.14650281,0.19991861,-0.30004805,0.04951938,0.18310659,-0.055249028,0.06679443,0.05395656,0.18699726,-0.3833128,0.39178082,-0.013330353,-0.035088267,0.030778674,0.47945902,-0.21320753,-0.17317244,-0.37573096,0.073816024,0.015948655,0.6327289,-0.40172318,0.531825
AZD5438,-0.53557897,0.111961894,-0.67651397,0.068141416,-0.3068785,-0.4068586,-0.4466127,0.1848929,0.6862491,0.52387196,0.43149728,0.12159371,0.6824827,0.40838057,0.16571286,-0.054289147,0.7913164,-0.28680393,-0.050921936,-0.21022862,-0.27707455,-0.48344892,0.20238008,-0.300519,0.22484112,-0.12768449,-0.060952935,0.15998393,0.08312184,-0.48922315,0.27237466,0.18738689,0.23548387,-0.1699725,-0.3025474,-0.5016153,0.06511296,0.32510316,-0.44503498,0.24161485,0.058462467,-0.33959594,0.50443363,-0.41782337,-0.48362282,-0.07387975,-0.11799373,0.50978255,0.60508955,-0.5009401,0.51513124,-0.27104726,0.057397407,-0.57674557,0.2072129,0.50359833,-0.16525131,0.46050006,-0.44339916,0.25434723,0.5265811,-0.3800163,-0.16940895,-0.42897522,1.08875,-0.1591573,-0.06684083,0.016079616,0.6374591,-0.043642625,0.08070001,-0.6192344,-0.065336026,-0.051402904,-0.23705833,-0.27302286,0.020972494,-0.009497595,-0.55989176,-0.56922394,0.07269819,-0.08812098,-0.40622342,-0.18272337,-0.17688698,-0.2944852,0.2416311,-0.6087603,-0.23975107,0.46056315,0.14251792,0.14676422,-0.5249112,-0.2809138,0.15723234,-0.24699193,0.24913,0.53014207,0.44797394,0.061842997,0.26598975,-0.0012404675,-0.5294132,0.20747249,-0.3234286,-0.529028,-0.2881797,0.8971207,-0.13911024,-0.46042284,0.415251,-0.19925,-0.27951443,0.36024067,-0.25509074,0.24388003,0.5658985,0.14914294,-0.194864,-0.8954112,0.23994173,0.10335581,-0.39451736,0.13441238,0.40867916,-0.07255638,-0.21296786,-0.3259435,-0.14897427,-0.62140656,-0.35594812,0.10008706,0.045600913,0.08444035,-0.44319743,0.05051821,0.39232448,0.058639884,-0.25554487,1.1490554,0.24886815,0.46244287,0.043805,-0.30261967,0.11862226,0.5422377,-0.7352283,0.15451625,-0.25579426,-0.17688908,0.73348516,0.8039551,0.13500734,-0.3051174,-0.0022971246,0.065619014,-0.13933013,0.1974832,-0.17061347,0.034320887,0.5780197,-0.67933017,0.7888867,0.17559049,0.18950778,0.3471595,-0.15264603,-0.010154495,0.17797199,0.8459815,0.3688475,-0.4711533,0.22065426,0.3883252,0.09352415,0.15536807,0.025119873,-0.6810332,0.06257119,-0.46159384,-0.55275804,-0.03303895,-0.49718544,0.14991572,-0.2451739,0.16077822,0.32413816,-0.20969024,-0.5900248,0.17400312,-0.9853498,-0.07846363,-0.46763012,-0.35566613,1.1299146,-0.71917415,-0.10613894,0.014616943,0.21757361,-0.19169728,1.2838773,0.22198445,0.55916554,-0.49326542,-0.10819553,0.50975096,-0.09744854,-0.3410015,-0.5961594,0.100779094,0.79564,0.47656518,-0.3635696,0.20664957,0.34491906,0.3987281,0.015962275,1.1117326,0.653519,-0.4942474,-0.45082104,-0.38528678,0.1818161,-0.58418906,0.5852988,-0.50922924,1.000101,-0.11275029,0.5216531,-0.2870972,-0.11726238,0.6014796,0.36473134,-0.15207806,0.20532171,-0.30527118,0.054132048,0.18901473,-0.05359302,0.07027642,0.055351075,0.18956806,-0.3934997,0.40059832,-0.015034496,-0.03348845,0.030641327,0.49114355,-0.22209987,-0.17746475,-0.38744274,0.07498406,0.018207163,0.6475925,-0.4117748,0.54234207
AZD2014,-0.5077918,0.12606367,-0.63494045,0.06498196,-0.29420993,-0.3856409,-0.4239063,0.18202372,0.6495749,0.47323576,0.41678855,0.11248128,0.65514654,0.3911431,0.1617225,-0.062097725,0.74450594,-0.26514044,-0.072022766,-0.18967174,-0.25502706,-0.45717692,0.17336124,-0.27858195,0.23846757,-0.12373805,-0.0450283,0.15022397,0.05705914,-0.44178936,0.27018026,0.16511013,0.21703115,-0.153393,-0.27585727,-0.5085883,0.06618237,0.31561446,-0.42931715,0.22527863,0.051592633,-0.3311902,0.50376856,-0.4002674,-0.47127977,-0.07574835,-0.1345475,0.47559065,0.5690878,-0.46714863,0.5121614,-0.24877615,0.07379461,-0.5333758,0.20150244,0.49624622,-0.1226251,0.45787126,-0.4067559,0.23065715,0.5095646,-0.38056907,-0.15983649,-0.3952197,1.0310525,-0.16372995,-0.06301275,0.003486625,0.5899348,-0.046125203,0.08365522,-0.58892053,-0.08257683,-0.025910944,-0.24501728,-0.2674573,0.021714766,-0.0047580437,-0.5241718,-0.54241675,0.033889897,-0.08863102,-0.3688686,-0.1786265,-0.16088574,-0.26792845,0.22080423,-0.5748437,-0.23017317,0.43765992,0.15665846,0.15540653,-0.4995875,-0.25836605,0.1386983,-0.241303,0.22275469,0.50056726,0.41217113,0.06606773,0.24957345,-0.012743226,-0.49393362,0.22295627,-0.29833573,-0.49956518,-0.25968954,0.8238648,-0.13345993,-0.41508648,0.37577677,-0.17836511,-0.2559781,0.34288743,-0.25125483,0.24469249,0.5260191,0.13372675,-0.17279944,-0.8537399,0.2222338,0.08455664,-0.34792054,0.13669613,0.39377955,-0.08903779,-0.20551762,-0.30904537,-0.12666427,-0.58935696,-0.33246478,0.08071631,0.035836786,0.07812658,-0.41752267,0.024504317,0.383067,0.048490938,-0.2536989,1.0773236,0.2358305,0.4487786,0.044904545,-0.26309162,0.107301764,0.48717695,-0.6878183,0.14023757,-0.24358562,-0.16109385,0.69611543,0.75240856,0.13909057,-0.26735735,-0.017905664,0.05820948,-0.15393452,0.21095304,-0.1493789,0.020589812,0.5411366,-0.6485357,0.7516925,0.19717953,0.1890939,0.34144226,-0.13630927,-0.012053788,0.16642863,0.7783754,0.33316216,-0.43799838,0.21356772,0.3527965,0.0821849,0.13413459,0.032345593,-0.6308805,0.043308713,-0.42501703,-0.5147674,-0.040462594,-0.47107628,0.1478619,-0.2322649,0.1539166,0.3069576,-0.19505942,-0.5611753,0.13525133,-0.9212327,-0.07226129,-0.43339902,-0.32417196,1.0491061,-0.6772138,-0.08046603,0.012956878,0.18115547,-0.20255019,1.2168301,0.21621922,0.50635993,-0.45642665,-0.08424309,0.49741527,-0.09861131,-0.3144715,-0.52551126,0.10234226,0.74891865,0.4283448,-0.34584394,0.18709594,0.32505286,0.37892768,-0.013752998,1.0420326,0.6076984,-0.4753557,-0.43048924,-0.35727587,0.17639463,-0.5667386,0.5737103,-0.4761542,0.94478923,-0.13006234,0.4823581,-0.26239514,-0.10717851,0.5531267,0.35250047,-0.12941016,0.19332798,-0.3141925,0.04591825,0.17022978,-0.050743256,0.07056081,0.053054165,0.17995769,-0.35883114,0.3745264,-0.015547556,-0.032939084,0.06075186,0.4609273,-0.19795208,-0.18571025,-0.36955047,0.07613836,0.008650638,0.6259485,-0.38543263,0.53085774
AZD1208,-0.52487034,0.12025203,-0.6465495,0.064133115,-0.3062792,-0.40626323,-0.43273282,0.19577865,0.6772899,0.4937054,0.4305959,0.12196967,0.6753724,0.401562,0.16417511,-0.06162485,0.7701408,-0.27949536,-0.07439137,-0.20023243,-0.26679733,-0.47126642,0.18504818,-0.28414437,0.24163683,-0.12340123,-0.05020564,0.15446204,0.06504803,-0.4589438,0.27456686,0.17267969,0.22489227,-0.16069345,-0.29009482,-0.51463425,0.0591975,0.32463774,-0.44706443,0.23381118,0.048432026,-0.34277767,0.51728314,-0.4172145,-0.4845611,-0.07971738,-0.13424852,0.49910903,0.5884051,-0.4855084,0.52867746,-0.24959078,0.068261765,-0.5472405,0.21321099,0.50959516,-0.13698517,0.460801,-0.4160999,0.23869067,0.5269067,-0.38422215,-0.16247739,-0.41238612,1.0571866,-0.16623813,-0.06050973,0.0069235535,0.6120819,-0.04993639,0.08765333,-0.6121127,-0.084409535,-0.040161062,-0.25011513,-0.27305916,0.02364869,-0.0033693658,-0.54964215,-0.56418824,0.04191424,-0.0859659,-0.3785073,-0.18821296,-0.16405417,-0.28293443,0.23537838,-0.6041391,-0.23610939,0.4507425,0.16008689,0.1524374,-0.5108948,-0.26632294,0.14774527,-0.2476934,0.23238933,0.50992733,0.42515826,0.06579017,0.26254606,-0.012103485,-0.51151085,0.22958165,-0.3104872,-0.5220389,-0.26960418,0.85129684,-0.13902509,-0.4347557,0.3892483,-0.18461466,-0.26247716,0.35304162,-0.2603189,0.2483143,0.5397878,0.1378312,-0.1855497,-0.88743675,0.2321902,0.090732336,-0.37236556,0.14339875,0.4075251,-0.09486013,-0.21213251,-0.32377693,-0.136436,-0.61907834,-0.3456803,0.08816311,0.04232823,0.081314184,-0.43393674,0.023954365,0.39556643,0.04693174,-0.258952,1.111966,0.24316117,0.46491554,0.04835809,-0.28047785,0.11261177,0.504192,-0.7058644,0.1458429,-0.24823324,-0.16697763,0.71512884,0.77028763,0.13335529,-0.2817215,-0.008372866,0.06167781,-0.1531142,0.21026753,-0.1562092,0.022233708,0.5616748,-0.6708907,0.77768636,0.20206527,0.19232033,0.34615403,-0.14176986,-0.005213696,0.16983698,0.81708676,0.34519234,-0.4527685,0.23131429,0.36994404,0.087109156,0.13837335,0.030212678,-0.6566689,0.04880102,-0.44756398,-0.53518707,-0.042362068,-0.4866449,0.14451842,-0.24554318,0.15565689,0.31571108,-0.20358843,-0.57657844,0.14120907,-0.952208,-0.07348139,-0.44962367,-0.34107876,1.0859925,-0.706215,-0.08782035,0.00082926423,0.18610552,-0.2080867,1.2544417,0.21149282,0.5274959,-0.4732734,-0.09244877,0.5117202,-0.10472611,-0.3268034,-0.5575888,0.09920584,0.7789239,0.45041007,-0.36496004,0.19683075,0.33196512,0.3867769,-0.01201937,1.0769541,0.6324538,-0.49827063,-0.44583714,-0.3684993,0.1849975,-0.5805317,0.58444166,-0.49298054,0.97377753,-0.13294232,0.5028191,-0.2828461,-0.106417514,0.58026403,0.3566129,-0.1412819,0.20212527,-0.31834123,0.0561158,0.1774615,-0.047758847,0.07560654,0.056630738,0.18429764,-0.37326148,0.38810208,-0.02164282,-0.029889617,0.059492733,0.47489455,-0.21195489,-0.19313551,-0.38594425,0.07850122,0.011044812,0.6462239,-0.3999685,0.54354626
AZD1332,-0.53108644,0.10892602,-0.6696167,0.065780155,-0.30461156,-0.40379044,-0.44239223,0.18186581,0.6804676,0.5183905,0.4297169,0.120891586,0.67685235,0.403918,0.16460241,-0.05338097,0.7850017,-0.28624627,-0.05016991,-0.2090225,-0.27268672,-0.4788073,0.20004708,-0.29661366,0.22283697,-0.1270525,-0.06138745,0.15960684,0.08285694,-0.4858933,0.26761067,0.186564,0.2316601,-0.16619508,-0.30007306,-0.49851596,0.061496902,0.32412153,-0.44249865,0.23968035,0.055158064,-0.33686483,0.50359905,-0.4162601,-0.4819238,-0.072684355,-0.11560803,0.5070773,0.60046285,-0.49867415,0.51214176,-0.267412,0.055174436,-0.5721421,0.20941217,0.49870676,-0.16228317,0.45388773,-0.43902773,0.24926946,0.52368224,-0.37711564,-0.16993292,-0.42851993,1.0762529,-0.15647098,-0.064834654,0.016350692,0.6296597,-0.04363745,0.0805909,-0.61342406,-0.06997248,-0.05136554,-0.23619874,-0.27154854,0.022737784,-0.0074624917,-0.5552002,-0.5641618,0.07030952,-0.08624595,-0.40181968,-0.18128416,-0.17487442,-0.29034498,0.2398852,-0.60602534,-0.23934013,0.45464864,0.14281869,0.14494321,-0.5197172,-0.28088376,0.15928246,-0.24424836,0.24774572,0.5236686,0.444761,0.061655328,0.26415354,-0.0023606601,-0.5247205,0.209233,-0.32042673,-0.52745926,-0.28429142,0.8895068,-0.13724054,-0.4570829,0.40966707,-0.19816929,-0.2768977,0.3576486,-0.25415868,0.24192476,0.56102586,0.14711331,-0.19558915,-0.8870043,0.23695244,0.10275789,-0.39349225,0.13488738,0.40570235,-0.07458962,-0.2118544,-0.32366616,-0.1493277,-0.61719173,-0.35363695,0.09866136,0.046168175,0.08439455,-0.4387344,0.049124077,0.38871634,0.056135688,-0.25195655,1.1387217,0.24562833,0.459204,0.04600508,-0.29990616,0.11879627,0.53359777,-0.73064154,0.15310913,-0.25458005,-0.17505601,0.72701406,0.7956837,0.13330132,-0.3023792,-0.0031328527,0.06603642,-0.1401302,0.19546455,-0.16858819,0.033393923,0.5727342,-0.67528385,0.78299797,0.17553534,0.18836148,0.34368852,-0.15097393,-0.0060078674,0.17485625,0.84064645,0.3653925,-0.46791294,0.22159758,0.38315073,0.092030615,0.15437104,0.026509015,-0.677342,0.06557475,-0.4597138,-0.54745966,-0.033752505,-0.4930389,0.1485966,-0.24456151,0.15880242,0.32157052,-0.20703344,-0.5845736,0.1706542,-0.97580314,-0.07536321,-0.463958,-0.35350183,1.1205157,-0.7158075,-0.10332311,0.01168533,0.21431963,-0.19117229,1.2728484,0.21872175,0.55395985,-0.4905288,-0.106425434,0.5052695,-0.099412866,-0.3363992,-0.5905953,0.10040477,0.7881528,0.47368428,-0.3625629,0.2056614,0.33879292,0.39301124,0.015066024,1.1031885,0.6480336,-0.4899864,-0.44928774,-0.3829653,0.18114099,-0.58164006,0.5797251,-0.5036332,0.99156106,-0.112870805,0.518895,-0.28919092,-0.11603215,0.5960431,0.3602944,-0.15223664,0.20369942,-0.30198097,0.05577352,0.18616655,-0.054044213,0.06943599,0.05628368,0.18917806,-0.39025497,0.39793438,-0.017173385,-0.033293396,0.030807082,0.48545367,-0.2205533,-0.17710467,-0.38405615,0.0755488,0.017598433,0.64248264,-0.4083645,0.53740686
SN-38,-0.5074329,0.1319719,-0.64679164,0.069230616,-0.28980964,-0.37713605,-0.4304997,0.17216815,0.6432941,0.47563404,0.41215292,0.10756472,0.65432763,0.3940741,0.16297583,-0.06261637,0.7454037,-0.2618328,-0.066377975,-0.18756677,-0.25279197,-0.45902514,0.17251164,-0.28349406,0.23366955,-0.12770341,-0.045128122,0.15198621,0.054925334,-0.44520184,0.2690045,0.16684285,0.21766093,-0.15647437,-0.2747607,-0.5115772,0.07503013,0.31203017,-0.4208472,0.22424299,0.05862708,-0.32408524,0.49993804,-0.39258257,-0.4694923,-0.07362258,-0.13500889,0.46990025,0.5703354,-0.46408945,0.5071988,-0.2601293,0.07837272,-0.54194,0.19498342,0.4928797,-0.12011253,0.46840283,-0.41542313,0.23439355,0.50701624,-0.3842916,-0.16169548,-0.39278212,1.0417441,-0.16263561,-0.07042783,0.0044539357,0.59204113,-0.04335266,0.082102746,-0.5840784,-0.07557311,-0.017058972,-0.24074242,-0.26758233,0.019924436,-0.009241474,-0.5177082,-0.53705406,0.039973125,-0.09575398,-0.3792221,-0.1733478,-0.16612114,-0.26535442,0.2148147,-0.5644694,-0.23153108,0.4413081,0.15248337,0.15839231,-0.5062119,-0.26136065,0.13621001,-0.2406516,0.22289519,0.51178956,0.4185772,0.06465832,0.24384317,-0.009087894,-0.4975682,0.2153935,-0.29732728,-0.49174175,-0.2636426,0.8326514,-0.13073485,-0.4153287,0.38154566,-0.18104392,-0.26319098,0.34373525,-0.24677709,0.24569465,0.534041,0.13698263,-0.16804054,-0.84596145,0.2186369,0.084392555,-0.3393818,0.1312775,0.39032224,-0.07868955,-0.20468606,-0.30313024,-0.12462208,-0.5776769,-0.33190516,0.07817043,0.031741943,0.07775629,-0.41449937,0.032922395,0.38238856,0.054973654,-0.25312388,1.0836016,0.23829463,0.4433422,0.04188752,-0.25810516,0.105897956,0.49650174,-0.69443554,0.14158636,-0.24783051,-0.16053848,0.69939,0.76390713,0.14695293,-0.26709786,-0.024861038,0.05832838,-0.15332472,0.2125404,-0.15188605,0.023454819,0.5390082,-0.64565086,0.75049084,0.1876134,0.18957373,0.34513563,-0.1366858,-0.019988332,0.16794668,0.7699343,0.3350738,-0.4417519,0.19879068,0.35145524,0.0825109,0.13710533,0.03336742,-0.63052696,0.04071259,-0.41875833,-0.51194507,-0.03633101,-0.47216615,0.15582612,-0.22318096,0.16029505,0.30943316,-0.19484133,-0.5640467,0.14221048,-0.92425,-0.07661314,-0.43405786,-0.32144225,1.0530851,-0.6741962,-0.0807133,0.029314881,0.1898443,-0.19504535,1.2239561,0.23023227,0.5106572,-0.45766962,-0.08298624,0.49609324,-0.094538406,-0.3150162,-0.52156883,0.108606845,0.7447999,0.42502445,-0.33463162,0.1859739,0.33158246,0.38671452,-0.007838814,1.0465637,0.6054699,-0.46399376,-0.42763722,-0.35987508,0.17476037,-0.5701079,0.57859284,-0.4768307,0.9503383,-0.12381664,0.48223716,-0.24936673,-0.112846196,0.5492805,0.36090618,-0.12566552,0.19065718,-0.31406218,0.03702517,0.17089029,-0.054941613,0.06429758,0.050589602,0.18255298,-0.3600605,0.37462372,-0.008836092,-0.038604304,0.056250148,0.46522328,-0.1937312,-0.1797326,-0.3650791,0.07225836,0.009890703,0.62192196,-0.38306257,0.53156286
Bicalutamide,-0.54998386,0.10118545,-0.6634257,0.060631584,-0.32287824,-0.43666953,-0.4433426,0.21224588,0.7178377,0.5285296,0.45103347,0.13839774,0.69898105,0.41506073,0.16852058,-0.054364413,0.80937916,-0.30316707,-0.07131754,-0.21771368,-0.2842952,-0.49255726,0.20741618,-0.29022086,0.2379521,-0.12089557,-0.065427914,0.1609177,0.08402152,-0.48761743,0.27528286,0.1875417,0.2338486,-0.17119229,-0.31416798,-0.5148206,0.043195937,0.33562243,-0.47270957,0.24870475,0.041918546,-0.3580994,0.5352232,-0.44668207,-0.50152266,-0.08041474,-0.12847792,0.5378244,0.62269044,-0.51434934,0.5461346,-0.2486076,0.053157523,-0.57014966,0.23257427,0.5242075,-0.16635913,0.4543137,-0.43476516,0.25067672,0.55494845,-0.3820814,-0.16525179,-0.4443762,1.0918589,-0.16618529,-0.052740175,0.012644852,0.64572954,-0.05264524,0.0936474,-0.6466606,-0.08311664,-0.06828454,-0.25310716,-0.27839923,0.029457832,0.0017588951,-0.59054947,-0.59748054,0.060934808,-0.07920721,-0.39445806,-0.19954789,-0.16919094,-0.30870926,0.25628245,-0.65083945,-0.24457808,0.46985772,0.1590981,0.14219204,-0.5258904,-0.28578627,0.16774406,-0.25325102,0.24778837,0.52313215,0.44608212,0.06445339,0.28356808,-0.007703658,-0.53656256,0.23570077,-0.32945156,-0.5620612,-0.28481668,0.8964619,-0.14619984,-0.46798462,0.40941167,-0.19802947,-0.2742661,0.3700355,-0.27601016,0.25034383,0.560926,0.14715849,-0.2097185,-0.938203,0.24970481,0.105373405,-0.4216226,0.15511724,0.4275981,-0.10021106,-0.22075355,-0.34903076,-0.15515769,-0.66639435,-0.36792177,0.102657445,0.054968443,0.08552059,-0.45680177,0.027846765,0.40907347,0.046184257,-0.26378518,1.1669142,0.25194404,0.48877114,0.057169415,-0.31435406,0.1211779,0.53328484,-0.7352796,0.1520046,-0.25617972,-0.17927778,0.7393966,0.7962583,0.12180598,-0.30870748,0.011179972,0.068119384,-0.14740191,0.2005987,-0.16843821,0.026668722,0.5939143,-0.702674,0.8166425,0.20198041,0.19383638,0.3504365,-0.1487545,0.011465824,0.17669503,0.8850831,0.3682285,-0.47719556,0.25929826,0.39730072,0.096174076,0.14710143,0.025998553,-0.6979507,0.06482293,-0.4850293,-0.5692696,-0.044544425,-0.50781053,0.13813406,-0.26725608,0.15354782,0.33026904,-0.21227434,-0.59496355,0.15384442,-0.99897814,-0.0712364,-0.47860503,-0.37038383,1.146559,-0.7532761,-0.101937406,-0.02242648,0.19757521,-0.2130765,1.3070883,0.20017819,0.5640344,-0.498312,-0.110257894,0.5310725,-0.115497924,-0.34484553,-0.61448056,0.09387147,0.8257931,0.48912695,-0.39659393,0.21619298,0.3380646,0.39392,-0.00096431037,1.132074,0.67228127,-0.5313081,-0.46710727,-0.38689208,0.19283332,-0.597752,0.5963719,-0.5181175,1.0136425,-0.13209797,0.5372137,-0.32168317,-0.103059895,0.62713987,0.35641184,-0.16335453,0.2146923,-0.3189641,0.07683925,0.19043541,-0.045069136,0.07914562,0.06798725,0.1944585,-0.39622062,0.40998307,-0.035603955,-0.024612702,0.047363568,0.4967923,-0.23671016,-0.19896036,-0.407295,0.08436772,0.0167702,0.6742628,-0.42448577,0.55843675
Ruxolitinib,-0.5020445,0.1298372,-0.6444362,0.06866437,-0.28680655,-0.37316495,-0.42683983,0.16923459,0.6369184,0.47594464,0.4079307,0.10433533,0.6497234,0.38774705,0.15972953,-0.06198793,0.7386187,-0.2598538,-0.05891323,-0.18895328,-0.25340426,-0.4540533,0.17324,-0.2856834,0.23048802,-0.12792441,-0.04314536,0.15018597,0.059392806,-0.4475081,0.26894504,0.16775276,0.21966663,-0.15372077,-0.27304286,-0.49850965,0.07571206,0.3112991,-0.41765338,0.2220973,0.05965212,-0.3233448,0.48612842,-0.3873497,-0.4634405,-0.07284402,-0.12560919,0.4645609,0.56135243,-0.4650366,0.4967305,-0.2617676,0.0727655,-0.5393615,0.18948269,0.4860363,-0.12740396,0.45875892,-0.41271847,0.2341461,0.49441975,-0.37857577,-0.16406117,-0.39046815,1.0322257,-0.15858576,-0.07018268,0.0075779245,0.58961767,-0.042163495,0.075579055,-0.5767635,-0.0736243,-0.021295976,-0.23627704,-0.26546046,0.016731847,-0.011285243,-0.5122853,-0.5293924,0.043747276,-0.091619946,-0.37777367,-0.17159928,-0.16617809,-0.26241136,0.21767417,-0.5570701,-0.22775269,0.43264338,0.1468164,0.15550952,-0.4999444,-0.2567232,0.13590106,-0.23803844,0.22785553,0.5042385,0.4161057,0.06465097,0.24347095,-0.009481804,-0.49310908,0.20696826,-0.29855773,-0.4846061,-0.26354375,0.83074796,-0.1314721,-0.4167706,0.38218686,-0.17950478,-0.25956568,0.33832455,-0.24058592,0.24035935,0.530754,0.1356467,-0.1685913,-0.83414817,0.21829961,0.08457838,-0.33916253,0.12524575,0.38451344,-0.07423366,-0.20175606,-0.29815978,-0.12656042,-0.56986046,-0.32763758,0.08183961,0.033308364,0.07840764,-0.41371465,0.037759714,0.37472534,0.05403044,-0.24899499,1.0726372,0.23451664,0.43628395,0.03729552,-0.26126558,0.108070984,0.49585968,-0.6911098,0.14387712,-0.24348144,-0.16021088,0.69666946,0.75917727,0.1436636,-0.26949808,-0.022852777,0.058028683,-0.14803936,0.20757797,-0.15262666,0.02570649,0.5365458,-0.6395199,0.73968893,0.1825515,0.18621317,0.33840874,-0.14121623,-0.022021133,0.16672517,0.7645098,0.3368065,-0.4374169,0.19644211,0.3520744,0.081347376,0.14053188,0.031163473,-0.6276735,0.045092545,-0.4174883,-0.5094232,-0.034419462,-0.46756545,0.15286689,-0.2223513,0.15786864,0.3039615,-0.19636254,-0.5611577,0.14926459,-0.91961265,-0.075853,-0.43031362,-0.31957617,1.0468855,-0.66355574,-0.08528951,0.030832602,0.19430637,-0.19025691,1.2091709,0.22529162,0.50875795,-0.45850912,-0.08637742,0.4857948,-0.08918644,-0.31479812,-0.52388656,0.104869574,0.7367903,0.42761794,-0.33141565,0.18312384,0.32957083,0.38152418,-0.0022464492,1.0361828,0.60259306,-0.45844567,-0.42485914,-0.35902599,0.1721786,-0.5604803,0.56579655,-0.47423416,0.9424489,-0.11873774,0.47846308,-0.24819908,-0.11610452,0.5434666,0.3569269,-0.12731889,0.19075601,-0.30372858,0.03591101,0.1710598,-0.054559994,0.06733851,0.045370117,0.17656793,-0.36106205,0.37224132,-0.004724123,-0.036501348,0.04947327,0.45858765,-0.19260153,-0.17439471,-0.36157927,0.070244856,0.010167549,0.6132495,-0.3809163,0.5222121
Linsitinib,-0.49702626,0.14028595,-0.6594625,0.07483969,-0.27885038,-0.35551447,-0.43393114,0.15265623,0.6210557,0.47662005,0.396703,0.09440032,0.64464146,0.38873506,0.1581569,-0.06429487,0.7329661,-0.25049183,-0.046778057,-0.18395463,-0.2521676,-0.4528271,0.17140861,-0.29540315,0.22296762,-0.13385165,-0.040539097,0.15125799,0.05832889,-0.45203412,0.27000365,0.16787983,0.22301003,-0.15552346,-0.26672834,-0.49519163,0.09381543,0.3064871,-0.40051192,0.21978687,0.07393105,-0.31258678,0.468553,-0.3683214,-0.4540329,-0.06921902,-0.12199687,0.44961986,0.5540776,-0.45888725,0.48116913,-0.27954894,0.07803954,-0.54943556,0.17339173,0.4766779,-0.12673552,0.47072688,-0.42346013,0.24095863,0.48003367,-0.37982264,-0.16659945,-0.3818768,1.0413998,-0.15661219,-0.081519045,0.01031667,0.59039325,-0.036565986,0.0691548,-0.56425095,-0.059534196,-0.010172753,-0.22746961,-0.26417693,0.0103237815,-0.020636385,-0.4954287,-0.5144456,0.05167336,-0.09980462,-0.38929132,-0.16170889,-0.17330666,-0.25680888,0.2080698,-0.53282493,-0.22589768,0.4326486,0.13677515,0.16097105,-0.5043998,-0.25445178,0.12784223,-0.23728448,0.22856025,0.51539356,0.42055428,0.06254334,0.23221657,-0.004512506,-0.49381995,0.18916562,-0.29703122,-0.46498346,-0.27001348,0.837745,-0.12696695,-0.4142426,0.39008406,-0.18280861,-0.26680166,0.335141,-0.22745988,0.23913,0.53973055,0.13897258,-0.15740764,-0.81369597,0.21301661,0.08394993,-0.32078972,0.1116018,0.37647676,-0.055427857,-0.19789353,-0.2850996,-0.121724986,-0.54381,-0.32276022,0.080858245,0.027198907,0.07808361,-0.4082621,0.053568948,0.36771256,0.06446956,-0.24525294,1.0713768,0.23614942,0.42233709,0.028200183,-0.25439492,0.10604611,0.508008,-0.69660044,0.14610477,-0.24555315,-0.15994966,0.6989252,0.7717419,0.15481351,-0.2676975,-0.032240182,0.056209806,-0.14300904,0.20861182,-0.15524857,0.031269133,0.53073883,-0.6279927,0.7277778,0.16603436,0.18589032,0.34073216,-0.14404647,-0.03893643,0.1704532,0.7425706,0.33827844,-0.4370179,0.16937709,0.3492467,0.08027521,0.14619611,0.028178878,-0.6200882,0.040941797,-0.40501776,-0.503093,-0.024986587,-0.46467447,0.16214393,-0.20741828,0.16610211,0.3045022,-0.19697665,-0.5625412,0.16454433,-0.91837746,-0.08324269,-0.4266443,-0.31241283,1.0446241,-0.6452954,-0.088549644,0.059192184,0.21038485,-0.17668442,1.2059832,0.24446706,0.51003444,-0.4589475,-0.08501823,0.4773541,-0.07677678,-0.3164785,-0.5146059,0.11091323,0.7224097,0.42127812,-0.30992123,0.1774719,0.33924183,0.39097452,0.009382248,1.0318643,0.5951044,-0.43866727,-0.4178145,-0.36105865,0.16650587,-0.55583024,0.56457937,-0.4728095,0.9414625,-0.10712386,0.47178692,-0.22340693,-0.125977,0.5317604,0.36654723,-0.11950385,0.18573676,-0.29991218,0.019696338,0.17217109,-0.06026453,0.06150587,0.036967058,0.17488392,-0.3622233,0.36953053,0.01059488,-0.04309081,0.039366856,0.459873,-0.184093,-0.16139637,-0.3518323,0.06361511,0.010192635,0.60166186,-0.3751891,0.5177417
Epirubicin,-0.5163352,0.122710936,-0.6287638,0.0628111,-0.3031782,-0.4026877,-0.42207396,0.19717556,0.6677629,0.4741439,0.42811987,0.120235495,0.6649379,0.39513212,0.16422774,-0.06245101,0.7552883,-0.27376726,-0.08597069,-0.19351609,-0.25574327,-0.46225953,0.1736811,-0.27072015,0.24640778,-0.121270604,-0.046325862,0.15084006,0.054004133,-0.43955782,0.27122974,0.1655582,0.21482873,-0.15512735,-0.28173423,-0.5219434,0.053272992,0.32021934,-0.44482252,0.22751221,0.039975986,-0.34065825,0.52657527,-0.41798532,-0.4846173,-0.080571525,-0.14348967,0.48986048,0.5788325,-0.4738247,0.5340335,-0.237691,0.07440135,-0.5293897,0.21740466,0.51008224,-0.11786875,0.45810127,-0.4006389,0.22615539,0.5279651,-0.3865729,-0.1597052,-0.40438482,1.0350263,-0.16707855,-0.056476746,0.00063470734,0.59216785,-0.05245292,0.091319695,-0.602497,-0.09591183,-0.029975258,-0.25647292,-0.27242494,0.027690396,0.001701645,-0.5412583,-0.559071,0.026272407,-0.085055254,-0.36421826,-0.18831931,-0.15717864,-0.27300066,0.22907948,-0.59876776,-0.23418994,0.44274652,0.16891707,0.15460102,-0.502262,-0.26207897,0.1450426,-0.24466182,0.22149673,0.49739128,0.4119687,0.06835232,0.26009437,-0.018207984,-0.49861887,0.24166955,-0.30052128,-0.51832396,-0.2563481,0.8235794,-0.13774793,-0.41931862,0.3725453,-0.17538185,-0.25358486,0.34821618,-0.26444647,0.25021365,0.5234622,0.13126813,-0.18058145,-0.87639195,0.22568904,0.08392397,-0.3595095,0.1498035,0.40387118,-0.10527491,-0.21109307,-0.3209874,-0.12980862,-0.6146938,-0.33934766,0.07851157,0.039719794,0.07790686,-0.42481208,0.009299346,0.39500585,0.040254977,-0.26043427,1.0877098,0.2382356,0.4644877,0.053638745,-0.2650908,0.108716086,0.48035675,-0.6883345,0.1392331,-0.24548626,-0.15920703,0.70048034,0.7493394,0.1343844,-0.26737544,-0.014046475,0.061079588,-0.16277161,0.21574664,-0.14753358,0.015936056,0.54818225,-0.6632934,0.76988643,0.21374223,0.19236785,0.34501,-0.13375063,0.00046152202,0.16404599,0.798398,0.33205447,-0.44246757,0.23521093,0.35546473,0.08414537,0.1281123,0.03773238,-0.64153093,0.04275999,-0.4356103,-0.5213217,-0.049066484,-0.47771865,0.1435708,-0.24330403,0.1520434,0.31052098,-0.1964745,-0.5655411,0.12042015,-0.92945415,-0.06778278,-0.43935463,-0.33136123,1.0587517,-0.7002837,-0.07498306,-0.006658417,0.16776463,-0.21526833,1.2344084,0.207049,0.5090468,-0.45812112,-0.08334692,0.51098377,-0.110482916,-0.31407613,-0.53234893,0.100895435,0.7658087,0.43219995,-0.36401543,0.19270287,0.32158965,0.37735605,-0.026904324,1.0551112,0.61656404,-0.49335855,-0.43912703,-0.3581252,0.18579805,-0.5796382,0.58384174,-0.48026815,0.95601624,-0.14279015,0.49243462,-0.28011307,-0.10038814,0.5652154,0.35140342,-0.1351633,0.1973985,-0.32340854,0.05752267,0.1698806,-0.046481844,0.07398485,0.05932462,0.18343589,-0.35923162,0.37993765,-0.027456602,-0.02918289,0.07412132,0.4651857,-0.20407903,-0.19913517,-0.38025475,0.08008413,0.008793224,0.64205784,-0.39195734,0.54146534
Cyclophosphamide,-0.6628724,0.056765717,-0.7138068,0.04689544,-0.4212574,-0.5876604,-0.49250388,0.3246661,0.9181469,0.63702476,0.5551311,0.21130313,0.82534,0.48766404,0.18838052,-0.04364941,0.9823321,-0.3970773,-0.11191308,-0.27759677,-0.3548388,-0.58478135,0.27814004,-0.3137574,0.27667245,-0.108131565,-0.101959445,0.1935141,0.12701038,-0.5836404,0.31202373,0.21813896,0.2839344,-0.21303579,-0.39744243,-0.57546437,-0.0142804,0.40092406,-0.6005784,0.30577898,0.010217404,-0.44319385,0.6412634,-0.57371914,-0.59670705,-0.116319336,-0.14309986,0.6844813,0.7509925,-0.6211135,0.6676685,-0.23864298,0.026355887,-0.6421372,0.31971666,0.61847955,-0.23964238,0.47685093,-0.4758284,0.28848815,0.6840018,-0.41416642,-0.17139597,-0.5533017,1.2483904,-0.1945558,-0.029457957,0.015942434,0.7696939,-0.07765071,0.1322965,-0.80578935,-0.11090551,-0.16081516,-0.29878289,-0.31160823,0.043161225,0.021055851,-0.75671655,-0.764414,0.09422729,-0.05372509,-0.43623763,-0.26115814,-0.17575665,-0.4088847,0.34883657,-0.85667896,-0.27799293,0.55956334,0.1958877,0.13180326,-0.5923503,-0.3339794,0.22838028,-0.3053136,0.28676537,0.57269484,0.51103956,0.060638875,0.36780792,-0.005731503,-0.64047617,0.31690606,-0.3962459,-0.72503597,-0.34258392,1.043459,-0.17572209,-0.58393085,0.4820833,-0.2402663,-0.30909994,0.43541914,-0.34029692,0.2782402,0.63693774,0.16216056,-0.28945225,-1.1760684,0.3184216,0.14308225,-0.58387136,0.21856835,0.5276659,-0.16321361,-0.27132753,-0.45378843,-0.2139108,-0.8755287,-0.4606208,0.14503251,0.09102497,0.11111329,-0.56152886,0.0020561945,0.50882256,0.032671873,-0.31337172,1.3790369,0.29557925,0.6017783,0.091280736,-0.4230942,0.14731573,0.61858183,-0.83286965,0.17749676,-0.28273264,-0.22450492,0.8518594,0.8941237,0.07954069,-0.3906471,0.07922838,0.09242719,-0.14993702,0.20383099,-0.19885458,0.027101202,0.7214864,-0.8653368,0.9865189,0.25275427,0.21677276,0.38186002,-0.17005603,0.05921628,0.19882087,1.149965,0.43948045,-0.56401336,0.3951169,0.5024759,0.13233414,0.1639981,0.022851532,-0.8548752,0.0945425,-0.63263863,-0.7021952,-0.07615335,-0.6121715,0.108910866,-0.3792005,0.15767857,0.37798938,-0.26381806,-0.69728667,0.17673387,-1.1889066,-0.07206018,-0.5832051,-0.48295328,1.3743944,-0.9418548,-0.15214264,-0.13585444,0.2016176,-0.27547914,1.5517992,0.15975238,0.6851843,-0.5992428,-0.15246053,0.6356932,-0.16096306,-0.41387066,-0.8060832,0.060246114,1.031361,0.61790186,-0.53454643,0.2836831,0.37579325,0.43242368,-0.0121167125,1.3604925,0.8397884,-0.69242275,-0.5694353,-0.44842893,0.2469144,-0.6882215,0.6825934,-0.6329576,1.1903858,-0.17169715,0.6578886,-0.47854957,-0.0740999,0.8075276,0.381986,-0.22556789,0.26943925,-0.37331527,0.16853686,0.23507464,-0.026296182,0.11089347,0.1053635,0.22595394,-0.47664648,0.49413463,-0.091584966,0.007098611,0.06470298,0.58796513,-0.33101028,-0.25871137,-0.5208611,0.1100788,0.03749689,0.82281417,-0.52088207,0.65493184
Pevonedistat,-0.54080963,0.121390074,-0.66778624,0.06722572,-0.3155254,-0.41856796,-0.44565594,0.20105211,0.6988007,0.51197946,0.44217616,0.12506777,0.6932935,0.4127092,0.16884694,-0.06053851,0.79522365,-0.28784537,-0.0729713,-0.20754163,-0.27470624,-0.4857189,0.19323139,-0.29353833,0.24440436,-0.1270045,-0.05302872,0.15989989,0.0696868,-0.476486,0.281989,0.17943694,0.23380308,-0.16785294,-0.29993856,-0.5261266,0.060939327,0.33187494,-0.45847887,0.2407856,0.05060799,-0.35084373,0.5285585,-0.4293424,-0.4975365,-0.0817054,-0.13554063,0.5124317,0.6061584,-0.49966177,0.5405974,-0.261162,0.068652965,-0.5657932,0.21781775,0.5218937,-0.14542006,0.47274625,-0.4301785,0.2470824,0.5403044,-0.3945381,-0.16825102,-0.42640007,1.0910461,-0.16929224,-0.06367956,0.007508661,0.6313067,-0.05008592,0.08832863,-0.62852275,-0.0831328,-0.04322214,-0.25426373,-0.27976626,0.023101555,-0.0052028797,-0.566051,-0.58199227,0.050510336,-0.08778096,-0.394288,-0.19203413,-0.17040808,-0.29219946,0.2441617,-0.6216509,-0.24191181,0.46464297,0.16091082,0.15534474,-0.52657276,-0.27580658,0.15370153,-0.25467166,0.24120723,0.5263307,0.43975487,0.065950885,0.2713949,-0.0104088485,-0.5282266,0.23269224,-0.32032153,-0.5374342,-0.28075498,0.8818297,-0.14265357,-0.4520667,0.40553346,-0.1911908,-0.27240628,0.36222297,-0.26545548,0.25358418,0.5583114,0.1421272,-0.19178993,-0.91177326,0.2398247,0.09512946,-0.386364,0.14602041,0.41771108,-0.09300976,-0.21860611,-0.33227903,-0.14297062,-0.636671,-0.3570131,0.09235892,0.043819346,0.08414016,-0.44750765,0.02889749,0.40676954,0.05005487,-0.2673206,1.1474928,0.25043845,0.4760735,0.04903533,-0.29145658,0.11599348,0.52479583,-0.72822684,0.1513419,-0.25576848,-0.1722968,0.73680717,0.79664,0.1368786,-0.2935264,-0.007037491,0.065449424,-0.1546482,0.21329314,-0.16295461,0.025158104,0.57852507,-0.69155115,0.8002339,0.20182672,0.1960879,0.35457313,-0.14741533,-0.006944712,0.17543405,0.84533095,0.35948575,-0.46770853,0.23626807,0.3832372,0.09159595,0.14480442,0.03250827,-0.6787658,0.051796447,-0.46137592,-0.551707,-0.044079375,-0.5015967,0.14910975,-0.25332555,0.16110036,0.32328138,-0.2109602,-0.5953472,0.15189078,-0.98385286,-0.07628307,-0.46507096,-0.35351136,1.1230601,-0.72816074,-0.09525328,0.0013832647,0.19580513,-0.21068992,1.2945018,0.21891233,0.5479748,-0.48893124,-0.098020695,0.52430964,-0.10537978,-0.3365007,-0.57983935,0.10084301,0.8037247,0.46652314,-0.37446126,0.2048166,0.34376806,0.3985616,-0.00755634,1.1123744,0.653394,-0.5091747,-0.45730615,-0.38045794,0.19045743,-0.59673375,0.6006926,-0.5102844,1.00489,-0.1333587,0.519507,-0.29180196,-0.11052144,0.5997248,0.36877006,-0.14642724,0.20714934,-0.32424197,0.058832653,0.18478689,-0.049888298,0.07589545,0.057317007,0.18954709,-0.38661188,0.40072244,-0.021329043,-0.030441545,0.05675722,0.49109712,-0.2198629,-0.19429335,-0.39679253,0.07859941,0.014800944,0.66422266,-0.4127467,0.55710846
Sapitinib,-0.52827954,0.11366826,-0.6546121,0.063893564,-0.3074112,-0.408249,-0.43641376,0.19227174,0.6816968,0.503659,0.43235874,0.12326439,0.67651963,0.40313813,0.16470492,-0.05778347,0.77802694,-0.28448763,-0.06596572,-0.20470259,-0.2691223,-0.47502923,0.19069377,-0.28765392,0.23488371,-0.12425847,-0.05613046,0.15709661,0.072347045,-0.4698431,0.27133203,0.17873842,0.22640868,-0.1629011,-0.29562414,-0.5090852,0.056110572,0.32464683,-0.44886523,0.23636007,0.04871932,-0.3422262,0.51456684,-0.42103413,-0.48667103,-0.07740572,-0.12664591,0.50435966,0.5954977,-0.4922149,0.5245021,-0.25459898,0.061425447,-0.55573815,0.21525866,0.5071116,-0.14688595,0.45679852,-0.4242698,0.24210659,0.5287556,-0.3810561,-0.16548045,-0.42136475,1.0636104,-0.16190328,-0.061066158,0.010554916,0.61835575,-0.04832627,0.086348526,-0.6148551,-0.08134675,-0.04619147,-0.24591175,-0.27293414,0.024088366,-0.0034859162,-0.5553152,-0.5673035,0.052867785,-0.084624074,-0.38686827,-0.18654656,-0.16763356,-0.2867022,0.23824055,-0.609525,-0.23700246,0.45197105,0.15436518,0.14839281,-0.5145065,-0.27366698,0.15548037,-0.24569346,0.2380341,0.5142638,0.43306658,0.064316586,0.2646219,-0.008858008,-0.51715815,0.22467896,-0.31496578,-0.5273444,-0.27418527,0.86654294,-0.13878815,-0.44523165,0.3962224,-0.1903958,-0.2682375,0.35557157,-0.26043174,0.24599145,0.54686624,0.14186218,-0.19238414,-0.89070946,0.23406926,0.09535505,-0.38471138,0.14286847,0.40800363,-0.09030566,-0.21251337,-0.32531786,-0.14293994,-0.62315845,-0.35035104,0.09245412,0.045283865,0.082533084,-0.4367987,0.031168545,0.39443794,0.04904816,-0.2570124,1.1235267,0.24408107,0.46570715,0.049324196,-0.28909364,0.115914345,0.5149671,-0.71551144,0.14876094,-0.25133848,-0.17019057,0.7198813,0.7787273,0.1312476,-0.2908431,-0.005619477,0.06472742,-0.14921443,0.20485416,-0.16101936,0.026142262,0.56756485,-0.6763308,0.7824534,0.19345272,0.19082746,0.34505934,-0.1452175,-0.002537515,0.17139506,0.8313194,0.35388294,-0.45994258,0.23167348,0.37584275,0.08947352,0.14395013,0.03060792,-0.66719997,0.057614833,-0.45523566,-0.54160833,-0.040908,-0.49064648,0.14559889,-0.24746375,0.15577903,0.31797403,-0.20466627,-0.5805549,0.15105914,-0.96280575,-0.07261111,-0.45691803,-0.3467389,1.1017096,-0.71434224,-0.093926676,0.00041617927,0.19522025,-0.20349771,1.2641389,0.21186602,0.5397095,-0.48122168,-0.0989397,0.51061845,-0.105012774,-0.3303368,-0.572621,0.09916173,0.7843359,0.460686,-0.36762434,0.20134108,0.3331713,0.3875223,-0.0018092471,1.0898877,0.64126736,-0.4970866,-0.44925618,-0.37502176,0.18371215,-0.5826349,0.58312243,-0.4983616,0.982201,-0.12634353,0.5113401,-0.29036674,-0.10839478,0.5882441,0.35767972,-0.14721335,0.20387188,-0.31231397,0.059784014,0.18145828,-0.050261233,0.073016025,0.059018433,0.18676543,-0.37991467,0.39332283,-0.022069294,-0.029689822,0.049478352,0.47856972,-0.21654575,-0.18867786,-0.3865178,0.0787529,0.014344129,0.6469224,-0.40402314,0.54341155
Uprosertib,-0.5540424,0.10314185,-0.68537325,0.06448418,-0.3213487,-0.4294131,-0.4555843,0.19928911,0.716672,0.5422227,0.4493689,0.13336611,0.70321214,0.4186883,0.16890766,-0.053678125,0.81928384,-0.30425268,-0.05541646,-0.2210797,-0.2867735,-0.49774668,0.21244845,-0.3035585,0.22922225,-0.12758411,-0.067818835,0.16673473,0.09065606,-0.50654453,0.27429152,0.19513936,0.24047114,-0.17478094,-0.317312,-0.5121914,0.052480053,0.33635855,-0.4665682,0.25117892,0.051451247,-0.35262728,0.52497524,-0.4395104,-0.50259596,-0.07745265,-0.11802958,0.5364402,0.62674844,-0.5212055,0.53623855,-0.26863882,0.05024759,-0.58946943,0.22697946,0.51829135,-0.17528129,0.461535,-0.45145756,0.25878957,0.5489832,-0.38410947,-0.17341843,-0.4512894,1.1109675,-0.16154352,-0.06225494,0.01883075,0.6555501,-0.048430078,0.087936945,-0.64404476,-0.07514405,-0.06674246,-0.24510302,-0.28021166,0.025425168,-0.0053203134,-0.58692133,-0.5933797,0.07651789,-0.08385694,-0.41318583,-0.19292678,-0.17850289,-0.30839464,0.2557759,-0.6441783,-0.24657552,0.47252795,0.14925072,0.14341548,-0.53556526,-0.2925578,0.17137876,-0.253423,0.25730488,0.5373392,0.46088973,0.06153952,0.27954158,-0.002009963,-0.5475976,0.22221684,-0.33460552,-0.55690205,-0.296105,0.9229013,-0.1436521,-0.4805191,0.42485324,-0.20689316,-0.28609115,0.37173542,-0.26727167,0.24870777,0.5788717,0.15237649,-0.2106873,-0.9316853,0.24859396,0.10918494,-0.4226616,0.14587604,0.42475483,-0.084960274,-0.22133254,-0.34257194,-0.16039357,-0.65611976,-0.37149307,0.10677956,0.054376084,0.08826947,-0.45910263,0.045833673,0.40661553,0.054306358,-0.2603763,1.1841695,0.25554845,0.482406,0.05215111,-0.31904987,0.12505378,0.5534445,-0.754607,0.15883024,-0.26258814,-0.18234445,0.751916,0.81881416,0.12772569,-0.31819502,0.0058743604,0.07141335,-0.1422822,0.19838825,-0.17619702,0.033998005,0.5990766,-0.70689505,0.81841344,0.18444858,0.19435473,0.35280177,-0.1561486,0.002710229,0.17990543,0.889411,0.3795952,-0.48735195,0.24400024,0.40298012,0.09777681,0.15844372,0.026236193,-0.70983917,0.072162695,-0.48825243,-0.57342845,-0.037824534,-0.5141737,0.14676483,-0.2617084,0.1616106,0.33328032,-0.2168336,-0.60561407,0.17589258,-1.0153844,-0.07641476,-0.48532215,-0.3736643,1.1678811,-0.75422007,-0.11075767,-0.0044171694,0.21864717,-0.20105156,1.3244915,0.21521841,0.5803337,-0.5119341,-0.11485328,0.52673465,-0.108310826,-0.35088593,-0.62646765,0.09770625,0.8259943,0.49931744,-0.3871443,0.21795042,0.34763804,0.40388197,0.015884085,1.149689,0.6798984,-0.5193488,-0.47059876,-0.39802033,0.19158486,-0.6026443,0.59779847,-0.5263826,1.0298928,-0.11964891,0.54473716,-0.31530467,-0.113315575,0.62967926,0.36754498,-0.16510715,0.2143228,-0.31166044,0.06958673,0.19552697,-0.051654678,0.07465806,0.063071124,0.1962963,-0.4075474,0.41601095,-0.02509838,-0.029049808,0.03255778,0.5034316,-0.23752366,-0.18790175,-0.40528116,0.08000605,0.020375997,0.67171556,-0.42665842,0.5581998
LCL161,-0.52324766,0.11354941,-0.63300294,0.058895607,-0.30990317,-0.41417077,-0.42507592,0.20202059,0.68105906,0.48620737,0.4351348,0.12567209,0.67371905,0.39888352,0.16332471,-0.061170034,0.76745695,-0.2845899,-0.08132558,-0.20117192,-0.2630351,-0.46870792,0.18091677,-0.27428293,0.24508326,-0.12014815,-0.051562607,0.15263537,0.06349148,-0.45271236,0.27117506,0.17136556,0.21847895,-0.1555891,-0.2899627,-0.5155547,0.045910515,0.32711262,-0.45547566,0.23227991,0.036527004,-0.3473935,0.5274551,-0.42733887,-0.490531,-0.081321105,-0.13530324,0.5033647,0.5874137,-0.48772746,0.53722113,-0.23633145,0.06304552,-0.53641784,0.22438596,0.5132221,-0.13231054,0.45074192,-0.40538803,0.22996202,0.53327024,-0.38263336,-0.16251482,-0.41667408,1.041026,-0.16442622,-0.052320268,0.005961508,0.603054,-0.054003276,0.091606855,-0.6136812,-0.09861227,-0.044392083,-0.25665194,-0.273537,0.028428577,0.0040092324,-0.55552644,-0.5685377,0.033046637,-0.079067305,-0.3675818,-0.19329362,-0.15795407,-0.28138676,0.23911664,-0.61623496,-0.23684627,0.4443795,0.16768816,0.14891668,-0.5045176,-0.26716936,0.15537111,-0.24578236,0.22995403,0.49669194,0.4188846,0.06817698,0.26765618,-0.017804382,-0.5055719,0.24270166,-0.30951485,-0.53132826,-0.26097542,0.839863,-0.13986684,-0.43294415,0.37833735,-0.18106261,-0.25626403,0.3523771,-0.2683403,0.2488093,0.5285144,0.13392091,-0.19200297,-0.89099467,0.23102123,0.089073375,-0.37924743,0.15193288,0.4104414,-0.10923659,-0.21337503,-0.32807407,-0.13873611,-0.6303644,-0.34611598,0.086629815,0.046123087,0.08147584,-0.4340771,0.011154974,0.3977429,0.037099976,-0.25875646,1.1023428,0.23956536,0.47167793,0.055529386,-0.27987853,0.114169225,0.4881484,-0.6985366,0.14374952,-0.24625163,-0.16429526,0.7089115,0.75470847,0.12647885,-0.27862573,-0.005647831,0.06342126,-0.1589628,0.2106872,-0.1518772,0.01780799,0.56074065,-0.67457485,0.7794017,0.21384189,0.19254722,0.34229612,-0.13919671,0.00793518,0.16498798,0.8230724,0.3407409,-0.44925177,0.24761224,0.36561012,0.08591806,0.13302623,0.034329507,-0.65687805,0.05389283,-0.45306388,-0.5338769,-0.048651095,-0.48481545,0.13843127,-0.25257087,0.14937122,0.31385505,-0.20065987,-0.5721195,0.12723406,-0.94414943,-0.06546968,-0.44772682,-0.34201026,1.0785431,-0.71377116,-0.081293195,-0.016636042,0.17284797,-0.21686481,1.2469566,0.19834565,0.52180874,-0.47057167,-0.09132544,0.51272064,-0.1142357,-0.32144657,-0.5547471,0.09630455,0.7781658,0.44911897,-0.3766696,0.19784413,0.3207459,0.3755517,-0.021400783,1.0711049,0.6319626,-0.5054607,-0.44998464,-0.36567852,0.1875075,-0.5824396,0.5805164,-0.48808184,0.96680427,-0.14112356,0.5043618,-0.29847342,-0.10081648,0.5795765,0.34925663,-0.14518496,0.20379591,-0.31866738,0.06684843,0.17375842,-0.04591461,0.07804895,0.061819486,0.18327746,-0.36840913,0.38841075,-0.03123785,-0.0257886,0.06760291,0.46751818,-0.21334668,-0.20155591,-0.3879366,0.08316044,0.009873821,0.6494818,-0.3993497,0.5437442
Lapatinib,-0.5435646,0.11276313,-0.68666375,0.068727925,-0.31227326,-0.41315788,-0.45407853,0.18796456,0.69743764,0.53278047,0.43756795,0.12397786,0.692488,0.41484284,0.167431,-0.055057973,0.80409086,-0.29151124,-0.050424583,-0.213496,-0.28221518,-0.4909153,0.2063652,-0.3062597,0.22727661,-0.12928526,-0.062194906,0.16353026,0.08556717,-0.49865174,0.27636167,0.19011393,0.24052766,-0.17302349,-0.30744416,-0.50749683,0.06654902,0.32998252,-0.45096445,0.24572703,0.060455136,-0.34414092,0.5090872,-0.4226966,-0.49017954,-0.0754541,-0.11818083,0.51715016,0.61372626,-0.5085586,0.52124625,-0.27644518,0.057203382,-0.58633506,0.2098803,0.50959027,-0.16958188,0.46721172,-0.4505094,0.2592556,0.5327934,-0.38450652,-0.1715866,-0.43559656,1.105367,-0.1613714,-0.068631016,0.017058302,0.6474981,-0.043980774,0.08183444,-0.62854874,-0.06524541,-0.05427134,-0.23922677,-0.27629012,0.020154182,-0.010640237,-0.5677717,-0.57790995,0.07594527,-0.08911118,-0.4130129,-0.18489005,-0.17965834,-0.2998559,0.24567047,-0.61795014,-0.24244726,0.46771932,0.14306022,0.14855693,-0.53239995,-0.28460956,0.15999714,-0.25131074,0.25308737,0.53832114,0.45526975,0.061469626,0.26929408,-0.00020908266,-0.5382402,0.2096852,-0.3286291,-0.5359908,-0.29429346,0.91187686,-0.14038727,-0.46870345,0.42306057,-0.2037245,-0.2847596,0.36500305,-0.2568308,0.24658974,0.5753432,0.1513898,-0.19767225,-0.90850717,0.243453,0.10548649,-0.40121573,0.13546702,0.41465038,-0.072810724,-0.2161072,-0.33015242,-0.15183966,-0.630216,-0.3617483,0.102949955,0.046763536,0.08647912,-0.45009595,0.052946337,0.39831135,0.060325664,-0.25886458,1.1666704,0.25297132,0.46824208,0.04391222,-0.30831075,0.12030605,0.5521802,-0.7462688,0.15753798,-0.25945824,-0.18048534,0.7447943,0.8166593,0.13586327,-0.3107067,-0.0014504433,0.06694709,-0.13953726,0.19962016,-0.17365348,0.035562903,0.5871844,-0.6901426,0.79957765,0.17608778,0.192076,0.3513716,-0.15557763,-0.011550096,0.18100184,0.8598753,0.3750145,-0.47837836,0.22317943,0.39527252,0.095257096,0.15870753,0.024483671,-0.69180155,0.06416817,-0.46989113,-0.56169885,-0.03309166,-0.50532573,0.15184459,-0.24940637,0.16396132,0.3281163,-0.21386304,-0.5998715,0.18001309,-1.0009273,-0.080651805,-0.47492656,-0.3618061,1.1479882,-0.728915,-0.110101245,0.014961667,0.22269443,-0.19355641,1.3038367,0.22543347,0.5690602,-0.5024644,-0.110381104,0.51615596,-0.09767537,-0.34700012,-0.6070159,0.10085124,0.8074468,0.4851442,-0.36824736,0.209945,0.3510155,0.40509835,0.018301617,1.1296415,0.664742,-0.50118315,-0.45826072,-0.3916982,0.18438311,-0.59168565,0.593058,-0.51852643,1.0153143,-0.11330495,0.52944994,-0.2918951,-0.11852944,0.6114066,0.37076852,-0.15431342,0.20851918,-0.30911925,0.055765368,0.19270054,-0.0544556,0.07138987,0.055809893,0.19186245,-0.40050894,0.4072179,-0.014269585,-0.033266813,0.029799957,0.49850765,-0.22659273,-0.17889343,-0.39385694,0.07557231,0.019244269,0.6571239,-0.4178099,0.5500958
Luminespib,-0.5049991,0.12002001,-0.6341223,0.06437335,-0.29129,-0.38344857,-0.4221074,0.1780772,0.64611113,0.47677505,0.41279292,0.11265982,0.64945054,0.3886085,0.16016483,-0.0588059,0.7423656,-0.26590452,-0.065227345,-0.19093893,-0.25500005,-0.45555785,0.17707807,-0.27823707,0.23019108,-0.122620806,-0.049005248,0.15014012,0.06205915,-0.4451507,0.26459253,0.1678039,0.21629654,-0.15459473,-0.277588,-0.49823257,0.06418879,0.3117887,-0.4249109,0.22494008,0.05203317,-0.32671472,0.4957142,-0.397724,-0.4659984,-0.07337413,-0.12817793,0.47573733,0.56871533,-0.46708566,0.5038637,-0.2494777,0.068543,-0.53500223,0.19990623,0.4887822,-0.130045,0.45020154,-0.4091556,0.23186052,0.50554967,-0.37348586,-0.15910538,-0.39671966,1.0262489,-0.15917346,-0.06283073,0.006644834,0.59033483,-0.04449162,0.08214025,-0.5854013,-0.077287555,-0.03112404,-0.23876277,-0.2641255,0.021896735,-0.005219242,-0.52346927,-0.5388156,0.042667676,-0.087452434,-0.37164667,-0.17599176,-0.16220807,-0.26948193,0.22093032,-0.5727868,-0.22866176,0.43553984,0.15034261,0.15023701,-0.49707726,-0.26047054,0.141584,-0.23765399,0.22469935,0.49940133,0.4141638,0.0639733,0.24855366,-0.00959971,-0.49362788,0.21566007,-0.29888904,-0.4980882,-0.26134357,0.8270282,-0.13214043,-0.41849288,0.37803426,-0.18071082,-0.25795567,0.3416363,-0.24832967,0.2403525,0.52632535,0.13574316,-0.17540348,-0.84829044,0.22171526,0.08799198,-0.35352623,0.13419572,0.3904512,-0.08337337,-0.20317015,-0.3077781,-0.12955934,-0.5864879,-0.3324809,0.083338216,0.037526198,0.077896394,-0.41538513,0.030327331,0.37808967,0.050360106,-0.24920899,1.0759057,0.23464417,0.44429302,0.044790264,-0.26745197,0.10786293,0.49151045,-0.6872945,0.14085652,-0.24296892,-0.16204125,0.6924599,0.7515324,0.13590257,-0.27152207,-0.014325457,0.05884545,-0.14808495,0.20373166,-0.15160286,0.023607928,0.54017085,-0.64410365,0.74748015,0.18814221,0.1857515,0.3369588,-0.13729708,-0.010355749,0.16614652,0.7805606,0.33569902,-0.43887603,0.2111461,0.35465366,0.08323473,0.13670634,0.029961001,-0.6317465,0.04767352,-0.4261167,-0.5144875,-0.03784853,-0.46875942,0.14649925,-0.23035352,0.15296456,0.30629885,-0.19419825,-0.55743104,0.14139535,-0.9196549,-0.07196134,-0.43433666,-0.32579806,1.049712,-0.67604566,-0.08423282,0.013710104,0.186713,-0.19606008,1.2115136,0.21407527,0.5101666,-0.45729813,-0.088445164,0.49180597,-0.09745064,-0.31481627,-0.5325263,0.101216234,0.7463754,0.43197304,-0.34369376,0.18858346,0.32359862,0.37681788,-0.0059386063,1.0409524,0.60781384,-0.47072804,-0.4279236,-0.35793412,0.17411669,-0.5615388,0.56668305,-0.47505215,0.94120497,-0.123274945,0.48379916,-0.26382083,-0.10742172,0.5548257,0.34910318,-0.13269575,0.19288117,-0.30647838,0.047180157,0.17146666,-0.051134363,0.068145774,0.05379344,0.18031168,-0.36033353,0.37429395,-0.015871288,-0.03299929,0.05212621,0.45994118,-0.19978607,-0.18040033,-0.36657682,0.07458069,0.010540463,0.61970025,-0.38475448,0.52455455
Alpelisib,-0.5362594,0.11089191,-0.64918685,0.06060576,-0.31560895,-0.42335895,-0.4348221,0.2059567,0.6973223,0.50490683,0.4426979,0.13058925,0.6869845,0.40716562,0.16608827,-0.059369676,0.78692365,-0.29222986,-0.07763387,-0.20807055,-0.27265304,-0.48008648,0.19198091,-0.28242144,0.2434413,-0.121859916,-0.05683554,0.15662338,0.07151111,-0.46806708,0.27449974,0.1782392,0.22546507,-0.16256018,-0.3001614,-0.5183237,0.046754375,0.3318149,-0.46322134,0.23982358,0.040160354,-0.35274497,0.53265154,-0.43547526,-0.49653754,-0.0808923,-0.13386208,0.51842326,0.6034518,-0.49995142,0.5427302,-0.24332729,0.060749006,-0.5528112,0.22776541,0.52002364,-0.14542286,0.4556895,-0.4195775,0.23988076,0.54372466,-0.38444224,-0.16460398,-0.42868772,1.0668867,-0.16622955,-0.05359563,0.00851506,0.62289506,-0.05336271,0.092452936,-0.62901866,-0.09188589,-0.05251812,-0.25644502,-0.27722314,0.028632574,0.0023237492,-0.5706838,-0.58128244,0.043649394,-0.080226585,-0.38025856,-0.19625378,-0.16380212,-0.29278097,0.24585953,-0.63057536,-0.24101898,0.45663843,0.16481633,0.14799164,-0.5158531,-0.27528304,0.15947628,-0.24984403,0.23781547,0.51053023,0.43139875,0.067033455,0.27429703,-0.01399541,-0.52035403,0.23988198,-0.31847888,-0.5445206,-0.27189478,0.8658612,-0.14304829,-0.44780385,0.39252907,-0.18847558,-0.26456007,0.3608897,-0.27192464,0.2509981,0.54458684,0.1400653,-0.1987227,-0.9127313,0.23923187,0.09567224,-0.39550242,0.15296063,0.41873366,-0.10502874,-0.21685292,-0.33705714,-0.1450241,-0.6455681,-0.35575217,0.09279923,0.049321778,0.08299186,-0.4447324,0.018538658,0.40332133,0.04165143,-0.26177076,1.1328418,0.24585724,0.47988695,0.055759586,-0.2935801,0.11735047,0.5086623,-0.71682245,0.14751668,-0.25128415,-0.17053986,0.7245032,0.7755639,0.12675275,-0.29109737,-0.00015365357,0.06518767,-0.15538941,0.20860814,-0.15926988,0.02170971,0.5757889,-0.68757784,0.79751015,0.20990203,0.19419378,0.34813002,-0.1434851,0.008056098,0.17096089,0.8487722,0.35267323,-0.46240455,0.25119534,0.3793139,0.09002311,0.13906063,0.03081372,-0.67527616,0.05739836,-0.46626487,-0.5498181,-0.04637385,-0.4959163,0.13966656,-0.25819483,0.15255007,0.3224864,-0.2063048,-0.5836398,0.13850078,-0.969978,-0.068576604,-0.46180037,-0.35385066,1.1098481,-0.73135954,-0.08954479,-0.016353715,0.18398778,-0.21563517,1.2763945,0.20183201,0.5403107,-0.48328885,-0.0986835,0.5227313,-0.11438494,-0.33248147,-0.5793981,0.096986756,0.7995611,0.46599197,-0.38455564,0.20522842,0.3300019,0.38568482,-0.0130806705,1.0993367,0.649683,-0.5172895,-0.45821434,-0.3757759,0.19031839,-0.5911139,0.5898697,-0.5015245,0.98979133,-0.13789897,0.5192327,-0.30610827,-0.10296843,0.5999867,0.3540125,-0.15234414,0.20857954,-0.32083845,0.06932418,0.18122384,-0.045848414,0.078656636,0.06376422,0.1885959,-0.38096377,0.3982809,-0.03179281,-0.026124004,0.05982506,0.48162037,-0.22252165,-0.20089386,-0.3966052,0.083617374,0.011960647,0.661688,-0.4108359,0.55233437
Taselisib,-0.5044316,0.12943071,-0.64872617,0.069476604,-0.2867055,-0.3724517,-0.42917776,0.16715197,0.6381639,0.47826985,0.40877846,0.105261505,0.64959484,0.39035788,0.16161372,-0.060296044,0.74217117,-0.25943375,-0.058406938,-0.18799937,-0.2539184,-0.45675746,0.17511617,-0.28616565,0.22879535,-0.12814145,-0.045910742,0.15166059,0.05997505,-0.44858855,0.26828218,0.16835645,0.2193686,-0.15543061,-0.2740221,-0.5018219,0.07742939,0.31058547,-0.41624492,0.22424278,0.06151085,-0.32247397,0.48930207,-0.38851446,-0.46358216,-0.07088238,-0.12801367,0.4664583,0.566873,-0.46466517,0.49688065,-0.26375255,0.07474172,-0.5440251,0.18952651,0.4867468,-0.127283,0.46166083,-0.41800472,0.2359733,0.498772,-0.37939596,-0.16272959,-0.39246854,1.0388162,-0.1598302,-0.07064426,0.0061892127,0.5922718,-0.040424768,0.07725294,-0.57909346,-0.07024019,-0.020158088,-0.23607245,-0.26571372,0.018029345,-0.010934273,-0.5133955,-0.53166276,0.045331147,-0.09392798,-0.3807046,-0.1698552,-0.16764896,-0.26467502,0.2146774,-0.557686,-0.22902921,0.43742105,0.14528708,0.15668584,-0.50327903,-0.2607577,0.13597119,-0.23857933,0.22640024,0.5099889,0.4184789,0.064169005,0.24286708,-0.0074489005,-0.49523315,0.20653434,-0.29838225,-0.4874806,-0.26543048,0.8348062,-0.13067923,-0.4171705,0.38409054,-0.18234493,-0.26302677,0.3414131,-0.24194244,0.24191631,0.53507,0.13782187,-0.16764428,-0.8382105,0.21972293,0.08685897,-0.34100384,0.12635066,0.3864703,-0.071600616,-0.2020608,-0.30024087,-0.12579358,-0.5709765,-0.3298877,0.08143622,0.03256122,0.07758073,-0.4132434,0.040276233,0.37511325,0.057348285,-0.25021553,1.0801967,0.23617394,0.43774647,0.038971655,-0.262133,0.10659527,0.5003297,-0.6951578,0.14234193,-0.24605198,-0.16245757,0.69826245,0.7647147,0.14655599,-0.27041987,-0.023133608,0.05764686,-0.14804833,0.2074447,-0.1533535,0.026515739,0.53814954,-0.64018863,0.7434801,0.18013346,0.18666287,0.34170955,-0.13946599,-0.022474587,0.16968668,0.76774716,0.33862644,-0.4404966,0.19356069,0.35283488,0.08242294,0.14102171,0.030422386,-0.62890834,0.044358693,-0.4172781,-0.5121166,-0.033646587,-0.46884513,0.15546803,-0.22172359,0.15897177,0.3073532,-0.19473177,-0.5619193,0.15055351,-0.9234012,-0.076391265,-0.4339178,-0.32106113,1.0526776,-0.6664201,-0.08556921,0.03333767,0.19683407,-0.18972409,1.2153926,0.22934112,0.51150304,-0.4584688,-0.08641656,0.48957717,-0.08940551,-0.31596836,-0.5251574,0.10729357,0.74067366,0.4283649,-0.3308473,0.1855078,0.33179358,0.3847352,0.00019206468,1.0427159,0.6043968,-0.45874834,-0.42457703,-0.3606553,0.17069568,-0.562881,0.571229,-0.47625884,0.9458252,-0.11775478,0.48055094,-0.24710312,-0.11513151,0.5475743,0.35820517,-0.12648518,0.18983908,-0.30696377,0.035350125,0.1725612,-0.055925246,0.064336,0.04821721,0.18064296,-0.36189333,0.3738611,-0.0055369698,-0.03797639,0.047313303,0.46354985,-0.19353722,-0.17258298,-0.36102885,0.071044736,0.010526002,0.615885,-0.38326985,0.5251641
EPZ5676,-0.50378394,0.13012964,-0.6318513,0.06557417,-0.2922544,-0.38317224,-0.42155424,0.18076171,0.6450819,0.46599206,0.41551003,0.10878167,0.65307254,0.38837588,0.16148347,-0.0642112,0.738809,-0.2626806,-0.07480873,-0.18745767,-0.24998254,-0.45394218,0.16704072,-0.27541897,0.24123672,-0.12509619,-0.04074754,0.14897092,0.051234744,-0.43635213,0.2706118,0.16320927,0.2143388,-0.15071833,-0.2721906,-0.51214427,0.06596495,0.3147092,-0.42803872,0.22102289,0.04897688,-0.33083445,0.50544167,-0.39914316,-0.47286555,-0.07710511,-0.13659514,0.46965805,0.56290126,-0.4646541,0.5149248,-0.24816678,0.07655752,-0.5280709,0.20135586,0.49691144,-0.11447755,0.45905045,-0.40096655,0.22550401,0.5066854,-0.38465664,-0.16188453,-0.39139816,1.0248203,-0.16319928,-0.06348277,0.002209895,0.5818101,-0.047589693,0.0828007,-0.58263046,-0.08928061,-0.019414388,-0.24851173,-0.26874366,0.021732712,-0.004456902,-0.5191751,-0.5383317,0.027734041,-0.08872868,-0.36569494,-0.17879775,-0.15954696,-0.26153442,0.21996859,-0.57059205,-0.22939509,0.43272182,0.1602291,0.15740609,-0.49722838,-0.2555211,0.13775834,-0.24054246,0.22138289,0.49589175,0.40866962,0.06812193,0.2489182,-0.016563889,-0.48923743,0.22710066,-0.29577315,-0.49482203,-0.2547513,0.81593573,-0.13379782,-0.41079366,0.37081444,-0.1734473,-0.2530101,0.3401404,-0.2513293,0.24588664,0.52071637,0.1305307,-0.17017429,-0.84562784,0.21783811,0.08027041,-0.33941793,0.13696302,0.3911505,-0.09193936,-0.20510471,-0.30510056,-0.12394007,-0.5847934,-0.32881942,0.07641862,0.034390207,0.07739043,-0.41484594,0.019506421,0.38314405,0.04519945,-0.25491005,1.0677648,0.23372625,0.4476163,0.04502879,-0.25519907,0.10657147,0.47851753,-0.68285084,0.13983063,-0.24299513,-0.1566753,0.69387335,0.74687,0.14101315,-0.26138556,-0.02319859,0.0582882,-0.15880646,0.21503823,-0.1461386,0.01841817,0.5360774,-0.6464096,0.74727577,0.20193158,0.18943651,0.34076542,-0.13572936,-0.012240107,0.16298288,0.7677942,0.32895264,-0.43418536,0.21320197,0.34698272,0.08024477,0.13156444,0.036332827,-0.6259455,0.041183956,-0.41955698,-0.5081567,-0.043324437,-0.46794036,0.14948884,-0.22944878,0.1544434,0.30358076,-0.19411531,-0.55968046,0.12892298,-0.91392297,-0.070503645,-0.4284503,-0.31926754,1.0389729,-0.6733698,-0.07501438,0.014297648,0.17571324,-0.20453975,1.2105474,0.21638386,0.49969962,-0.45309606,-0.08030173,0.49510077,-0.099347755,-0.30931586,-0.51396596,0.10385443,0.74175525,0.4213237,-0.34348312,0.18374349,0.3226835,0.3760013,-0.019641547,1.0337454,0.6014752,-0.4706519,-0.4292304,-0.35449257,0.17785877,-0.5681031,0.57278025,-0.4716544,0.94056284,-0.13391656,0.4783295,-0.25870147,-0.108148694,0.54359925,0.35400936,-0.12653418,0.19215992,-0.31443018,0.0441022,0.16680849,-0.051235415,0.07064052,0.050678138,0.17777759,-0.35427707,0.3720868,-0.014793752,-0.033079103,0.06710918,0.45584092,-0.19269022,-0.18765034,-0.3671371,0.07471591,0.0076985084,0.62377477,-0.38154942,0.5299775
SCH772984,-0.50395924,0.13141198,-0.6479039,0.06876664,-0.2880542,-0.37416884,-0.4292199,0.16877253,0.6387916,0.4770363,0.40998927,0.104051925,0.6532465,0.3896677,0.1604472,-0.06282897,0.7413711,-0.26088312,-0.058826182,-0.18959084,-0.25415203,-0.45583114,0.17312525,-0.2876283,0.23263834,-0.1289903,-0.042923916,0.15089136,0.05939844,-0.4495961,0.27061892,0.16809174,0.22056289,-0.15333052,-0.27341846,-0.50118124,0.07687675,0.31384784,-0.4196148,0.22281589,0.060064245,-0.325014,0.48822165,-0.3884869,-0.46597347,-0.073257715,-0.12558185,0.46560156,0.56309366,-0.4675267,0.4985459,-0.26352245,0.07307642,-0.5419517,0.1900515,0.488309,-0.12715982,0.4613738,-0.41437003,0.23481265,0.49585673,-0.3810029,-0.16565235,-0.3919054,1.036287,-0.15914024,-0.07080834,0.007873005,0.591522,-0.042221967,0.075412415,-0.5788018,-0.07507868,-0.020224359,-0.23761472,-0.26704514,0.016466819,-0.011260643,-0.5136039,-0.5308567,0.042812765,-0.091932274,-0.3790436,-0.17222644,-0.166975,-0.26239774,0.21821879,-0.5584795,-0.22931506,0.43358386,0.14796667,0.15710199,-0.5022972,-0.25742844,0.13653658,-0.23908001,0.22916174,0.50624377,0.41790533,0.06522282,0.24372274,-0.010092736,-0.49481428,0.20804669,-0.29988468,-0.48593438,-0.26412168,0.8341987,-0.13171984,-0.41799787,0.38339043,-0.18051614,-0.26036206,0.33952853,-0.24113725,0.24168196,0.533078,0.1360206,-0.16931248,-0.83655185,0.21866211,0.084472544,-0.33942515,0.12515749,0.3860914,-0.07494709,-0.20255512,-0.29849887,-0.12696773,-0.57073075,-0.3286135,0.08192582,0.032830875,0.07913698,-0.41545773,0.037972,0.37604138,0.053947676,-0.24982375,1.0762244,0.23525138,0.43769285,0.037058234,-0.26163194,0.10890937,0.49683046,-0.69475496,0.14505018,-0.24435736,-0.16092405,0.7002949,0.76268125,0.14494312,-0.270371,-0.024059236,0.05807868,-0.14951447,0.20933995,-0.15297936,0.025809014,0.5385408,-0.64250517,0.7421539,0.18393993,0.18751374,0.33985865,-0.1423354,-0.022525417,0.16729121,0.766218,0.3381516,-0.4390133,0.19674109,0.35289887,0.080999084,0.14153379,0.031531572,-0.6300302,0.045969453,-0.4190304,-0.5111309,-0.03423385,-0.46976516,0.15389249,-0.22324,0.15863004,0.30507866,-0.19728336,-0.5641944,0.14979348,-0.9230297,-0.07598373,-0.43146333,-0.32015002,1.050617,-0.6651006,-0.0852966,0.032129128,0.19500037,-0.19143261,1.2137026,0.22687711,0.51005673,-0.4611304,-0.086119264,0.48730156,-0.08947292,-0.31607354,-0.5246238,0.10576413,0.73851794,0.42904633,-0.33227798,0.18307997,0.33077148,0.382851,-0.0026767065,1.0399724,0.604765,-0.45968878,-0.42738134,-0.36081427,0.17260899,-0.56315964,0.56792283,-0.47561815,0.94630027,-0.11922395,0.47995776,-0.2489036,-0.11763814,0.54400325,0.35907146,-0.1274099,0.19172631,-0.30504802,0.035310734,0.17119354,-0.055464003,0.06805729,0.04507077,0.17689334,-0.36245385,0.3736253,-0.0039236103,-0.037139986,0.05003753,0.45959607,-0.19247462,-0.17544991,-0.36276686,0.07097106,0.009570766,0.61544526,-0.38203725,0.5245699
IWP-2,-0.56278634,0.11152048,-0.70928925,0.06866248,-0.32275188,-0.42996028,-0.4682742,0.19334696,0.72214675,0.5533115,0.45443243,0.12992695,0.7165375,0.42860994,0.17288272,-0.056003574,0.8324534,-0.30545264,-0.050077543,-0.22317995,-0.2918576,-0.5081731,0.21455358,-0.31471837,0.23297057,-0.13333325,-0.06759126,0.16871975,0.09160423,-0.5177841,0.2816256,0.1994895,0.24564686,-0.17734069,-0.320463,-0.52189815,0.0632883,0.34279487,-0.46926707,0.255071,0.05831555,-0.35712653,0.52987033,-0.44167128,-0.5085241,-0.07635226,-0.119335,0.54078186,0.63786876,-0.53061795,0.5403276,-0.2818054,0.05405139,-0.6075833,0.22136456,0.5272543,-0.17843856,0.47662768,-0.46697468,0.26656902,0.55445784,-0.39468107,-0.17859703,-0.455638,1.1400648,-0.16404979,-0.067135364,0.019760842,0.6707758,-0.04631007,0.085609,-0.6521738,-0.071119875,-0.06020819,-0.24834162,-0.286248,0.024057979,-0.0074704294,-0.5918694,-0.59836084,0.078464255,-0.08984012,-0.42615914,-0.19298886,-0.18542464,-0.31112295,0.255663,-0.6450112,-0.2529736,0.48167083,0.14836638,0.15010549,-0.54995584,-0.29820803,0.170847,-0.25769925,0.26437536,0.5538711,0.47271165,0.06477959,0.28116417,-0.0013312286,-0.5567467,0.217725,-0.34187227,-0.56051385,-0.3025274,0.94581366,-0.14621961,-0.48725274,0.435559,-0.21176778,-0.29448694,0.37942034,-0.26971152,0.25469074,0.59438205,0.15752552,-0.20968515,-0.94231176,0.25259873,0.11135736,-0.42271772,0.14228815,0.4305618,-0.07773586,-0.22332048,-0.34465092,-0.15991259,-0.6570908,-0.37547725,0.10782227,0.051417265,0.0892669,-0.46637917,0.05390529,0.41011015,0.059541002,-0.26467195,1.2087488,0.26084816,0.4873892,0.048464615,-0.32287502,0.12664458,0.5692866,-0.7747537,0.1629353,-0.26910222,-0.18727563,0.77016246,0.8427625,0.13777693,-0.3240136,0.000875841,0.06944871,-0.1447644,0.20356597,-0.18004432,0.036890026,0.60994923,-0.71407354,0.8297523,0.18358451,0.19832915,0.3621305,-0.16146038,-0.0045493697,0.18632859,0.89579844,0.38903528,-0.49689147,0.2365,0.40952376,0.09813356,0.16460168,0.024545616,-0.719746,0.07183821,-0.4909811,-0.58352363,-0.033959728,-0.522638,0.15508565,-0.2593886,0.16699868,0.34216687,-0.2194678,-0.61840594,0.1837679,-1.0360621,-0.0799586,-0.49342322,-0.37679318,1.19082,-0.7600202,-0.11172054,0.011078914,0.23014638,-0.20095454,1.3476299,0.2280367,0.59049004,-0.52149945,-0.11636769,0.5343933,-0.10562313,-0.3594741,-0.63316256,0.10502929,0.8366407,0.50638217,-0.38633952,0.21891107,0.35878086,0.41559857,0.019788241,1.1704621,0.6898272,-0.5219582,-0.47704414,-0.40713078,0.19072348,-0.6135739,0.61047894,-0.5344915,1.0506328,-0.1167534,0.5524902,-0.30944505,-0.12253529,0.6358787,0.37910545,-0.16455734,0.21747719,-0.31644732,0.060996994,0.19877549,-0.056326646,0.07409509,0.06005247,0.19994578,-0.41552427,0.42330766,-0.018735249,-0.03420385,0.0281115,0.5144814,-0.23667835,-0.18669224,-0.40733132,0.080452956,0.018923698,0.68004876,-0.43396312,0.5678248
Leflunomide,-0.52414674,0.10994603,-0.65729797,0.06472066,-0.30057755,-0.40015954,-0.43480772,0.18364482,0.672571,0.508122,0.42498177,0.12036241,0.6688494,0.3988261,0.16296837,-0.054408964,0.7729166,-0.28148133,-0.055401552,-0.20461166,-0.2691819,-0.47240523,0.19529507,-0.2896106,0.22409135,-0.124780506,-0.05851355,0.15610564,0.07819329,-0.47306868,0.26660004,0.18149115,0.22695652,-0.16352591,-0.29532441,-0.49578992,0.06027472,0.32004976,-0.43853092,0.23623323,0.05340578,-0.3353227,0.50161135,-0.41283458,-0.4760666,-0.07235394,-0.119917415,0.5011187,0.59231997,-0.49041152,0.51078004,-0.25937915,0.058074486,-0.56026447,0.20752746,0.49667206,-0.15575431,0.449429,-0.42980054,0.24496041,0.51954603,-0.37350106,-0.16525714,-0.41990298,1.0609723,-0.15776166,-0.061919168,0.013256023,0.6200801,-0.04422187,0.08147458,-0.60746485,-0.07084749,-0.049233247,-0.23754168,-0.26896453,0.023152689,-0.0062135714,-0.5491222,-0.55830985,0.062662415,-0.0850884,-0.39147845,-0.18152836,-0.17059182,-0.28673458,0.23607141,-0.599433,-0.23570545,0.45006958,0.14427719,0.14448904,-0.5119055,-0.274998,0.15404701,-0.24224214,0.24152711,0.5152876,0.43462577,0.06235684,0.26239032,-0.004641293,-0.51542264,0.21097939,-0.31508353,-0.5216516,-0.27788028,0.8708003,-0.13734572,-0.44654012,0.4001125,-0.19226508,-0.2702786,0.35366008,-0.25426593,0.24117881,0.5499401,0.1442099,-0.19066766,-0.8793824,0.23456945,0.09967271,-0.38554713,0.13562469,0.40229186,-0.077833794,-0.20885268,-0.32168728,-0.14387222,-0.61252147,-0.34761786,0.09542901,0.04567846,0.08178098,-0.43308318,0.042749546,0.38498518,0.053705867,-0.2513454,1.1218252,0.24230151,0.45662203,0.046319872,-0.29306623,0.11520826,0.52208185,-0.71681,0.14853072,-0.24996996,-0.1717255,0.7161283,0.78118736,0.13221055,-0.29433715,-0.0031318075,0.0633397,-0.14099456,0.19621332,-0.16399443,0.030291837,0.56479543,-0.66527057,0.7739729,0.18042503,0.18654831,0.3410729,-0.14646763,-0.0052020284,0.17305768,0.82662266,0.35684058,-0.45945695,0.22167353,0.376679,0.08979652,0.14826126,0.025118804,-0.6646003,0.059877645,-0.45162523,-0.5401735,-0.035281967,-0.48531136,0.1456274,-0.2416441,0.15579171,0.31797794,-0.20353459,-0.57495993,0.16108166,-0.9600651,-0.07360679,-0.45683977,-0.34732205,1.1008315,-0.70627004,-0.098376065,0.009212938,0.20526582,-0.19293408,1.2542374,0.21376291,0.5416314,-0.4801462,-0.10281654,0.50266266,-0.099384606,-0.3312454,-0.5771944,0.099926725,0.7791216,0.4637771,-0.35980073,0.2016532,0.3339495,0.38730428,0.009410249,1.0849143,0.63753206,-0.4887465,-0.44302025,-0.37513092,0.17928302,-0.57413894,0.57460016,-0.49554187,0.9760659,-0.11664998,0.51017797,-0.2837452,-0.11192658,0.5877408,0.3536412,-0.14852454,0.20140858,-0.3029581,0.05531274,0.18281353,-0.051162455,0.06981133,0.056284465,0.18666816,-0.3818722,0.39180627,-0.01868625,-0.031982075,0.036237113,0.47882828,-0.21642825,-0.17837043,-0.38016614,0.07521337,0.0152028315,0.6370618,-0.40319276,0.53320056
GSK2801,-0.535911,0.11172851,-0.6673243,0.06628479,-0.30980888,-0.41280225,-0.44378287,0.19439921,0.6914998,0.51980263,0.43291622,0.1263702,0.683557,0.40970495,0.16500999,-0.056422886,0.7907288,-0.28838018,-0.060226165,-0.20890433,-0.2782717,-0.483485,0.20104972,-0.2952322,0.2291906,-0.12462984,-0.060151678,0.1592977,0.079461895,-0.48216727,0.2734915,0.1836976,0.23377877,-0.17091481,-0.30318215,-0.50516665,0.060656175,0.32477343,-0.44914347,0.24169888,0.05558968,-0.34271514,0.5097216,-0.42116296,-0.4849682,-0.0768393,-0.12458363,0.51330525,0.6054882,-0.49864388,0.52335227,-0.26229003,0.05961183,-0.5691768,0.21197936,0.5082036,-0.16121481,0.4611629,-0.43677413,0.2533685,0.5317519,-0.37890244,-0.16417655,-0.42647764,1.0842252,-0.16286498,-0.064023815,0.013869337,0.6357539,-0.04667786,0.08599825,-0.624289,-0.06820858,-0.05451917,-0.24136448,-0.27274263,0.02193177,-0.007732455,-0.56432587,-0.5742099,0.06663586,-0.0869379,-0.39877802,-0.18713047,-0.17299573,-0.29776692,0.24265267,-0.6157863,-0.23800471,0.46306902,0.14747359,0.14614539,-0.52226985,-0.27758637,0.15550902,-0.24879323,0.24356222,0.5265599,0.44263846,0.061571088,0.26786527,-0.0029726657,-0.52820957,0.21563724,-0.32203025,-0.5320245,-0.28578275,0.88723624,-0.1401442,-0.4567126,0.4101831,-0.19661966,-0.27652457,0.3607334,-0.25907946,0.24558434,0.55967224,0.14776906,-0.19425645,-0.90385807,0.24016377,0.10165978,-0.3948677,0.13961937,0.4122237,-0.08117013,-0.21333812,-0.33011967,-0.14645301,-0.6302563,-0.35635707,0.09891425,0.047278844,0.08362095,-0.4438496,0.041297816,0.39699614,0.0556971,-0.2578669,1.1461232,0.24960658,0.4677468,0.046444062,-0.30065894,0.11637436,0.53640044,-0.7268051,0.15192062,-0.25384995,-0.17577703,0.7299353,0.7954309,0.13097309,-0.30101007,0.0007786487,0.064739816,-0.14093381,0.200332,-0.16776434,0.030834723,0.5782079,-0.6809132,0.79149604,0.18416525,0.19030465,0.34755075,-0.14888133,-0.0071298387,0.17724715,0.8475704,0.3629976,-0.46854952,0.2285943,0.3882272,0.093395755,0.14928323,0.023459654,-0.6780975,0.05735682,-0.46330774,-0.5532947,-0.0360526,-0.4973838,0.14589053,-0.24818932,0.1596915,0.32410938,-0.20984937,-0.58768404,0.16507293,-0.98137593,-0.07826291,-0.46657184,-0.35581526,1.1239822,-0.72235435,-0.103407696,0.0058101797,0.20831949,-0.19751912,1.2834848,0.21619852,0.5550327,-0.48994586,-0.10623626,0.514838,-0.10090272,-0.34062964,-0.59324795,0.09845788,0.7987775,0.4732114,-0.36859766,0.2061492,0.34329894,0.39740306,0.00879868,1.1089839,0.6538136,-0.503322,-0.4522003,-0.38157147,0.18428381,-0.5837127,0.58734775,-0.50921303,0.99687713,-0.11966514,0.52047944,-0.29035532,-0.11047423,0.60431856,0.36163914,-0.15157683,0.206753,-0.31165648,0.05908537,0.1884392,-0.049463987,0.072304994,0.058436114,0.18929778,-0.38981435,0.40006873,-0.019444708,-0.030408207,0.03939615,0.49013764,-0.22366016,-0.18411186,-0.39190066,0.07598564,0.016860059,0.6524176,-0.41134077,0.5466646
Bromosporine,-0.5442242,0.10842485,-0.67158794,0.06533647,-0.31644058,-0.42284817,-0.4467771,0.20080383,0.7048355,0.5269546,0.4414007,0.13062976,0.6919903,0.41406757,0.16730471,-0.054848436,0.8028382,-0.29440287,-0.06262115,-0.21319613,-0.28207582,-0.48974183,0.20509604,-0.29658103,0.23250532,-0.124133416,-0.06255088,0.16141179,0.08258901,-0.48865628,0.2762723,0.18631501,0.2367927,-0.17255244,-0.3085504,-0.5106111,0.05643835,0.32998762,-0.4587465,0.2459478,0.052251246,-0.349255,0.5196052,-0.43174765,-0.4928267,-0.07829033,-0.1257241,0.522987,0.6149512,-0.5062981,0.5318133,-0.26195958,0.057544887,-0.574369,0.21835113,0.51565117,-0.16536018,0.46192184,-0.439826,0.25463852,0.5413569,-0.3825949,-0.16596186,-0.43538848,1.0953622,-0.1647414,-0.061330847,0.013063182,0.64330906,-0.047930468,0.08791011,-0.63484555,-0.0718863,-0.059321556,-0.24550569,-0.27556282,0.023693789,-0.0053311163,-0.57561386,-0.5860342,0.06761019,-0.08477799,-0.40149283,-0.19116469,-0.17319597,-0.3031599,0.24861802,-0.6300604,-0.24141955,0.46848255,0.15038642,0.14614125,-0.52724475,-0.28245676,0.1606969,-0.25218025,0.2470528,0.5296144,0.44706497,0.062218122,0.27470914,-0.0036179812,-0.5343983,0.22189233,-0.3264423,-0.5448993,-0.28862256,0.8979192,-0.14249182,-0.4643299,0.41443995,-0.1992253,-0.27835748,0.36536917,-0.26481417,0.24805582,0.5650293,0.14822319,-0.20003359,-0.9197925,0.24560973,0.104089834,-0.40645394,0.1445719,0.41910967,-0.085748844,-0.2174424,-0.33756548,-0.15086558,-0.64468324,-0.36254993,0.10147168,0.049565937,0.085188575,-0.45111728,0.039477024,0.40319672,0.053977214,-0.26215947,1.1610701,0.25205484,0.47619638,0.049533017,-0.3079825,0.11844669,0.54102427,-0.73524195,0.15328482,-0.25625187,-0.17896761,0.73806477,0.80279297,0.12940137,-0.3067043,0.0044126664,0.06671642,-0.14290133,0.20085053,-0.16967753,0.030585457,0.58701235,-0.6926137,0.80395126,0.18856005,0.19208805,0.35026604,-0.1504062,-0.002818944,0.17905037,0.86630297,0.36890358,-0.47454515,0.23836105,0.39412674,0.095656745,0.15085208,0.025198085,-0.6892481,0.060702592,-0.47300926,-0.5625017,-0.03926963,-0.5043029,0.14482304,-0.25659612,0.15895918,0.32723856,-0.21222179,-0.595118,0.16576283,-0.99489367,-0.076903805,-0.47408274,-0.36338133,1.1406151,-0.7360438,-0.105908744,-0.0025452983,0.20810373,-0.20293859,1.3001057,0.21363832,0.562916,-0.49613705,-0.108779855,0.52224404,-0.104746364,-0.344291,-0.60532486,0.09701489,0.8131055,0.48222777,-0.37913588,0.21157797,0.34487018,0.3989841,0.007560711,1.1248732,0.6646824,-0.51367384,-0.45904467,-0.38613302,0.18750441,-0.5914183,0.5942477,-0.51667213,1.0093967,-0.12298753,0.529077,-0.30215153,-0.10934942,0.6159803,0.36337003,-0.1558065,0.20983614,-0.31522182,0.06521794,0.19108269,-0.04907595,0.0742468,0.061231025,0.19187869,-0.39521217,0.40621588,-0.023797596,-0.028680906,0.04032976,0.49656633,-0.22992682,-0.18782416,-0.3987908,0.07896113,0.018410519,0.66339505,-0.4186885,0.553074
SGC-CBP30,-0.51916784,0.12093139,-0.65499103,0.06666549,-0.29879034,-0.392376,-0.43536133,0.18017155,0.6633553,0.49447381,0.4224308,0.11518583,0.6661284,0.39875698,0.1636296,-0.058869753,0.7646341,-0.27402872,-0.061225653,-0.1979757,-0.26275608,-0.46827805,0.1845701,-0.28886393,0.23158216,-0.12677541,-0.052016858,0.15572125,0.067685455,-0.46319205,0.26987505,0.17499575,0.22429895,-0.16031152,-0.28672388,-0.5068296,0.06653878,0.31905162,-0.43432447,0.23181619,0.05539248,-0.33289066,0.5036003,-0.406287,-0.47740602,-0.07436971,-0.12667459,0.48821747,0.5843249,-0.48094028,0.5121224,-0.26116502,0.067195505,-0.55353814,0.20383687,0.498152,-0.13884225,0.46087775,-0.4237573,0.24056676,0.5159972,-0.38117248,-0.16526026,-0.41000396,1.0563468,-0.16078325,-0.06658422,0.009159404,0.60871136,-0.04440049,0.08223852,-0.59984845,-0.075827636,-0.034459095,-0.24086973,-0.27011397,0.021119345,-0.007440487,-0.53699386,-0.55228364,0.051290132,-0.089606084,-0.3868021,-0.17873934,-0.16868861,-0.27725422,0.22782652,-0.5869563,-0.2344505,0.44687924,0.1498421,0.15244834,-0.5115793,-0.2693901,0.14754516,-0.24313599,0.23388368,0.5150009,0.42904764,0.06367002,0.25467893,-0.007379416,-0.5097503,0.21589072,-0.30828178,-0.5102446,-0.27215046,0.8567324,-0.1346781,-0.43452355,0.39308336,-0.18833394,-0.26789582,0.34992024,-0.2516173,0.2443899,0.5446063,0.14061107,-0.18172166,-0.8682171,0.2278671,0.09221188,-0.36592758,0.13486545,0.39884695,-0.08068648,-0.20855387,-0.3140062,-0.13622668,-0.5998109,-0.34239826,0.08808622,0.039453782,0.08099848,-0.42715624,0.03723207,0.38660192,0.05363429,-0.25387025,1.108059,0.24148907,0.45313603,0.044513013,-0.2778639,0.11228743,0.5111833,-0.7097761,0.14685033,-0.25025383,-0.16726263,0.7124483,0.7761481,0.13889097,-0.28315067,-0.013975337,0.062206965,-0.14848052,0.20610853,-0.15875345,0.027021453,0.5557238,-0.6619687,0.7668059,0.18589343,0.1895266,0.34445083,-0.14336404,-0.012206677,0.17110692,0.8049697,0.34861615,-0.45316607,0.21348588,0.366572,0.08661696,0.14390293,0.030920804,-0.6526872,0.05250976,-0.43961677,-0.52951187,-0.03711715,-0.4827776,0.1511156,-0.23601845,0.15848798,0.31411445,-0.20098875,-0.57443595,0.153374,-0.9483521,-0.07513402,-0.44802177,-0.33644617,1.0839301,-0.69471526,-0.091242306,0.01672869,0.1982504,-0.19650055,1.2468641,0.22198522,0.52979064,-0.4733004,-0.09372708,0.50173765,-0.09778671,-0.32489693,-0.55356693,0.10333821,0.76625305,0.44791698,-0.35078537,0.19498247,0.33399355,0.38809246,0.0006464322,1.0727959,0.62665534,-0.47939265,-0.43944678,-0.37031195,0.17831998,-0.5757276,0.57940316,-0.49020514,0.9694846,-0.12140337,0.4993342,-0.27111512,-0.11259393,0.5716564,0.3598536,-0.13820519,0.19767414,-0.30992132,0.048255272,0.17815146,-0.053668514,0.06850107,0.053871855,0.18479526,-0.37368572,0.38593066,-0.013826118,-0.03423478,0.047244366,0.47358978,-0.20704588,-0.1807712,-0.37568754,0.075060114,0.013226804,0.63395226,-0.39540642,0.5360879
GSK-LSD1,-0.493719,0.12867539,-0.61442196,0.06288567,-0.28918543,-0.38087583,-0.41121274,0.18297914,0.6363026,0.4535059,0.40997067,0.10754466,0.64368427,0.38061696,0.15772098,-0.06541078,0.7240053,-0.25963682,-0.07884086,-0.18441233,-0.24428338,-0.44448188,0.1609475,-0.26717788,0.24182248,-0.12184332,-0.037024476,0.1450379,0.04701847,-0.42507303,0.26689985,0.15861231,0.20968066,-0.14617354,-0.26674083,-0.5055292,0.060941204,0.3111339,-0.42461345,0.2151859,0.043247633,-0.32821906,0.5003917,-0.39480633,-0.4673784,-0.079240724,-0.13599679,0.46202916,0.5497512,-0.4574049,0.51236427,-0.2386048,0.075266376,-0.51288646,0.2010033,0.4913485,-0.10884926,0.44985116,-0.38664827,0.21756004,0.49847168,-0.38012934,-0.1593617,-0.38315648,1.001165,-0.16080073,-0.060194653,0.0018428338,0.56815016,-0.050047092,0.08238857,-0.5727922,-0.09538407,-0.01941501,-0.2486013,-0.26509494,0.022057256,-0.0024380728,-0.51172745,-0.53049606,0.021461178,-0.085001625,-0.3539545,-0.17945029,-0.15375644,-0.25542212,0.21969718,-0.5649113,-0.22544506,0.4222158,0.16281682,0.1546194,-0.4857419,-0.24747221,0.13584374,-0.23723671,0.21699381,0.48083875,0.39810765,0.06850218,0.24701609,-0.020184826,-0.47824988,0.2299636,-0.29044017,-0.4872907,-0.24657375,0.79504263,-0.13283834,-0.40203804,0.360155,-0.16640605,-0.24465421,0.33284062,-0.24924523,0.24241407,0.50594354,0.12495411,-0.16810146,-0.83207923,0.21281618,0.076107614,-0.33216202,0.13713306,0.38531,-0.09761917,-0.2023827,-0.30062693,-0.12136477,-0.57871395,-0.3218597,0.073510796,0.034508783,0.0766197,-0.40858036,0.011926499,0.37946102,0.039151423,-0.25153247,1.0430487,0.22849593,0.4423262,0.04523825,-0.2483815,0.105099596,0.461974,-0.6656687,0.13782379,-0.23691054,-0.15155235,0.68081224,0.72675794,0.13571183,-0.2538275,-0.022589963,0.057124704,-0.1593241,0.21376069,-0.14077115,0.015387936,0.52582383,-0.636962,0.7338125,0.20637801,0.18682998,0.332976,-0.13340196,-0.009043014,0.15676235,0.7533857,0.31948882,-0.42359626,0.21687931,0.339272,0.07782621,0.12636453,0.037182655,-0.6140864,0.03921824,-0.41329068,-0.49735424,-0.04576838,-0.45937082,0.14394031,-0.2280961,0.15071237,0.2960408,-0.19169404,-0.54959905,0.11965902,-0.89423954,-0.06761995,-0.4178621,-0.31301016,1.0149467,-0.6628258,-0.07016276,0.0077696373,0.16547732,-0.20576656,1.1863432,0.20711245,0.48636103,-0.44434923,-0.07675619,0.48662162,-0.10053532,-0.3019331,-0.5015647,0.100023374,0.7282668,0.41192624,-0.34174585,0.17887768,0.31394544,0.3659727,-0.026931781,1.0114838,0.5900055,-0.46634862,-0.42392418,-0.3459135,0.17830096,-0.55921495,0.5615007,-0.46160638,0.92221606,-0.13686165,0.4688066,-0.25818416,-0.1047557,0.5316917,0.3467589,-0.124847464,0.19040337,-0.31018603,0.04601488,0.16136026,-0.04816643,0.07278746,0.04882408,0.17200346,-0.3457149,0.36492968,-0.016968096,-0.03049375,0.0732955,0.44394556,-0.18866055,-0.19015439,-0.36339122,0.07367322,0.006505864,0.61454237,-0.37367707,0.52121
Entinostat,-0.5022008,0.11603145,-0.64309615,0.06589418,-0.28566208,-0.37515232,-0.42373374,0.1662712,0.6379615,0.4859379,0.4062691,0.10784418,0.6448268,0.38470307,0.15813765,-0.054885034,0.7408863,-0.26445013,-0.048713427,-0.19378182,-0.25626224,-0.45401087,0.18371771,-0.28557917,0.21825287,-0.12486486,-0.05167696,0.15046327,0.07163877,-0.45664805,0.26043946,0.17342813,0.22043289,-0.15522648,-0.27839595,-0.48220536,0.06993926,0.30961117,-0.41535574,0.22518013,0.058010187,-0.31975698,0.4783397,-0.3884372,-0.45696393,-0.06889393,-0.11471247,0.47205114,0.5654756,-0.46995097,0.486248,-0.26053923,0.061676744,-0.54503715,0.19081482,0.47640276,-0.14418939,0.44272795,-0.41806945,0.23640706,0.49282148,-0.36697468,-0.1634675,-0.39872098,1.0278484,-0.15214252,-0.06636592,0.012681902,0.59535205,-0.039670695,0.07362871,-0.5772771,-0.066527195,-0.03516052,-0.22752534,-0.26095355,0.019093053,-0.009662478,-0.5172672,-0.5293507,0.058203656,-0.087249324,-0.38188833,-0.1696937,-0.16775993,-0.2688107,0.22182617,-0.5620566,-0.22845535,0.43174028,0.13795014,0.14634466,-0.49672756,-0.2627077,0.14294825,-0.23405014,0.23369464,0.5021487,0.42078528,0.061533477,0.2458875,-0.0045274636,-0.49529925,0.19769464,-0.30201998,-0.4913605,-0.26809612,0.84090465,-0.13019587,-0.4259557,0.3876276,-0.18526141,-0.2621522,0.33904546,-0.23859599,0.23376377,0.53433764,0.13867524,-0.17675748,-0.8344669,0.22227873,0.09336824,-0.35691193,0.12352622,0.3835048,-0.06740273,-0.20023191,-0.30167487,-0.13452114,-0.5731697,-0.3311077,0.08876085,0.037588876,0.07937278,-0.41410026,0.047503587,0.36802182,0.05582601,-0.24209152,1.0776504,0.23308982,0.43263915,0.039262295,-0.27506998,0.11052667,0.5037734,-0.69512767,0.14512718,-0.24239509,-0.16468455,0.6939283,0.7604836,0.13673504,-0.28023723,-0.012500836,0.059202917,-0.13818629,0.19354728,-0.15735479,0.03057513,0.53968555,-0.63683856,0.738948,0.17005643,0.18154313,0.33149847,-0.14340226,-0.015084782,0.16745925,0.7797348,0.3439676,-0.44119057,0.19929644,0.35848096,0.084095255,0.14617206,0.02581918,-0.6350589,0.055282347,-0.4256826,-0.514577,-0.030530334,-0.46637744,0.14761083,-0.2256711,0.15426506,0.3052868,-0.19593585,-0.5569822,0.15968986,-0.92318296,-0.07392227,-0.43560645,-0.32809138,1.0562551,-0.66809714,-0.09317876,0.025593815,0.20340194,-0.18241571,1.2060686,0.21804598,0.5176902,-0.46276036,-0.09486532,0.48009205,-0.089604676,-0.31786582,-0.5441006,0.10095552,0.7413465,0.44055137,-0.33497602,0.1893281,0.32617345,0.37772766,0.009899036,1.041491,0.60794866,-0.45872453,-0.42407888,-0.36204523,0.17011306,-0.5540257,0.55594885,-0.47509527,0.9408144,-0.10895468,0.48525923,-0.25913757,-0.11569376,0.55436105,0.34871903,-0.13614105,0.19146447,-0.29216284,0.041563928,0.17402111,-0.054197796,0.06601475,0.04830857,0.17873695,-0.36709365,0.3745415,-0.0091316765,-0.035917908,0.03393107,0.4604685,-0.2004639,-0.16754845,-0.36062232,0.07035201,0.012997171,0.6083023,-0.38484472,0.51273406
OSI-027,-0.50890195,0.12990247,-0.65174556,0.06931205,-0.29056513,-0.37904495,-0.43241978,0.17257126,0.64661235,0.48272446,0.41265884,0.107495435,0.6569783,0.39393327,0.16189192,-0.062186737,0.7491372,-0.264257,-0.060729276,-0.19103639,-0.25686923,-0.460861,0.17619199,-0.28768244,0.2316235,-0.12865554,-0.045585226,0.15261851,0.059926238,-0.4523479,0.27086717,0.16994219,0.22138776,-0.15747243,-0.27798003,-0.5048477,0.07515216,0.31334114,-0.42273694,0.22537075,0.060367636,-0.3264787,0.49329728,-0.39327145,-0.46923387,-0.07346466,-0.12888157,0.47211736,0.57097065,-0.46985042,0.5040565,-0.2638816,0.07380562,-0.5459674,0.1932719,0.49230358,-0.12915517,0.46499348,-0.41865808,0.2380729,0.50334436,-0.38181365,-0.16398779,-0.39585096,1.0458,-0.16088676,-0.07083273,0.0073465616,0.59757733,-0.042805567,0.07876049,-0.5857017,-0.07287545,-0.022924215,-0.23885484,-0.26792476,0.01753973,-0.011212411,-0.52086216,-0.53788084,0.045940246,-0.09329184,-0.3828888,-0.17397784,-0.16817316,-0.26790082,0.21960299,-0.56644136,-0.2301622,0.4405715,0.1480911,0.15613547,-0.5067789,-0.2614732,0.138379,-0.24071726,0.22884673,0.5121449,0.42164823,0.064384885,0.246704,-0.008400188,-0.500202,0.21030957,-0.30196583,-0.4921324,-0.2673935,0.84135354,-0.1327097,-0.42237464,0.38694894,-0.18260835,-0.2644059,0.34365663,-0.24491428,0.24361676,0.5373527,0.13857177,-0.17104684,-0.84746116,0.22092234,0.08637189,-0.34541368,0.12834764,0.39016312,-0.07556294,-0.20412734,-0.30321768,-0.12798415,-0.57974464,-0.33286545,0.082754344,0.03451166,0.07885276,-0.41853774,0.037477177,0.38064453,0.05543024,-0.2525048,1.0885535,0.23837139,0.44316584,0.039206967,-0.26472002,0.108279824,0.50388324,-0.69882685,0.14468326,-0.2471443,-0.16249733,0.70415944,0.7684187,0.14456004,-0.27300963,-0.021953171,0.059064534,-0.14917699,0.20972766,-0.1548763,0.025916282,0.5438611,-0.6479649,0.7507813,0.18401964,0.18816528,0.34303525,-0.14131746,-0.021231614,0.16935255,0.7766954,0.3406544,-0.44406798,0.19947387,0.35723144,0.08314099,0.14106537,0.03089623,-0.63593614,0.044810276,-0.42367968,-0.51687884,-0.03512066,-0.47401765,0.15466322,-0.22481392,0.1602277,0.30892766,-0.19829446,-0.5674741,0.15040095,-0.9314795,-0.07705738,-0.43731278,-0.32455346,1.0613046,-0.6748574,-0.0865513,0.029964995,0.19612798,-0.1923192,1.2269521,0.22807893,0.51695406,-0.46377927,-0.088026896,0.49365482,-0.0914627,-0.3190908,-0.53178716,0.1065705,0.74782914,0.43289483,-0.33612606,0.18657519,0.33407336,0.38691312,-0.0013954769,1.0513265,0.61140496,-0.46548668,-0.4302028,-0.36343753,0.17420897,-0.5679165,0.57429886,-0.48108995,0.95468324,-0.12028971,0.48588568,-0.25204486,-0.11535256,0.55311024,0.3610539,-0.12934802,0.19320007,-0.30884543,0.03822064,0.17406291,-0.054769002,0.06629006,0.048277926,0.18033563,-0.36515877,0.37775868,-0.0062796953,-0.03675278,0.050179254,0.46581173,-0.19624864,-0.17675908,-0.36676884,0.07095118,0.010993368,0.62210584,-0.38586187,0.5303106
LGK974,-0.49765164,0.12514944,-0.65710425,0.07145671,-0.27806383,-0.35911188,-0.43001646,0.15126608,0.6235161,0.48705545,0.39711893,0.09818645,0.6406545,0.38414773,0.15738289,-0.056426384,0.73564845,-0.25626263,-0.036973406,-0.19044295,-0.25464478,-0.45224845,0.18163504,-0.29515335,0.2125284,-0.13054298,-0.04843684,0.15113544,0.07094903,-0.46104077,0.26206815,0.17445445,0.22382183,-0.15599242,-0.27334973,-0.47833583,0.08539016,0.3056256,-0.4015836,0.22267486,0.07013449,-0.31098822,0.46233234,-0.37264177,-0.4495014,-0.065586165,-0.109974764,0.45804146,0.558603,-0.46494433,0.4713518,-0.27708903,0.065649696,-0.5532818,0.17589386,0.46806157,-0.1442285,0.45221013,-0.42706802,0.24163851,0.47872844,-0.36889565,-0.16717763,-0.39121193,1.035517,-0.14999993,-0.07628701,0.014768285,0.5958004,-0.03465133,0.066237725,-0.5654708,-0.055200268,-0.024492498,-0.21945117,-0.25985342,0.0130551765,-0.017841993,-0.50209963,-0.5156878,0.065404244,-0.09408064,-0.39247742,-0.1609238,-0.1740511,-0.2623312,0.21422334,-0.5397526,-0.22678114,0.43012327,0.12887393,0.15085931,-0.5006468,-0.26080438,0.13630797,-0.23273663,0.23613691,0.511467,0.42504027,0.06025733,0.2367383,-0.00039222502,-0.49538833,0.18144289,-0.300778,-0.47355816,-0.27301297,0.84790367,-0.1270886,-0.42418593,0.39460215,-0.18727848,-0.26751232,0.33563694,-0.22720255,0.23202126,0.54199517,0.1413215,-0.1679276,-0.8149921,0.21803464,0.09184883,-0.34118265,0.111103706,0.3748922,-0.050731394,-0.19712938,-0.28940466,-0.13114649,-0.5494319,-0.32594866,0.088037096,0.032161,0.079387836,-0.4094739,0.061805986,0.36132604,0.06437478,-0.23921785,1.0756818,0.2336188,0.41992694,0.03025987,-0.26937586,0.10968629,0.51438594,-0.700636,0.14770526,-0.24407393,-0.16433443,0.6963057,0.7718219,0.14647624,-0.27957958,-0.021454973,0.058057427,-0.13407786,0.19420667,-0.16019312,0.035249483,0.5344826,-0.6274993,0.72779685,0.15548654,0.18071418,0.33291945,-0.14689949,-0.030161131,0.1699101,0.76050293,0.3465282,-0.4408038,0.17586766,0.35591185,0.083029956,0.1522504,0.025084827,-0.6290872,0.052949823,-0.41424444,-0.5086868,-0.023194304,-0.46384102,0.15632787,-0.21299343,0.1605804,0.30418316,-0.19659415,-0.5589295,0.1737804,-0.92258996,-0.07994175,-0.43206778,-0.32104844,1.0544114,-0.6515722,-0.096622206,0.049954727,0.2175941,-0.17054741,1.202102,0.2344377,0.51893294,-0.463287,-0.09406687,0.47131225,-0.07833612,-0.31874418,-0.5362464,0.10620176,0.7283734,0.43567243,-0.3163454,0.18417674,0.3342165,0.38498643,0.020385137,1.0367659,0.6011952,-0.4400078,-0.41744134,-0.36390182,0.16466208,-0.55000424,0.5539799,-0.47395533,0.94042623,-0.09831576,0.47892705,-0.23783877,-0.12567684,0.5426165,0.35733694,-0.1296381,0.18728827,-0.28696495,0.027033083,0.17483382,-0.05953447,0.061280448,0.040111117,0.1764697,-0.36848444,0.37166253,0.0048381314,-0.041593533,0.024496973,0.46077636,-0.19270414,-0.15581828,-0.35173693,0.06476368,0.013731197,0.5970641,-0.37970355,0.5077768
VE-822,-0.5275244,0.11705172,-0.6734538,0.06919809,-0.30092084,-0.3960414,-0.444344,0.1784148,0.67319214,0.51578957,0.42397675,0.11655638,0.6744562,0.40439597,0.16365102,-0.05646286,0.7793963,-0.2794165,-0.048688993,-0.20488551,-0.2738241,-0.4772468,0.1971326,-0.300708,0.22393066,-0.12859417,-0.057038385,0.15866484,0.07932033,-0.48276654,0.2723438,0.18368468,0.23418616,-0.16723144,-0.29594997,-0.4978099,0.07202226,0.32130468,-0.43533927,0.23793413,0.06304842,-0.3344578,0.49413607,-0.40673527,-0.47592455,-0.072669104,-0.117563605,0.4978759,0.59465694,-0.49276802,0.50627995,-0.27324983,0.06077302,-0.5719568,0.1987555,0.49710146,-0.16017893,0.4616411,-0.44052705,0.2530297,0.5153671,-0.37835038,-0.1679466,-0.41882288,1.0797247,-0.15905474,-0.06956427,0.015324037,0.62942266,-0.041815504,0.077851094,-0.6085768,-0.062158506,-0.04503552,-0.23413257,-0.2704995,0.017905215,-0.012448356,-0.546724,-0.5574342,0.06967914,-0.0903014,-0.40266025,-0.17811659,-0.17627014,-0.28814018,0.23478284,-0.5927297,-0.23596798,0.45513648,0.13923809,0.14915688,-0.52020735,-0.2746764,0.15064803,-0.24535821,0.24567315,0.5272988,0.44237262,0.06150675,0.25902048,-0.001099013,-0.52213824,0.20164499,-0.31872478,-0.51502395,-0.28563723,0.88568896,-0.13696162,-0.45153856,0.41113457,-0.1968146,-0.27717033,0.35514992,-0.24839471,0.24227351,0.5611549,0.147679,-0.18676592,-0.87916833,0.23545569,0.09997064,-0.38043442,0.1286646,0.40203667,-0.067799985,-0.20935647,-0.31775862,-0.14328285,-0.60532194,-0.34881422,0.09774471,0.04268008,0.08319006,-0.43634185,0.052820254,0.38626298,0.060777366,-0.252956,1.13385,0.24657096,0.45390064,0.039533492,-0.29463205,0.115737185,0.537485,-0.72736675,0.15279469,-0.25316346,-0.17507546,0.7267754,0.79795456,0.1382481,-0.29854965,-0.0071000573,0.06293757,-0.13798547,0.19865187,-0.16781296,0.034243796,0.5694562,-0.667877,0.7751087,0.17224438,0.18823346,0.3452291,-0.15154076,-0.017248722,0.17757246,0.8255772,0.3632528,-0.4641153,0.20929404,0.38173422,0.091010295,0.15457602,0.023466557,-0.66818345,0.0581985,-0.45065966,-0.5442915,-0.030381344,-0.49032924,0.15193878,-0.2373852,0.16178548,0.32011348,-0.20749883,-0.5843938,0.17467666,-0.9725508,-0.080303326,-0.45975116,-0.3471256,1.1135178,-0.70223594,-0.104345486,0.024348987,0.21811785,-0.18781225,1.266782,0.22594109,0.54987675,-0.48692456,-0.104282476,0.50251335,-0.09178308,-0.33771566,-0.5814235,0.10201131,0.7809809,0.46706894,-0.3522771,0.20065951,0.34475282,0.39756504,0.016807076,1.0955333,0.6425793,-0.4838015,-0.44411823,-0.3807591,0.17754255,-0.57620037,0.5796809,-0.50295115,0.9876581,-0.11048348,0.51109046,-0.27362922,-0.11862816,0.58837783,0.36431754,-0.14572687,0.20178683,-0.30347285,0.047208704,0.18652475,-0.054440297,0.06902149,0.051182963,0.18596767,-0.38810742,0.39461833,-0.008775625,-0.034627423,0.030411514,0.48493195,-0.21534576,-0.17296562,-0.38042656,0.07264936,0.01660485,0.6379133,-0.4048716,0.5367943
WZ4003,-0.522645,0.11371039,-0.65125626,0.06453114,-0.30226025,-0.4006807,-0.43273044,0.1867298,0.67182595,0.49927804,0.42688847,0.11999148,0.6685662,0.3981959,0.163947,-0.056077782,0.7696186,-0.2794067,-0.06294798,-0.20205547,-0.26535046,-0.46998802,0.18942483,-0.2861462,0.23097657,-0.12414251,-0.055276033,0.15545754,0.07193694,-0.46573403,0.26849586,0.17750101,0.22456425,-0.16118328,-0.29168907,-0.50415426,0.058522783,0.32063636,-0.4412575,0.23395532,0.050156552,-0.33694455,0.50826365,-0.41467628,-0.4799263,-0.075036995,-0.1250883,0.49731326,0.5893853,-0.48623046,0.5163443,-0.2552508,0.06239398,-0.55284184,0.21030498,0.50017375,-0.14531076,0.45314986,-0.42259657,0.23988748,0.5218455,-0.3783697,-0.16477188,-0.41655248,1.0553985,-0.16008168,-0.061733387,0.009848246,0.61260605,-0.046148095,0.08369886,-0.606222,-0.078128986,-0.043091107,-0.24200287,-0.2701838,0.023907384,-0.0043036505,-0.54659927,-0.5593566,0.05363089,-0.085481286,-0.3856534,-0.18244678,-0.16742472,-0.28250545,0.23421383,-0.59892875,-0.2352706,0.44790992,0.15104532,0.1479863,-0.51038766,-0.27208343,0.15242457,-0.24298944,0.23638995,0.51166767,0.42985314,0.06384864,0.2609423,-0.0077479677,-0.5119668,0.21957524,-0.31120056,-0.52049047,-0.27242875,0.85985214,-0.1369433,-0.44022557,0.3937764,-0.18868947,-0.26650006,0.3521142,-0.25635442,0.24331504,0.5439736,0.1408625,-0.18869536,-0.8784823,0.23198338,0.09504082,-0.3788823,0.13953876,0.40239054,-0.08512671,-0.21007921,-0.32088313,-0.14097606,-0.6124882,-0.34623814,0.09089902,0.043271463,0.08139893,-0.43107295,0.034522913,0.38858333,0.050726004,-0.25427943,1.11338,0.24127017,0.45841014,0.047951844,-0.28571647,0.11432748,0.5117057,-0.71059513,0.14692885,-0.24970604,-0.16873874,0.7131548,0.77432793,0.13300602,-0.28801012,-0.0070683546,0.06364839,-0.14724146,0.20187834,-0.16000398,0.026763827,0.5605656,-0.667321,0.7734244,0.18844432,0.18848088,0.34256276,-0.14374661,-0.0045866296,0.17041694,0.8201465,0.3515189,-0.45571864,0.2248081,0.3712514,0.08863677,0.1439552,0.03052908,-0.6597413,0.05652977,-0.44767162,-0.5350653,-0.039453186,-0.48464257,0.1463027,-0.24300487,0.1549716,0.31509888,-0.20189215,-0.5743981,0.1518245,-0.95347345,-0.072360516,-0.45239303,-0.34276962,1.0911593,-0.7048572,-0.09317306,0.0048311506,0.19611143,-0.19916369,1.2510387,0.21328759,0.53413427,-0.4755896,-0.09764063,0.50457704,-0.10206285,-0.32643148,-0.5656823,0.099803984,0.77572477,0.45550624,-0.36072415,0.19947267,0.3310599,0.38515216,8.961934e-05,1.0789863,0.6329912,-0.48835012,-0.4423871,-0.37141952,0.18083219,-0.57671046,0.57828134,-0.49281582,0.9725805,-0.123051524,0.5053189,-0.2836474,-0.109300345,0.5812006,0.35498476,-0.14448689,0.20036829,-0.3084701,0.055955783,0.179624,-0.051021617,0.07082169,0.057395596,0.18602246,-0.3764749,0.38858712,-0.020486841,-0.031216733,0.046353716,0.4753879,-0.21304637,-0.18382365,-0.38036743,0.07706329,0.014364496,0.63854945,-0.40018132,0.5363254
CZC24832,-0.5447498,0.11213766,-0.6812546,0.06665983,-0.31475696,-0.41830292,-0.451669,0.19310293,0.701065,0.5292622,0.44161588,0.12658271,0.6950373,0.41558495,0.16810171,-0.056305308,0.80407584,-0.2939071,-0.05693316,-0.21368171,-0.28199598,-0.4911702,0.20415844,-0.30215743,0.23256826,-0.12773858,-0.06198166,0.16216959,0.08310726,-0.49408928,0.2772113,0.18872161,0.23767245,-0.1710433,-0.30774775,-0.5119767,0.061614938,0.3326795,-0.4572761,0.24583285,0.05545527,-0.34857583,0.5177794,-0.42898154,-0.49425453,-0.07682304,-0.12216926,0.52136385,0.61554587,-0.50990856,0.5291742,-0.26858833,0.057346333,-0.5814132,0.21537085,0.5150632,-0.16570689,0.46612477,-0.4460648,0.25601107,0.53914624,-0.38594872,-0.17045777,-0.43653587,1.1017194,-0.16329384,-0.0643886,0.015465039,0.64590144,-0.04663391,0.08515068,-0.63303244,-0.071947,-0.05477681,-0.24452895,-0.2778044,0.022724764,-0.0067719347,-0.57275045,-0.58192384,0.06827404,-0.08731092,-0.40696526,-0.18895708,-0.1766095,-0.30052602,0.24701379,-0.62525916,-0.24377577,0.4674946,0.1493063,0.14851674,-0.53130215,-0.28429595,0.16137503,-0.25197372,0.25106084,0.53420895,0.45222905,0.06365496,0.27219498,-0.0034106541,-0.536567,0.21783993,-0.32848436,-0.5419626,-0.28985885,0.90590745,-0.14208001,-0.46618268,0.41743812,-0.20150512,-0.28125173,0.36667037,-0.26297057,0.24898562,0.5704595,0.15010618,-0.19991314,-0.91556007,0.24425606,0.10385522,-0.40350246,0.14082965,0.41848084,-0.08141897,-0.21740095,-0.33461753,-0.15125887,-0.63833696,-0.36245623,0.10162239,0.04787683,0.086067006,-0.45152667,0.044571348,0.4015087,0.055925116,-0.26044098,1.1652509,0.252562,0.47447586,0.047132,-0.3076957,0.120559275,0.5446948,-0.74351287,0.15573953,-0.2589851,-0.17975062,0.74384,0.81078774,0.13378057,-0.30821353,-0.00031873488,0.066516645,-0.14391246,0.20206784,-0.17107199,0.032241646,0.5885167,-0.69308126,0.8038118,0.18565544,0.1937146,0.35234806,-0.15360071,-0.005782334,0.1796117,0.86298597,0.37193656,-0.4772332,0.23213911,0.39397693,0.094495974,0.15506569,0.025619669,-0.6916386,0.06362211,-0.47237846,-0.56271434,-0.03596629,-0.50562316,0.14925332,-0.25295472,0.16092068,0.32927528,-0.21247965,-0.59860426,0.17024331,-0.9989787,-0.077791266,-0.47446823,-0.3620328,1.1454331,-0.7339777,-0.10517137,0.006659125,0.21455067,-0.20041563,1.3033746,0.21977916,0.5653405,-0.50039417,-0.10875866,0.52079165,-0.103081875,-0.34587592,-0.6045586,0.10037828,0.81029284,0.48374704,-0.3753651,0.21012335,0.34710923,0.40215352,0.0106542865,1.1284039,0.6652359,-0.50893456,-0.4609927,-0.3900943,0.18604355,-0.59458786,0.59501165,-0.51689965,1.0143324,-0.119693756,0.53008795,-0.29822955,-0.11541306,0.6126096,0.36787662,-0.15538153,0.21028094,-0.31327236,0.059696957,0.19073358,-0.052724857,0.073825724,0.058746453,0.19228104,-0.3980353,0.4072377,-0.019330407,-0.03173497,0.036571864,0.4967809,-0.22718291,-0.18588123,-0.39670074,0.07892996,0.017230824,0.6618123,-0.41873375,0.5535403
AZD5582,-0.5045549,0.12115834,-0.60105973,0.057166003,-0.30220285,-0.40322375,-0.40709049,0.20492892,0.6593543,0.45304552,0.4250016,0.12102546,0.6548109,0.38570514,0.16008742,-0.06535108,0.73593974,-0.27075288,-0.097666115,-0.18865378,-0.24885944,-0.4502774,0.16314702,-0.25735503,0.25364825,-0.115848415,-0.040666003,0.14503476,0.046364002,-0.41970894,0.2696995,0.15647985,0.20681117,-0.14638056,-0.27353087,-0.51791847,0.043586142,0.31888855,-0.44645682,0.22058007,0.029968046,-0.34241733,0.5264818,-0.41737118,-0.48151082,-0.08418318,-0.14665537,0.48174772,0.56244206,-0.4646475,0.53653413,-0.21882397,0.07350632,-0.5040186,0.22163045,0.5083662,-0.10593152,0.4459533,-0.37747735,0.21376643,0.5219673,-0.3815667,-0.15492673,-0.39381588,1.0000991,-0.16726929,-0.048807684,-0.0025712778,0.5714355,-0.056940306,0.093583375,-0.5939796,-0.109408535,-0.030298304,-0.26169986,-0.26900682,0.028947344,0.0070617157,-0.5344225,-0.5527352,0.009157793,-0.07774721,-0.34164476,-0.19221838,-0.1464118,-0.26529887,0.22862764,-0.59637874,-0.22882377,0.42888194,0.17750745,0.15255235,-0.48562574,-0.25036615,0.14266045,-0.24165757,0.21236521,0.474161,0.39338863,0.07051143,0.25912735,-0.025714556,-0.48182863,0.25354612,-0.29284176,-0.512686,-0.24185301,0.78885067,-0.13741584,-0.40412036,0.35249588,-0.1648819,-0.23864591,0.33963832,-0.2661742,0.24803197,0.49937564,0.122738376,-0.17867008,-0.865013,0.22007458,0.076520644,-0.3506219,0.15469652,0.39998648,-0.12132237,-0.20846786,-0.3181805,-0.12491841,-0.61282957,-0.33065587,0.07400574,0.040559337,0.07680342,-0.4179053,-0.0083890725,0.39264405,0.029157652,-0.2585764,1.0526745,0.23056817,0.46297878,0.05637194,-0.25486037,0.10659988,0.4512775,-0.66278845,0.13434164,-0.23628846,-0.15248868,0.6822014,0.71719456,0.12612188,-0.25420353,-0.012933839,0.059195008,-0.16741128,0.21804322,-0.13794751,0.0085376175,0.53580356,-0.6544708,0.7550919,0.22881843,0.19081986,0.33648363,-0.12828879,0.007921131,0.15603016,0.7809147,0.31674957,-0.42634413,0.24691208,0.34371305,0.07963729,0.11759956,0.03955582,-0.623945,0.039775986,-0.42927638,-0.50835013,-0.055292394,-0.46689373,0.13429436,-0.24585734,0.14388111,0.30052328,-0.19222598,-0.5518204,0.10033575,-0.9011408,-0.061313666,-0.42483187,-0.3222932,1.0234567,-0.687796,-0.065679535,-0.022630356,0.14627993,-0.2242209,1.2014604,0.19043075,0.48693934,-0.4447258,-0.07679454,0.504233,-0.11525604,-0.30331445,-0.5112196,0.09480331,0.74957645,0.41754714,-0.36715597,0.18568562,0.3070509,0.3610778,-0.042595606,1.0233581,0.6018529,-0.49494404,-0.43489173,-0.34520635,0.1859951,-0.5690485,0.57108074,-0.46642867,0.92914015,-0.1534648,0.47850594,-0.28426105,-0.092229985,0.54932463,0.339351,-0.13174778,0.19623564,-0.32341608,0.06393326,0.16175765,-0.04149984,0.079443574,0.060162816,0.17570476,-0.34504282,0.3702683,-0.033550266,-0.02356403,0.08896519,0.44734374,-0.1987817,-0.20799156,-0.377766,0.08266984,0.004861726,0.6350904,-0.382195,0.5346881
GSK2606414,-0.5112621,0.12852766,-0.65653706,0.07012368,-0.28997552,-0.37787127,-0.4343316,0.17003104,0.64693797,0.48774576,0.4125673,0.10753608,0.6576965,0.39445797,0.16242898,-0.060394973,0.75229776,-0.26462168,-0.05696427,-0.19238614,-0.2582772,-0.4625197,0.18001787,-0.29017913,0.22804244,-0.12959045,-0.047668688,0.15345113,0.06350574,-0.4567338,0.2699237,0.17218041,0.22286662,-0.15887053,-0.27945992,-0.50317234,0.07693327,0.31342033,-0.4211353,0.22745816,0.06261861,-0.32494015,0.49231783,-0.39252418,-0.46791297,-0.07132544,-0.12716027,0.47428238,0.57390976,-0.47146147,0.50122213,-0.2672928,0.07296449,-0.5515213,0.19241752,0.49067456,-0.13331634,0.46471328,-0.4239152,0.24071138,0.50386393,-0.3807083,-0.16504231,-0.39884597,1.051254,-0.1602072,-0.07161102,0.008220272,0.60213673,-0.041063868,0.0776115,-0.5867721,-0.06854025,-0.024373192,-0.23620048,-0.26790166,0.017826658,-0.012271747,-0.5215776,-0.538048,0.050671164,-0.09412662,-0.38754892,-0.17258225,-0.17052439,-0.26969928,0.21958628,-0.56614834,-0.23160052,0.44303152,0.14509797,0.15556481,-0.5091746,-0.26462743,0.13878569,-0.2407561,0.23119366,0.51632816,0.42511144,0.063408956,0.24698424,-0.006130611,-0.50349236,0.20606714,-0.3032839,-0.49413565,-0.27109164,0.8486363,-0.13232616,-0.425486,0.3912102,-0.18520905,-0.2669828,0.34510764,-0.24385326,0.24299575,0.5428411,0.14041758,-0.171849,-0.84860855,0.22299242,0.089152396,-0.34865344,0.12665121,0.39039624,-0.07072084,-0.20442265,-0.30412072,-0.12991823,-0.5791672,-0.33464122,0.08449167,0.034713473,0.07905688,-0.41948447,0.042988542,0.37917116,0.05810594,-0.25135928,1.0953182,0.23930348,0.44192827,0.0388976,-0.26835874,0.10902197,0.50997317,-0.7045412,0.14509268,-0.24846748,-0.16404676,0.7064075,0.7745916,0.1461078,-0.2764811,-0.020806974,0.05954241,-0.14679639,0.20698602,-0.15756129,0.027989624,0.5457313,-0.6479205,0.7532131,0.17908026,0.18783063,0.34412625,-0.14205295,-0.0217922,0.17123787,0.78077316,0.34412056,-0.44717655,0.1965959,0.35952395,0.084159896,0.14371048,0.029675066,-0.63956344,0.046450492,-0.42507872,-0.5193918,-0.03284722,-0.47513467,0.15550332,-0.22453533,0.16107686,0.3113561,-0.198802,-0.5684703,0.15561083,-0.9364166,-0.07786201,-0.4404982,-0.32742482,1.0684546,-0.67695665,-0.08924448,0.032887273,0.201539,-0.18894143,1.2315211,0.23097928,0.5214597,-0.4658668,-0.090140186,0.4941485,-0.09015583,-0.32115054,-0.53777355,0.10754821,0.75100976,0.4369736,-0.33520514,0.18875755,0.33606783,0.38959262,0.0034722455,1.056608,0.6135267,-0.46483162,-0.4298439,-0.36585325,0.17374937,-0.5685083,0.57514787,-0.48285252,0.9584043,-0.11679745,0.48894367,-0.25158504,-0.117277585,0.55739045,0.3611763,-0.13090666,0.19262785,-0.3072975,0.036874067,0.17585114,-0.055582706,0.064954385,0.048173487,0.1822962,-0.36857358,0.37922794,-0.0055823848,-0.038312845,0.044568237,0.46970946,-0.19809261,-0.1733592,-0.36638546,0.07045678,0.011694247,0.6220951,-0.38821033,0.52927333
PFI3,-0.5013315,0.12809609,-0.63568646,0.0661607,-0.28947052,-0.3805361,-0.42205748,0.17585735,0.6420229,0.47066855,0.41197777,0.10597307,0.6511453,0.38613567,0.15963382,-0.06334109,0.73785704,-0.2632099,-0.066577114,-0.1894741,-0.2499636,-0.45291612,0.16906185,-0.27823642,0.23518646,-0.12640385,-0.04106025,0.14925492,0.054885436,-0.4427296,0.26780033,0.16678314,0.21627383,-0.15127978,-0.27345207,-0.5036311,0.06720038,0.31314352,-0.42379394,0.21973987,0.050195575,-0.32770935,0.4962789,-0.39502707,-0.46949014,-0.07634277,-0.12903826,0.46789977,0.5599718,-0.46733966,0.50807995,-0.25364584,0.072169006,-0.5323004,0.19737457,0.4909929,-0.121467024,0.4547681,-0.40376523,0.22668755,0.49926957,-0.3820789,-0.1649141,-0.3923112,1.0246655,-0.15847877,-0.06531065,0.0063393307,0.5833876,-0.046675067,0.078471616,-0.57754457,-0.08664861,-0.021929115,-0.24399711,-0.2675073,0.020183107,-0.006686119,-0.5168269,-0.53338546,0.035876933,-0.088132344,-0.37093344,-0.17678781,-0.16208239,-0.2605008,0.22241724,-0.56677276,-0.22880958,0.42923665,0.15453736,0.15443924,-0.49649596,-0.25579655,0.13992618,-0.23853587,0.22715533,0.49531415,0.41252005,0.06725037,0.24878462,-0.015294179,-0.4898962,0.21919495,-0.2980952,-0.49061212,-0.25743622,0.8231042,-0.13365017,-0.41607395,0.37559727,-0.17438881,-0.25527892,0.33813575,-0.24669676,0.24248622,0.5233986,0.1311836,-0.17151518,-0.837606,0.21664011,0.08206295,-0.3409696,0.1317197,0.38715374,-0.08517769,-0.2035746,-0.30131948,-0.12678705,-0.57931703,-0.3275811,0.07882169,0.035492647,0.078275055,-0.4146278,0.026591642,0.3790441,0.046067815,-0.25134942,1.0675256,0.23291229,0.44238928,0.04222976,-0.25821957,0.1082047,0.4838513,-0.68559957,0.1431684,-0.24274893,-0.1568111,0.6952985,0.750057,0.13998841,-0.2655804,-0.022700662,0.05885337,-0.1543753,0.21040638,-0.14855044,0.021709986,0.5360662,-0.64337933,0.7423007,0.19393621,0.18700574,0.3365605,-0.14000595,-0.013872282,0.16198327,0.7673575,0.33267456,-0.43532935,0.20907444,0.34905365,0.080574594,0.13613838,0.034852948,-0.6286412,0.045198243,-0.42020306,-0.5076297,-0.040760193,-0.4668678,0.14984882,-0.22655845,0.15597203,0.30202776,-0.19591342,-0.56019735,0.13752781,-0.9156537,-0.07130862,-0.42854404,-0.32032844,1.0418545,-0.67067647,-0.07866303,0.01962573,0.18353085,-0.19784229,1.2080419,0.21678676,0.50400335,-0.4571264,-0.08356479,0.4880576,-0.09616137,-0.3104984,-0.5200522,0.1033799,0.73847,0.42603624,-0.33991003,0.1835215,0.32372782,0.37560192,-0.012659713,1.0340416,0.6021456,-0.46439835,-0.42868075,-0.35681924,0.17757128,-0.5652488,0.56601375,-0.47183433,0.9414251,-0.12738216,0.48000106,-0.2573353,-0.11251876,0.5424238,0.35474882,-0.12933542,0.19246255,-0.30570972,0.042196315,0.16763371,-0.052251562,0.070001595,0.046647396,0.175682,-0.3577288,0.37311503,-0.01135126,-0.033673827,0.05943917,0.45457575,-0.19287466,-0.18227684,-0.36488,0.07128652,0.009433054,0.6179821,-0.38091496,0.5237948
PCI-34051,-0.5044722,0.12111912,-0.6507282,0.06940844,-0.28612062,-0.37371892,-0.42866886,0.16635536,0.64003223,0.48857448,0.40543035,0.107025936,0.6467275,0.38891298,0.1592446,-0.056068595,0.7448694,-0.2624595,-0.049130037,-0.19222698,-0.2584729,-0.4575486,0.18368931,-0.28892204,0.2185619,-0.12642556,-0.05097935,0.15189558,0.06926607,-0.4578221,0.26454642,0.17323369,0.2229545,-0.15935971,-0.2789713,-0.48701227,0.07557491,0.30742136,-0.41383237,0.22580972,0.0635773,-0.3195046,0.4771017,-0.38681927,-0.4576352,-0.06928366,-0.11855138,0.47010806,0.5685048,-0.46823883,0.48733523,-0.26651192,0.066554375,-0.5488952,0.18707763,0.4792184,-0.14298524,0.45269072,-0.42313254,0.24128422,0.49409762,-0.37026912,-0.16218852,-0.3966195,1.0395105,-0.15500541,-0.07077962,0.011314471,0.5993615,-0.038779125,0.07431482,-0.57926685,-0.060425,-0.031417213,-0.22747187,-0.26191613,0.016532315,-0.013287616,-0.51722455,-0.5314278,0.06053801,-0.09131191,-0.3871914,-0.1682079,-0.170368,-0.2709413,0.21945605,-0.5595611,-0.22673616,0.43759596,0.13614073,0.149499,-0.5019397,-0.26275545,0.13961932,-0.23616463,0.23188032,0.51042104,0.42307255,0.060922943,0.24455471,-0.002446714,-0.49882057,0.19547233,-0.30257905,-0.4881359,-0.27175933,0.84551406,-0.13046978,-0.42683718,0.3922648,-0.18644886,-0.26641643,0.34073865,-0.23770584,0.23593298,0.5388653,0.14121565,-0.17260607,-0.83777994,0.22245993,0.092488,-0.35260588,0.122451425,0.38432533,-0.06340142,-0.20037828,-0.30090192,-0.13185972,-0.5723179,-0.33226216,0.08815111,0.036006175,0.07849079,-0.41529447,0.049552523,0.3711504,0.060480345,-0.2459486,1.0852896,0.23635675,0.43375483,0.036945667,-0.27321032,0.10861687,0.512563,-0.69764715,0.1451213,-0.24486399,-0.16546348,0.6981976,0.7682483,0.14075197,-0.2799088,-0.015089479,0.059178904,-0.13775735,0.19717334,-0.15855533,0.03152975,0.54179186,-0.6387799,0.74189395,0.16758804,0.18248424,0.33610225,-0.14329332,-0.022103576,0.17089938,0.778727,0.3456292,-0.44366196,0.1926706,0.36074093,0.08550328,0.14629531,0.025721807,-0.6349308,0.050200365,-0.42329615,-0.5168304,-0.029777944,-0.46904832,0.15195554,-0.22250511,0.15814328,0.30708972,-0.1972662,-0.5613173,0.16348189,-0.9294224,-0.0778185,-0.43815354,-0.32708547,1.0619403,-0.66798174,-0.09512199,0.03265771,0.20726074,-0.18116608,1.2156863,0.22566675,0.5217757,-0.46346503,-0.094919086,0.4837775,-0.08602874,-0.32048866,-0.5432729,0.10306727,0.7441023,0.4386471,-0.33096102,0.18903479,0.33333775,0.38460797,0.012178578,1.0477376,0.6104444,-0.45753983,-0.42331162,-0.3636123,0.1692514,-0.5561325,0.5627975,-0.48006782,0.9470541,-0.10837149,0.4853735,-0.2515686,-0.11606119,0.555842,0.3551879,-0.13287084,0.19108391,-0.29686224,0.03835797,0.17694533,-0.05507592,0.06366306,0.047857188,0.17974734,-0.36809045,0.37607333,-0.0049754917,-0.03646559,0.034373537,0.46554118,-0.19927211,-0.16564561,-0.36128178,0.06847663,0.01417943,0.6114603,-0.38574556,0.5185075
Wnt-C59,-0.49187854,0.12765239,-0.65354425,0.07206125,-0.27408165,-0.35206085,-0.42792535,0.14768043,0.614599,0.481803,0.39144737,0.09538434,0.63416815,0.38104442,0.15549743,-0.05764509,0.7271213,-0.25116286,-0.03534925,-0.18702103,-0.25266957,-0.44751388,0.17835097,-0.29505306,0.2111726,-0.13056375,-0.04604121,0.15031713,0.06893199,-0.45666024,0.26122475,0.17190059,0.2229847,-0.15479548,-0.269149,-0.47448912,0.089258745,0.30206802,-0.39476362,0.22022745,0.07309667,-0.30691376,0.4542883,-0.3648122,-0.4436515,-0.06493111,-0.10925527,0.44999215,0.55112207,-0.45849502,0.46450764,-0.2780074,0.06726772,-0.54916024,0.17020698,0.46294695,-0.1414069,0.45196763,-0.42441553,0.24100928,0.4706042,-0.3663617,-0.16545169,-0.38416442,1.02819,-0.14959908,-0.07815125,0.014477916,0.59010106,-0.033515133,0.06461578,-0.5581591,-0.052321646,-0.021280931,-0.21661612,-0.25739297,0.0107821105,-0.019962046,-0.49323308,-0.50776917,0.06434672,-0.09528713,-0.38969365,-0.15778944,-0.17325,-0.25836313,0.20957972,-0.5289935,-0.22347635,0.42613238,0.12610608,0.1516383,-0.49675265,-0.2562118,0.131923,-0.23129292,0.23343538,0.50883925,0.42106742,0.05938468,0.23176724,0.00019086683,-0.4905426,0.1767301,-0.29720616,-0.4636648,-0.2714584,0.83953387,-0.12554571,-0.41821462,0.391911,-0.18573555,-0.26590127,0.33147436,-0.2221851,0.23018986,0.53808534,0.14013763,-0.16260923,-0.80372703,0.21497126,0.08974955,-0.33218855,0.10726785,0.36988163,-0.04740084,-0.19451326,-0.28373915,-0.12755853,-0.53883094,-0.32111615,0.08695987,0.03062491,0.078357615,-0.40461665,0.063376166,0.35693145,0.06584,-0.23699993,1.0643653,0.23222317,0.4137979,0.02733396,-0.26430038,0.10772051,0.5114238,-0.6941088,0.14655882,-0.24197742,-0.1629198,0.6905942,0.7666248,0.14747351,-0.27547854,-0.023885366,0.05652339,-0.13232294,0.19435526,-0.15852499,0.03543096,0.5284168,-0.6192336,0.7179581,0.15241359,0.1794789,0.33095336,-0.14612146,-0.03482036,0.16950431,0.747007,0.34251416,-0.43579718,0.16845804,0.35179275,0.08157528,0.1514473,0.024005283,-0.6202375,0.049995624,-0.40706795,-0.50267226,-0.02149964,-0.45912486,0.15713185,-0.20780897,0.16108105,0.30084586,-0.19508009,-0.55458724,0.17481743,-0.9133531,-0.08158619,-0.4265052,-0.31521964,1.0426862,-0.64008766,-0.09614644,0.05553453,0.21803893,-0.16754532,1.1896379,0.2362842,0.51299584,-0.45860097,-0.091870025,0.46587285,-0.074464574,-0.31649053,-0.5271828,0.10623402,0.7180921,0.42931426,-0.30872542,0.18031867,0.33388782,0.38389754,0.021541461,1.0251054,0.59368944,-0.43272662,-0.4123557,-0.36053252,0.16177827,-0.54365146,0.54930913,-0.4698146,0.93130124,-0.096278995,0.47165623,-0.22902319,-0.12587288,0.5341574,0.35651934,-0.12556288,0.18469475,-0.28492814,0.022892378,0.17344151,-0.059649434,0.06041387,0.037318267,0.17374957,-0.3648147,0.36733618,0.008974713,-0.04189314,0.023984727,0.45628592,-0.18894106,-0.15246004,-0.34695274,0.063083194,0.013237495,0.58988947,-0.37458512,0.50329924
I-BET-762,-0.5230934,0.117323674,-0.65689003,0.06676937,-0.30123773,-0.3974602,-0.43649212,0.18449534,0.67108315,0.5020831,0.42427188,0.11807149,0.669859,0.39983702,0.16328205,-0.058088556,0.7710654,-0.2784404,-0.06067768,-0.2014296,-0.26659516,-0.47131345,0.18983252,-0.28973067,0.22870016,-0.126231,-0.053888343,0.15684406,0.070890315,-0.46900254,0.26959336,0.1784545,0.22732279,-0.16367993,-0.29179195,-0.50461966,0.064006165,0.31945544,-0.43724716,0.23384713,0.054904416,-0.33429095,0.50386876,-0.4093671,-0.47875774,-0.07531623,-0.12509602,0.4953284,0.5883347,-0.4859319,0.5151247,-0.26147866,0.06447467,-0.55711913,0.20696256,0.49871033,-0.14600444,0.4590904,-0.42663953,0.2433102,0.51888365,-0.3797878,-0.16562648,-0.4149063,1.0621207,-0.1605278,-0.065830305,0.011342275,0.61544955,-0.045785796,0.082735576,-0.604698,-0.07396431,-0.041229274,-0.2399621,-0.27050766,0.021457452,-0.008512441,-0.54403675,-0.5567116,0.057441358,-0.08853627,-0.39088595,-0.18090683,-0.17011522,-0.28279245,0.23349363,-0.59508586,-0.23470502,0.45039997,0.14868484,0.14919864,-0.513111,-0.271169,0.14999087,-0.24442688,0.23751968,0.5166997,0.43274134,0.062478494,0.2589421,-0.0059817755,-0.51520795,0.21546212,-0.31192493,-0.5154043,-0.27662876,0.8649271,-0.13617377,-0.44212958,0.39848644,-0.18967804,-0.26994333,0.35217708,-0.25254452,0.24373515,0.5486254,0.14208671,-0.18554203,-0.8757753,0.23059474,0.09451683,-0.37391245,0.13586058,0.40131775,-0.080171205,-0.21019371,-0.31789362,-0.14008968,-0.6079605,-0.34602535,0.091166236,0.042629704,0.08183467,-0.431285,0.038665537,0.38944757,0.05380914,-0.2540403,1.1174818,0.24346581,0.45603564,0.045071505,-0.28419912,0.113690965,0.51824415,-0.71339405,0.14833777,-0.25097492,-0.16846226,0.7163159,0.7804258,0.13562122,-0.28797263,-0.009474271,0.063895226,-0.14532262,0.20303632,-0.16167311,0.028147766,0.56095326,-0.66662776,0.7727196,0.18382047,0.1890645,0.34391373,-0.1450002,-0.0102299005,0.17126603,0.8169266,0.35211888,-0.4572855,0.2179894,0.3723651,0.08916857,0.14584246,0.029067997,-0.6603224,0.053952403,-0.44625327,-0.5348863,-0.03675908,-0.48571298,0.14891097,-0.23877059,0.15936814,0.31597236,-0.20438036,-0.57712245,0.15742421,-0.95680356,-0.076176174,-0.4527401,-0.34256354,1.0944954,-0.70294994,-0.0948771,0.012819638,0.20161813,-0.19489288,1.2562525,0.21960345,0.53748876,-0.4778544,-0.09740672,0.5039008,-0.09843591,-0.3285263,-0.56581026,0.100951225,0.7747559,0.4556538,-0.3552837,0.19856444,0.3360677,0.39054528,0.003389156,1.0818022,0.63333786,-0.485074,-0.44225246,-0.37318897,0.18168722,-0.5774535,0.57952845,-0.49531832,0.9765533,-0.12076829,0.505477,-0.27667534,-0.11180706,0.58066094,0.3596436,-0.1431494,0.19970961,-0.30851692,0.051914845,0.18094476,-0.05156179,0.069565736,0.054291055,0.18537591,-0.3787772,0.38955888,-0.015630923,-0.032575697,0.04459413,0.47756013,-0.21215336,-0.18107627,-0.38059857,0.073641635,0.015060098,0.6379726,-0.39937773,0.53694326
RVX-208,-0.5079328,0.11631638,-0.646077,0.06693291,-0.2900068,-0.38179678,-0.42695865,0.17289333,0.647784,0.48945534,0.41042084,0.111903965,0.6492805,0.39028972,0.16004254,-0.055073887,0.7494027,-0.267273,-0.054127187,-0.19437076,-0.25891197,-0.45963886,0.1846324,-0.2845388,0.22034454,-0.12432411,-0.053496104,0.1522157,0.06984947,-0.45703542,0.26280975,0.17381074,0.22069032,-0.15970622,-0.2823017,-0.49025872,0.067408,0.30905727,-0.42094344,0.22757952,0.057493005,-0.32329273,0.48675728,-0.39568132,-0.46283612,-0.07027163,-0.12123054,0.47800222,0.5739915,-0.4711673,0.49544552,-0.2595108,0.064373344,-0.5466857,0.19525763,0.48414654,-0.14249335,0.4493338,-0.4205534,0.23919453,0.5029715,-0.36983988,-0.16102421,-0.40207234,1.0383979,-0.15556356,-0.06636231,0.0103270635,0.60005254,-0.04111429,0.07861939,-0.5859088,-0.06611463,-0.036019098,-0.23159684,-0.26290745,0.02006527,-0.009061079,-0.52568847,-0.5392173,0.05788649,-0.08865643,-0.3839463,-0.17239346,-0.16792755,-0.2741659,0.22261041,-0.5716972,-0.22835895,0.43940684,0.14051077,0.14712538,-0.50191265,-0.26601627,0.14434174,-0.23659092,0.23091993,0.5078285,0.42288244,0.06148302,0.24936107,-0.0040987395,-0.5003058,0.20349504,-0.30345863,-0.49836662,-0.26991707,0.84513766,-0.1319129,-0.42883182,0.38957378,-0.18631838,-0.26558474,0.34332448,-0.24443926,0.23736738,0.5367752,0.14060225,-0.17757016,-0.8484784,0.22449146,0.09364753,-0.361326,0.12913306,0.38899598,-0.07117587,-0.20240413,-0.3072601,-0.13411851,-0.5850429,-0.33580253,0.08837784,0.039014097,0.07838959,-0.41794813,0.043077566,0.37508333,0.056519084,-0.24742375,1.0895686,0.23685886,0.44106928,0.04213304,-0.27607033,0.109408244,0.5090917,-0.6975285,0.14394166,-0.24565542,-0.16551867,0.6980609,0.7648385,0.1367405,-0.2809521,-0.011486483,0.060511943,-0.14044632,0.19725904,-0.15794982,0.029497612,0.545377,-0.64456064,0.7496772,0.17407931,0.18325026,0.3366422,-0.14147997,-0.014044064,0.17003809,0.7901058,0.34536433,-0.44572043,0.20379044,0.36217713,0.08632202,0.14346215,0.027287863,-0.6399972,0.05211289,-0.42980283,-0.5205496,-0.033571728,-0.471597,0.148928,-0.22825748,0.1557045,0.30901226,-0.19655159,-0.5614259,0.15696926,-0.93191886,-0.07472622,-0.44146273,-0.3311808,1.066252,-0.67916703,-0.09304599,0.021352839,0.20131391,-0.18677269,1.221372,0.2192479,0.52349156,-0.46407318,-0.09570971,0.48933947,-0.092491955,-0.32025692,-0.5482066,0.101837285,0.7515107,0.44166392,-0.34046626,0.19241735,0.32983205,0.38196513,0.008003797,1.0532279,0.61503714,-0.46633026,-0.4274097,-0.36407012,0.17203782,-0.5605797,0.56561655,-0.48144364,0.9500781,-0.113182224,0.49063742,-0.26246002,-0.11166258,0.5630162,0.352107,-0.13652663,0.19302624,-0.29960805,0.045545164,0.177052,-0.053297598,0.064539805,0.05248425,0.18207389,-0.36818767,0.37884063,-0.011973919,-0.034334175,0.038343526,0.4668297,-0.20358479,-0.17115113,-0.36547974,0.07139866,0.014412536,0.6180153,-0.3887709,0.5222037
OTX015,-0.5359093,0.11744306,-0.68088996,0.06880686,-0.30640754,-0.40363482,-0.44986397,0.18060054,0.68404764,0.520177,0.4333117,0.11831042,0.68508714,0.40934017,0.16708052,-0.0571174,0.7917597,-0.28603113,-0.052111406,-0.20858942,-0.27291945,-0.48363736,0.19704941,-0.3012407,0.22817743,-0.13138978,-0.05814365,0.16183886,0.078168884,-0.48892823,0.27281514,0.18720466,0.23383906,-0.16739957,-0.3000771,-0.5110797,0.067387365,0.3274483,-0.4446219,0.24038477,0.057990074,-0.3392785,0.51078033,-0.41725612,-0.4889927,-0.07408002,-0.12052687,0.5069675,0.6041928,-0.50138575,0.5198127,-0.27475238,0.061213285,-0.57887334,0.20899776,0.5060343,-0.15603624,0.46738485,-0.44407868,0.25103372,0.5278795,-0.3873061,-0.17374855,-0.42935687,1.0917163,-0.1596846,-0.06908147,0.015081018,0.6335539,-0.04427403,0.08101016,-0.61653036,-0.07279729,-0.043003283,-0.24111173,-0.2766036,0.021739775,-0.009471519,-0.5556838,-0.566925,0.066625886,-0.09088175,-0.40753797,-0.18192647,-0.17772493,-0.28862393,0.23888293,-0.6062988,-0.24235557,0.45942026,0.14655155,0.15122987,-0.5279904,-0.28240353,0.15776528,-0.24811818,0.24899328,0.53230834,0.4495831,0.06346385,0.26419953,-0.003886026,-0.52989656,0.21258555,-0.32194495,-0.5274658,-0.28635058,0.8974546,-0.13832608,-0.45826837,0.4133356,-0.19844979,-0.28073487,0.3608892,-0.25574952,0.2473842,0.56806844,0.14767613,-0.19264022,-0.8914551,0.23633848,0.10014203,-0.38697526,0.13479649,0.40874374,-0.07451327,-0.21458264,-0.32308543,-0.14725454,-0.6173612,-0.35522115,0.0960007,0.04385771,0.084822476,-0.44184628,0.048807457,0.39431915,0.057404242,-0.25648174,1.1494787,0.24915718,0.4631497,0.04481791,-0.29551864,0.118965656,0.537717,-0.7393873,0.15475158,-0.25915304,-0.17453927,0.7368512,0.8069383,0.14042161,-0.30081218,-0.010309594,0.06641369,-0.14588764,0.2035107,-0.16893116,0.032764353,0.57621676,-0.68167865,0.7901167,0.17931211,0.19246511,0.35084593,-0.15230815,-0.010959901,0.1764132,0.83950084,0.36684722,-0.47215945,0.2177927,0.38314006,0.091685764,0.15523103,0.02974149,-0.6813523,0.062125023,-0.45887178,-0.5494399,-0.034304842,-0.49828064,0.15498398,-0.24250768,0.16402209,0.3249538,-0.20910768,-0.5930442,0.17062342,-0.98490536,-0.07780985,-0.46634316,-0.35270137,1.1293381,-0.71992016,-0.100562096,0.01962264,0.21618702,-0.19369566,1.2882613,0.22837736,0.5568961,-0.49440327,-0.103264846,0.5114708,-0.0990012,-0.3382299,-0.5865522,0.10518365,0.79189926,0.47259313,-0.36113098,0.20485985,0.34505332,0.4005446,0.012162585,1.1131486,0.6509887,-0.49024937,-0.45348257,-0.38687816,0.18369327,-0.5917155,0.5903679,-0.50798684,1.0040007,-0.11600228,0.5215173,-0.28366026,-0.12001012,0.5954564,0.36985514,-0.14927976,0.20425142,-0.30868894,0.05076757,0.1865759,-0.05640222,0.068910606,0.053923592,0.19072215,-0.39252597,0.40123996,-0.0131434295,-0.035797857,0.035538547,0.4903556,-0.21802226,-0.17930676,-0.38630623,0.07492402,0.016926425,0.6493066,-0.41014197,0.54581016
GSK343,-0.49953523,0.12449571,-0.63278383,0.06575998,-0.28654277,-0.37510806,-0.4207794,0.17211951,0.6358249,0.46999383,0.40749678,0.10814782,0.6436989,0.38567215,0.15960005,-0.05967641,0.73409796,-0.26022187,-0.06402151,-0.1871309,-0.25037396,-0.45113283,0.17252603,-0.27767003,0.22940889,-0.124071404,-0.04618521,0.1490843,0.05846549,-0.4397378,0.26376864,0.16508833,0.21416637,-0.15266591,-0.27225417,-0.49784476,0.06874836,0.30863124,-0.41769725,0.22167881,0.054540712,-0.32187134,0.4910217,-0.39028275,-0.46183053,-0.07213981,-0.128885,0.4661769,0.5616798,-0.46036142,0.49817547,-0.25207835,0.07214244,-0.531788,0.19470154,0.4846148,-0.12369037,0.45227957,-0.40678024,0.22986579,0.49880156,-0.3739985,-0.15929098,-0.3900802,1.020081,-0.1584399,-0.06569315,0.0054354346,0.5831686,-0.04282708,0.08006151,-0.5766634,-0.07609523,-0.023723135,-0.23695531,-0.26288936,0.020465117,-0.006950493,-0.5133128,-0.5306327,0.04029734,-0.089666806,-0.37025285,-0.17233339,-0.16220446,-0.26304224,0.21531443,-0.5605462,-0.22722287,0.4316985,0.14913498,0.15266865,-0.4949061,-0.25765258,0.13734284,-0.23579872,0.2217737,0.4985134,0.4108135,0.06382243,0.2432398,-0.009813538,-0.48869127,0.21246842,-0.29454225,-0.4885705,-0.25880617,0.8194027,-0.13001496,-0.4116079,0.37477034,-0.17843679,-0.25665075,0.3378663,-0.24406481,0.23968291,0.52345407,0.1343694,-0.16983333,-0.83527505,0.21750017,0.08534109,-0.3423099,0.13047716,0.38501772,-0.07983088,-0.20092416,-0.30109605,-0.12569378,-0.5738257,-0.32756037,0.07989116,0.034202926,0.07688877,-0.40977162,0.03175091,0.3740803,0.051645316,-0.24788447,1.0651042,0.23267166,0.43759838,0.04259646,-0.25962803,0.105960585,0.4869291,-0.68264973,0.13976844,-0.2418553,-0.15920344,0.68743783,0.7480802,0.13994853,-0.26625803,-0.019644776,0.057764072,-0.14908281,0.20550475,-0.14979985,0.02348861,0.5325339,-0.6365482,0.7387363,0.1857582,0.18506606,0.3363901,-0.13586022,-0.014868175,0.16511169,0.76477253,0.3317314,-0.43446785,0.20235208,0.34844548,0.081181504,0.13552652,0.03139455,-0.62318337,0.044701032,-0.4169262,-0.50658303,-0.03682612,-0.46426457,0.14926754,-0.22437099,0.154244,0.30341023,-0.19212878,-0.55371284,0.14041647,-0.9099687,-0.07257571,-0.4286459,-0.31923318,1.0376189,-0.6655052,-0.081814386,0.021543331,0.18598555,-0.19313255,1.2010205,0.21897197,0.50328743,-0.45223793,-0.08489098,0.4869081,-0.09427284,-0.3106486,-0.52008474,0.10381241,0.73540556,0.4234973,-0.33478874,0.18446682,0.32304803,0.3759305,-0.0062145526,1.0297909,0.59875524,-0.4608311,-0.42254478,-0.3545415,0.17173205,-0.55813265,0.56443566,-0.46943983,0.93326414,-0.12169071,0.47680664,-0.2535059,-0.109517075,0.5441276,0.3500427,-0.12760215,0.1894441,-0.3054717,0.041324947,0.16898538,-0.052767932,0.065786965,0.051079266,0.17884858,-0.35569686,0.36968112,-0.01180968,-0.03537505,0.05286921,0.4560233,-0.19372633,-0.17715447,-0.3605458,0.07259599,0.009700094,0.6123594,-0.3791851,0.5207512
ML323,-0.49448892,0.12650758,-0.65407753,0.0714708,-0.27638552,-0.35629487,-0.42816266,0.14966403,0.61927706,0.48233813,0.39527154,0.09689402,0.6371213,0.38269356,0.15718275,-0.056764375,0.73101896,-0.2535487,-0.03798877,-0.18805486,-0.25233904,-0.44974986,0.1788603,-0.29333112,0.21321085,-0.13021818,-0.047375932,0.15053397,0.06855706,-0.4569499,0.26141712,0.17244726,0.22200312,-0.15466852,-0.27062938,-0.47889748,0.086157724,0.3041211,-0.39899182,0.22101746,0.06992568,-0.30967668,0.46145448,-0.37051958,-0.44781268,-0.065484464,-0.11109188,0.45401496,0.55546963,-0.46146578,0.4699256,-0.27593836,0.067362025,-0.5500716,0.17447582,0.466695,-0.14032137,0.45209438,-0.42452502,0.23951805,0.47664425,-0.3689781,-0.16610387,-0.38786927,1.0305661,-0.15006861,-0.076415256,0.013658487,0.5910338,-0.034366835,0.06637119,-0.5617889,-0.056072686,-0.021497894,-0.21976735,-0.25920135,0.013070422,-0.01742277,-0.49795267,-0.5126303,0.062511325,-0.0946048,-0.38955063,-0.15955725,-0.17294396,-0.25966957,0.21136835,-0.53535324,-0.22562604,0.4279209,0.12925015,0.15195023,-0.49846885,-0.2590112,0.13463208,-0.2318683,0.23351254,0.5092863,0.42216995,0.060615502,0.23439017,-0.0011222882,-0.49179807,0.18194163,-0.2982658,-0.46994615,-0.27033716,0.84141684,-0.12628274,-0.41994044,0.39134854,-0.18587251,-0.26608473,0.33404696,-0.22630167,0.23201402,0.5386597,0.14018428,-0.16538624,-0.8100648,0.21602367,0.09051525,-0.3365438,0.11095968,0.3731167,-0.0510734,-0.19598022,-0.2873106,-0.12866011,-0.54523027,-0.32370037,0.08606099,0.030850792,0.07849344,-0.40637085,0.060321115,0.35972297,0.06426199,-0.23901188,1.0689605,0.23246466,0.41810733,0.030305304,-0.26547027,0.10826634,0.5099502,-0.6963807,0.14642034,-0.24331366,-0.16329847,0.6928996,0.76778346,0.14737085,-0.2762349,-0.02337545,0.057115395,-0.13525452,0.19527145,-0.15805234,0.03452201,0.53075075,-0.6239616,0.7235132,0.15623955,0.18047369,0.33240604,-0.14554368,-0.030970141,0.16930765,0.75342816,0.34364286,-0.43791738,0.17376086,0.35253343,0.08204965,0.15071753,0.025660567,-0.62390006,0.05127211,-0.41000527,-0.50497746,-0.023606356,-0.46114054,0.15700467,-0.21103992,0.16026318,0.30253595,-0.19469494,-0.55620843,0.17106326,-0.9165509,-0.079563834,-0.42898792,-0.31759897,1.0469128,-0.64670736,-0.09444234,0.051181827,0.215298,-0.17097582,1.1954981,0.23469023,0.51414794,-0.4598472,-0.09185675,0.46969718,-0.07794057,-0.31623268,-0.5292536,0.10674514,0.723309,0.4309156,-0.31369814,0.18235913,0.33277905,0.383399,0.018584138,1.0306687,0.59672415,-0.43674567,-0.41506812,-0.36155555,0.16339906,-0.54807734,0.5530961,-0.47093767,0.9351596,-0.099000975,0.47498503,-0.23465756,-0.12477047,0.5375734,0.35678858,-0.12705511,0.18590285,-0.2875351,0.025721867,0.17324549,-0.05988479,0.06064883,0.040059935,0.17599115,-0.3651388,0.3692036,0.005233493,-0.041758746,0.026442276,0.45814654,-0.19004084,-0.15558419,-0.3491522,0.06476122,0.013059916,0.59441835,-0.37716988,0.50660235
Entospletinib,-0.5056953,0.13601086,-0.66676295,0.07407784,-0.28356582,-0.36373785,-0.4381635,0.15621312,0.63294286,0.4864382,0.4056722,0.09841094,0.65324,0.39254832,0.16193415,-0.06140625,0.7455289,-0.256432,-0.046525814,-0.189085,-0.256487,-0.45939893,0.17727226,-0.29855698,0.22544895,-0.13370475,-0.044168632,0.15344347,0.063077606,-0.46001124,0.27184108,0.17235462,0.22586218,-0.15707178,-0.2736109,-0.4993325,0.09017125,0.31165543,-0.4099067,0.22476491,0.07172006,-0.3189685,0.47793105,-0.37931198,-0.46111524,-0.06894961,-0.121182695,0.46096858,0.56626195,-0.4677362,0.48699108,-0.28014642,0.07549965,-0.5573727,0.17875136,0.4827844,-0.13335097,0.47017872,-0.42998442,0.24297085,0.48989606,-0.38296404,-0.16857666,-0.39172605,1.0543604,-0.15811217,-0.078875974,0.009944353,0.600435,-0.036641713,0.07012343,-0.57519174,-0.061302237,-0.014860568,-0.22989358,-0.26695678,0.0128895845,-0.01777879,-0.50693893,-0.52508754,0.054317996,-0.09893348,-0.39395618,-0.16448534,-0.1748307,-0.262729,0.213134,-0.5456421,-0.2301071,0.4386305,0.1379465,0.16024017,-0.51046515,-0.26144528,0.13319072,-0.23940386,0.23380211,0.52102786,0.42745546,0.06366792,0.23848231,-0.003702474,-0.5008502,0.19274855,-0.30200136,-0.47823116,-0.27302724,0.8516832,-0.1298038,-0.4225939,0.39540976,-0.1866278,-0.2694738,0.34146872,-0.23365827,0.24100325,0.5473401,0.14141117,-0.16450447,-0.82992953,0.21950501,0.087639585,-0.33502692,0.11604656,0.38273707,-0.05752446,-0.20147169,-0.29335594,-0.12667008,-0.5572897,-0.32925004,0.08394714,0.02923933,0.07929454,-0.41474134,0.054660812,0.371858,0.064589314,-0.24854766,1.0892549,0.23832165,0.4304543,0.03094846,-0.26389587,0.10872937,0.51528424,-0.7079773,0.14747928,-0.2490354,-0.16479132,0.70805013,0.78211904,0.15385568,-0.27559623,-0.02853059,0.0574838,-0.14392824,0.20712063,-0.15835425,0.031716798,0.54050225,-0.63915807,0.740775,0.1680483,0.1871328,0.3440436,-0.14598279,-0.03427393,0.17280161,0.7625995,0.34621277,-0.44488943,0.17767574,0.3563061,0.082612336,0.14979574,0.029121133,-0.6325151,0.045952152,-0.4144787,-0.51347303,-0.026903156,-0.47149637,0.16256087,-0.21499546,0.1645649,0.30868155,-0.198247,-0.5694087,0.16689564,-0.9336313,-0.08199495,-0.43548176,-0.32005218,1.0635618,-0.65909505,-0.091517344,0.05239878,0.2129266,-0.18059386,1.2225964,0.24252404,0.51925135,-0.465719,-0.08866626,0.4847361,-0.08048721,-0.3210406,-0.52915317,0.11067926,0.7379617,0.43251795,-0.32007548,0.1836549,0.34097672,0.39345065,0.010797502,1.0495943,0.6064095,-0.44827107,-0.42395568,-0.36675537,0.16793047,-0.5634025,0.57166564,-0.48050365,0.95516086,-0.108033866,0.48099372,-0.23503646,-0.12576768,0.54454595,0.36750585,-0.12470033,0.18929563,-0.30192435,0.0243671,0.17522973,-0.060659572,0.062903695,0.040898096,0.17945902,-0.36889607,0.37533495,0.0059610284,-0.04249915,0.036797237,0.46753767,-0.1906796,-0.16388136,-0.35783726,0.067334756,0.011566727,0.6112718,-0.3836887,0.52351356
PRT062607,-0.5064649,0.122770615,-0.6451931,0.066826604,-0.28979078,-0.3796275,-0.42678395,0.17169926,0.64432,0.48224628,0.41232103,0.10840385,0.65251523,0.38909015,0.16084911,-0.05852947,0.74543846,-0.26540583,-0.05789935,-0.19285108,-0.25581867,-0.45732453,0.17874448,-0.2848828,0.22828688,-0.1262701,-0.048247587,0.15089644,0.06469457,-0.45259088,0.26670367,0.17112911,0.219855,-0.15473779,-0.2780233,-0.49648494,0.06985042,0.31343338,-0.42302492,0.22515388,0.05617479,-0.32579896,0.49084565,-0.39478832,-0.4661576,-0.072011925,-0.12317447,0.47346133,0.5689047,-0.47096947,0.49888554,-0.2590453,0.06780814,-0.54295135,0.19510685,0.48721072,-0.13440387,0.45312652,-0.4157329,0.23481263,0.5011306,-0.37629884,-0.16440067,-0.39850295,1.0349327,-0.15723449,-0.066621184,0.008850001,0.594996,-0.042406403,0.0769402,-0.583236,-0.074129716,-0.028393583,-0.23599084,-0.2656019,0.019623525,-0.008351312,-0.521261,-0.5360041,0.048140515,-0.08891765,-0.3797264,-0.17355315,-0.16654183,-0.26769522,0.22195067,-0.567699,-0.23027448,0.43521234,0.14655237,0.15183932,-0.50135535,-0.2621847,0.14180681,-0.23760903,0.2308116,0.50479025,0.41970792,0.06436112,0.24800709,-0.008429193,-0.4967747,0.20866051,-0.3018453,-0.49509883,-0.26517794,0.83852893,-0.13226733,-0.42334148,0.3846317,-0.1826189,-0.26094666,0.3418659,-0.24470823,0.23975393,0.5336598,0.13751198,-0.17566988,-0.8438633,0.22216399,0.08872415,-0.3524391,0.12876573,0.38834086,-0.076000325,-0.20330392,-0.30427986,-0.13169631,-0.58009183,-0.33246595,0.08475361,0.036051925,0.07924177,-0.4172256,0.038402483,0.37608817,0.053140495,-0.24868454,1.0819441,0.23500115,0.4406913,0.040815126,-0.26952696,0.11019018,0.49942568,-0.6963105,0.14442527,-0.24454482,-0.16305482,0.6990412,0.76197094,0.14004777,-0.2757277,-0.017296815,0.05952373,-0.14664496,0.20307706,-0.15493931,0.02663637,0.5420717,-0.6452057,0.74718547,0.18189333,0.18567991,0.33772373,-0.1417747,-0.0152951935,0.16732334,0.7802659,0.34161708,-0.44210395,0.20420188,0.35682106,0.083389476,0.14234786,0.03059241,-0.6360905,0.050765235,-0.4257109,-0.51587486,-0.034981284,-0.47061425,0.15017506,-0.22807883,0.15539016,0.3068573,-0.1965904,-0.5624547,0.1503836,-0.9268737,-0.07346608,-0.43619937,-0.3263536,1.0579334,-0.6740589,-0.08780307,0.023009459,0.19543725,-0.19117567,1.2165964,0.2204619,0.5154288,-0.46248138,-0.090514414,0.4887477,-0.093154244,-0.31721458,-0.5366832,0.10335262,0.7461338,0.43610933,-0.3394075,0.18827614,0.32779142,0.3802748,4.568012e-05,1.0460519,0.6098882,-0.46504328,-0.428397,-0.36208203,0.17317185,-0.5630162,0.5663435,-0.4773489,0.9477695,-0.117892176,0.4857666,-0.25962913,-0.1145919,0.553496,0.35395586,-0.1332366,0.19297542,-0.302305,0.04202292,0.1729209,-0.05411941,0.06760484,0.049640045,0.17957431,-0.36502215,0.37592298,-0.010257559,-0.03555227,0.045622636,0.46217638,-0.19830936,-0.17555207,-0.3649836,0.072674334,0.011388112,0.61752725,-0.38604358,0.5231146
Ribociclib,-0.505719,0.12720096,-0.6344566,0.065506,-0.292011,-0.38319507,-0.4230712,0.1793431,0.6460237,0.47045,0.4155965,0.11054053,0.65319306,0.38955596,0.16237272,-0.061619584,0.7417054,-0.2638338,-0.07196654,-0.18881641,-0.25157052,-0.4553964,0.17129943,-0.27718896,0.2382617,-0.1243994,-0.044291113,0.14971521,0.05509241,-0.43937173,0.2687211,0.16482712,0.21512704,-0.15243566,-0.27454722,-0.5095054,0.06610022,0.31421006,-0.427497,0.22329843,0.050617576,-0.3292672,0.5045483,-0.39936244,-0.47113875,-0.07540495,-0.13481274,0.4725224,0.5674305,-0.46513167,0.5112285,-0.24944378,0.075156435,-0.53200376,0.2008904,0.49490985,-0.119275525,0.45800924,-0.40527335,0.22823566,0.50840336,-0.38207784,-0.16085583,-0.39370534,1.0281795,-0.16257688,-0.06378389,0.0028415814,0.5863571,-0.045875106,0.08283604,-0.5852032,-0.08424372,-0.021929571,-0.24490249,-0.26735592,0.022358892,-0.0043358174,-0.52122724,-0.5398914,0.03312225,-0.08952745,-0.36894557,-0.1775159,-0.16096996,-0.26452067,0.21929073,-0.57131153,-0.23068058,0.43568718,0.15718913,0.15590113,-0.49921703,-0.25870422,0.13856989,-0.23969369,0.22218901,0.5000983,0.4117273,0.06647932,0.2483538,-0.013379693,-0.4919839,0.22329979,-0.2964763,-0.49731767,-0.25742862,0.8215171,-0.13288903,-0.41298562,0.37401772,-0.17681602,-0.25540927,0.34180534,-0.25101364,0.24456345,0.5246777,0.13305879,-0.17221895,-0.8486653,0.22007959,0.083334826,-0.34484443,0.13635163,0.39130464,-0.08850014,-0.2049497,-0.30678234,-0.12597482,-0.5853958,-0.33079386,0.0781348,0.034267526,0.077681094,-0.41499647,0.024191573,0.38210145,0.048046865,-0.25360632,1.0734508,0.23454173,0.4466662,0.04513783,-0.25951847,0.10694614,0.4841866,-0.68643993,0.1400928,-0.24373811,-0.15930274,0.69422925,0.75106496,0.14072612,-0.26562425,-0.020582208,0.05830763,-0.15576157,0.21146555,-0.1486416,0.020290412,0.53770375,-0.646817,0.74944013,0.19688082,0.18852937,0.34096646,-0.13560776,-0.011936636,0.16473319,0.7733886,0.33200642,-0.43716618,0.21173796,0.34980664,0.08150693,0.1336192,0.034812372,-0.62893844,0.043088056,-0.42141816,-0.5110407,-0.04128006,-0.46956906,0.14946568,-0.23030892,0.15422903,0.30562782,-0.1938017,-0.559832,0.13311581,-0.91750634,-0.07139466,-0.43152654,-0.32180697,1.044726,-0.67565525,-0.078430824,0.014801806,0.1795499,-0.20179018,1.2137787,0.21771693,0.5038955,-0.45451805,-0.08264974,0.49561992,-0.09906852,-0.31160983,-0.52085304,0.10423418,0.7453965,0.4250788,-0.34344918,0.18611062,0.32376283,0.3776758,-0.014971161,1.0387026,0.6041298,-0.47080508,-0.42853245,-0.3559535,0.17632644,-0.56734866,0.5735159,-0.47328734,0.9428031,-0.12970142,0.4807365,-0.26008588,-0.10831095,0.5487096,0.35306665,-0.12832354,0.1922157,-0.31326964,0.044302005,0.16852243,-0.05167565,0.06895699,0.052732028,0.18030599,-0.3566658,0.37275022,-0.015514196,-0.034394532,0.061795227,0.45944315,-0.19529365,-0.18532808,-0.36712652,0.0754265,0.00875374,0.62297696,-0.3833633,0.5293218
AGI-6780,-0.5628257,0.1082203,-0.6904851,0.06473178,-0.32777125,-0.44016418,-0.46003908,0.20930356,0.73058516,0.54564434,0.45870334,0.13722964,0.7171672,0.4260713,0.17224844,-0.057077818,0.82998055,-0.3087456,-0.065052494,-0.22301373,-0.2917065,-0.5052324,0.21277335,-0.3044817,0.24061303,-0.12792931,-0.06568224,0.16685675,0.087338254,-0.5060411,0.2830403,0.19452722,0.2429558,-0.17608516,-0.3214605,-0.5254317,0.05217728,0.3433938,-0.4786514,0.25459763,0.049775265,-0.36311466,0.53994423,-0.4500098,-0.5119735,-0.08082365,-0.12700637,0.5460387,0.63615626,-0.52782655,0.552526,-0.26579705,0.055069458,-0.5916175,0.23198844,0.533123,-0.17284425,0.47119677,-0.4523761,0.2609528,0.5613375,-0.39292383,-0.17322658,-0.4541381,1.1262157,-0.16859558,-0.05997683,0.015729226,0.6647186,-0.051626526,0.09149846,-0.65822315,-0.08011258,-0.06625413,-0.25480217,-0.28571934,0.026621066,-0.003240155,-0.59893847,-0.60598046,0.06853699,-0.0846702,-0.41237056,-0.20041645,-0.17789942,-0.3137669,0.26046428,-0.6576726,-0.25066254,0.4812866,0.15738393,0.14772858,-0.54274607,-0.2932011,0.17044911,-0.25940534,0.25791147,0.5428135,0.46227863,0.064720124,0.28668296,-0.005453591,-0.55277646,0.23276536,-0.33901843,-0.567623,-0.29648936,0.92778593,-0.14838548,-0.48214743,0.4259763,-0.20559615,-0.2856691,0.37812248,-0.27641547,0.25550467,0.58198,0.15313193,-0.2120542,-0.952928,0.25386113,0.10751007,-0.4264816,0.15165015,0.43421674,-0.09377927,-0.22509184,-0.35142103,-0.15933783,-0.67192763,-0.3755805,0.10615116,0.05484681,0.088620715,-0.4674819,0.0380008,0.41643554,0.051571783,-0.26827562,1.1991847,0.2591914,0.494809,0.053609952,-0.32106826,0.12509283,0.55508614,-0.7601714,0.1590282,-0.2644792,-0.18418233,0.76242673,0.8252188,0.12945041,-0.31853387,0.0066601047,0.07023482,-0.1485471,0.20575319,-0.17559199,0.030654017,0.60831857,-0.71855175,0.8330522,0.19834329,0.19865172,0.35985097,-0.15611199,0.004002831,0.18252501,0.9007739,0.3806583,-0.49126405,0.25384083,0.40763247,0.097980365,0.15578103,0.026035251,-0.7163728,0.06746393,-0.4944244,-0.5826436,-0.04120219,-0.5214459,0.14664765,-0.26809093,0.16208772,0.33850884,-0.21979794,-0.61375415,0.16814116,-1.027599,-0.07654677,-0.49062106,-0.37753186,1.1792866,-0.7660964,-0.10797444,-0.009650677,0.21256317,-0.21105328,1.3423874,0.21471971,0.5824215,-0.51524436,-0.11366781,0.53962827,-0.11244961,-0.35566556,-0.6298391,0.09913955,0.84126043,0.5026368,-0.3975565,0.21941113,0.35182995,0.40883034,0.0069911885,1.1626335,0.6886617,-0.53531593,-0.4781578,-0.4001497,0.19587344,-0.6121678,0.61018497,-0.5329422,1.0428854,-0.12869132,0.5501606,-0.32032657,-0.112185545,0.63870436,0.37120792,-0.16616341,0.21908975,-0.32309103,0.071718775,0.19663517,-0.04915415,0.07894969,0.06508029,0.19812065,-0.40959668,0.42100757,-0.028202524,-0.028130367,0.04202864,0.51004195,-0.23972555,-0.19750908,-0.4145661,0.08313211,0.017832903,0.68637544,-0.433429,0.57066774
AZD5153,-0.50912815,0.12449337,-0.6340483,0.06371662,-0.29580697,-0.3900292,-0.42339447,0.18421231,0.65333104,0.47312275,0.42073524,0.11331128,0.65783024,0.39086163,0.16300392,-0.061477084,0.7468443,-0.26805925,-0.07383454,-0.19174784,-0.25361618,-0.4579289,0.1725067,-0.27678576,0.24130161,-0.1237633,-0.04507369,0.15023333,0.056752726,-0.4418694,0.2700909,0.16595781,0.21562846,-0.15208098,-0.27757636,-0.5109501,0.06122363,0.31771326,-0.43472773,0.22486575,0.04699818,-0.33450434,0.5096609,-0.40649846,-0.47620273,-0.07667083,-0.13432574,0.47846848,0.571294,-0.4704914,0.51684594,-0.24645579,0.07234511,-0.53216344,0.20596476,0.49962267,-0.12148778,0.45550472,-0.40434185,0.22774802,0.51311463,-0.3827791,-0.16189086,-0.39861423,1.0299002,-0.1630243,-0.060993534,0.0030144688,0.58885735,-0.047442734,0.084114544,-0.59095186,-0.089048244,-0.026306314,-0.2483342,-0.26918283,0.02341997,-0.002002988,-0.5282733,-0.5460913,0.031545248,-0.08657168,-0.36756977,-0.1811215,-0.15994982,-0.26700956,0.22385427,-0.580692,-0.2316797,0.43629235,0.1598989,0.15469544,-0.4998642,-0.26035473,0.14255412,-0.24085456,0.22441688,0.49828666,0.41277638,0.06755958,0.25289,-0.015177632,-0.49394155,0.22840081,-0.29932183,-0.5046263,-0.25704917,0.82468927,-0.13502829,-0.41693115,0.3740367,-0.17709307,-0.2546335,0.34371105,-0.2551271,0.24550319,0.52454066,0.13273537,-0.17682755,-0.85724235,0.22240092,0.084115505,-0.3524246,0.1399266,0.39518815,-0.09395802,-0.2066243,-0.31114802,-0.12857684,-0.595098,-0.33361006,0.07996083,0.036863875,0.07850877,-0.41922855,0.020533675,0.38484314,0.04490445,-0.25533548,1.0783226,0.23473734,0.45240137,0.047306262,-0.26369074,0.10879289,0.48344514,-0.68887395,0.1410188,-0.24403964,-0.16028646,0.6977505,0.7511778,0.13756455,-0.2683154,-0.017949553,0.059372753,-0.15737319,0.21189891,-0.1488466,0.019311974,0.5426841,-0.65340644,0.7552869,0.20203927,0.18937483,0.34102094,-0.13687712,-0.0073432634,0.164581,0.783504,0.33425334,-0.43924868,0.220481,0.3529744,0.08172553,0.13354175,0.03555064,-0.6347111,0.046234064,-0.42806143,-0.5157045,-0.04398653,-0.47268912,0.14736834,-0.23581131,0.15231688,0.306214,-0.1950855,-0.562778,0.13121325,-0.9227308,-0.06926478,-0.43465966,-0.32539648,1.0509219,-0.6830556,-0.07884933,0.0071756067,0.17713614,-0.2062845,1.2196099,0.2124719,0.50663835,-0.458229,-0.08450699,0.4989007,-0.10228848,-0.31300184,-0.5269183,0.10244263,0.7518907,0.430186,-0.3512416,0.1880798,0.322481,0.37588862,-0.016844034,1.0447197,0.6100698,-0.47808298,-0.43358645,-0.3579583,0.17815046,-0.5705899,0.5746172,-0.47636822,0.94754565,-0.13292482,0.485249,-0.26913708,-0.10691386,0.5539946,0.35213962,-0.13160998,0.19513698,-0.3140453,0.049365368,0.16938877,-0.050857615,0.07158157,0.054554876,0.18059413,-0.3588207,0.3759408,-0.018919246,-0.032127254,0.0636627,0.45997146,-0.1985937,-0.18910234,-0.3713855,0.077547304,0.008771275,0.62877345,-0.38679415,0.53250223
AZD5991,-0.5413507,0.119246766,-0.6851994,0.06963173,-0.30941188,-0.40872863,-0.45388824,0.18563296,0.69181746,0.52433485,0.43698353,0.121545605,0.69128096,0.41462037,0.16899714,-0.05800102,0.79909986,-0.28804427,-0.05609989,-0.20933507,-0.2767117,-0.48894584,0.19920589,-0.30257863,0.23143671,-0.1313234,-0.058975957,0.16298556,0.077492535,-0.4898182,0.27624112,0.18709654,0.23530437,-0.17086878,-0.30341563,-0.51734227,0.067941844,0.32881418,-0.44909087,0.24314694,0.05956683,-0.3430043,0.5168128,-0.4217189,-0.49253348,-0.075064674,-0.12568396,0.512849,0.61166495,-0.50349087,0.52666146,-0.27465546,0.06429324,-0.5822452,0.21095091,0.51277643,-0.15617554,0.47375965,-0.44747183,0.25499833,0.53541726,-0.389808,-0.171521,-0.43104646,1.1027552,-0.16360866,-0.06954129,0.013537029,0.64039624,-0.044811986,0.08430095,-0.6250877,-0.07073337,-0.043947034,-0.24415015,-0.27856845,0.021945126,-0.009509458,-0.5625147,-0.57446826,0.0658671,-0.09274335,-0.40938237,-0.18461756,-0.1785636,-0.29384616,0.23963691,-0.6129274,-0.24333666,0.46705127,0.14844684,0.15274939,-0.53304785,-0.2841578,0.15674657,-0.25101453,0.24785915,0.5388541,0.45199895,0.06354747,0.26651675,-0.0032167153,-0.5348824,0.21575823,-0.3240223,-0.53274137,-0.28891376,0.90243113,-0.140118,-0.4601026,0.41606724,-0.19983271,-0.2832747,0.36515912,-0.2596837,0.25057837,0.57190233,0.1499347,-0.19280666,-0.9043536,0.23925184,0.101081215,-0.39028475,0.1377015,0.41391554,-0.07642471,-0.21590227,-0.32810947,-0.14628209,-0.6259643,-0.35878354,0.0963668,0.044228107,0.08436597,-0.4457387,0.046891224,0.3992997,0.059021793,-0.2604951,1.161042,0.25247735,0.46938077,0.045742378,-0.2974734,0.118017785,0.54333967,-0.74296725,0.15436865,-0.26113567,-0.17640066,0.7421351,0.81291455,0.14129177,-0.3021539,-0.008977543,0.06588,-0.14687611,0.20650648,-0.16989972,0.032175153,0.58184433,-0.6873191,0.79898345,0.18291828,0.19423433,0.35565302,-0.15138873,-0.011617289,0.17946424,0.84707105,0.3682984,-0.4761047,0.22038348,0.3875851,0.092715405,0.15386263,0.028175939,-0.68534833,0.058699075,-0.46226192,-0.5554262,-0.035090446,-0.50304544,0.15590262,-0.24456881,0.16550544,0.32891437,-0.21051824,-0.59718794,0.16946489,-0.9931698,-0.07960296,-0.47115198,-0.35553423,1.1379538,-0.7270838,-0.101172656,0.018651802,0.2155963,-0.19692077,1.3010862,0.23006016,0.5609518,-0.4966023,-0.10392126,0.51951325,-0.1001556,-0.34207258,-0.59077305,0.10634186,0.80144906,0.47480845,-0.36482903,0.20660257,0.34953076,0.40557525,0.010982361,1.1231426,0.6571232,-0.49817586,-0.4566594,-0.38873535,0.1848846,-0.5961977,0.59844786,-0.51329976,1.0122777,-0.11875344,0.52548075,-0.2845386,-0.118026726,0.60321677,0.37241933,-0.14935254,0.20640676,-0.31528118,0.051771786,0.18906668,-0.055356473,0.069122285,0.05637104,0.19364218,-0.3944065,0.4044232,-0.014393007,-0.035609778,0.03826347,0.49647164,-0.22046456,-0.18236469,-0.39096177,0.07575187,0.016542409,0.6571341,-0.4140841,0.55357337
GSK2110183B,-0.5957282,0.082188554,-0.7134091,0.058874417,-0.3541464,-0.4803133,-0.4773357,0.2341727,0.7864525,0.59179085,0.48210874,0.15710226,0.74608105,0.44440827,0.1711204,-0.04581288,0.88820344,-0.34190464,-0.054486692,-0.24563332,-0.31249943,-0.5299743,0.24707909,-0.31937414,0.23092636,-0.12459957,-0.08712208,0.18331645,0.11365365,-0.5578867,0.2819107,0.20986417,0.2664766,-0.19349626,-0.34676242,-0.5186305,0.036216658,0.35918832,-0.50348806,0.2708822,0.04730648,-0.3738311,0.54196894,-0.47420546,-0.5316899,-0.09084903,-0.11018433,0.58675206,0.6697716,-0.56343323,0.563029,-0.28182122,0.03698313,-0.63058156,0.24937904,0.5370354,-0.21440028,0.4667299,-0.47463578,0.27620232,0.58433026,-0.3903311,-0.18033,-0.492234,1.1717268,-0.16491242,-0.06270169,0.022194212,0.7063487,-0.05354494,0.09439431,-0.69301176,-0.07742231,-0.101709895,-0.25099725,-0.28845754,0.025292786,-0.006589507,-0.6411192,-0.64523745,0.10644924,-0.0764238,-0.44088045,-0.20926683,-0.18887845,-0.34412456,0.2920749,-0.71006936,-0.254815,0.4986632,0.15235503,0.1351444,-0.5629286,-0.31067058,0.19481952,-0.27226534,0.28094655,0.56081885,0.4937694,0.056194346,0.30732182,0.005540683,-0.59039366,0.23945388,-0.36001915,-0.60885,-0.32714218,0.9921597,-0.14947046,-0.53448564,0.46467277,-0.23089457,-0.30469376,0.39484587,-0.27804407,0.25413194,0.6201922,0.15981087,-0.2419235,-1.0042334,0.27181882,0.12910458,-0.48255616,0.15910284,0.45546183,-0.0950384,-0.23997544,-0.37173778,-0.18786849,-0.7166396,-0.4051204,0.12683888,0.0656714,0.10224321,-0.4952797,0.053182643,0.44053474,0.056755774,-0.26970178,1.2662631,0.27143624,0.510234,0.058934774,-0.3662577,0.1414151,0.5974616,-0.7989758,0.17414494,-0.27087718,-0.20222075,0.7974783,0.8684026,0.11242789,-0.3571276,0.03160553,0.081472464,-0.12974133,0.18953045,-0.1922663,0.04019589,0.6431423,-0.7634624,0.8715291,0.18240395,0.19900867,0.35729298,-0.16797082,0.012431607,0.18753628,0.98761314,0.41305348,-0.524028,0.28251618,0.44980958,0.11416793,0.17583537,0.022025198,-0.774838,0.088523224,-0.5421881,-0.62380016,-0.04362738,-0.5516824,0.13586542,-0.2990462,0.16992274,0.3492762,-0.24152525,-0.64723694,0.20876516,-1.091889,-0.080841735,-0.5283605,-0.41957137,1.263492,-0.81640625,-0.14243588,-0.036173802,0.2373266,-0.20894144,1.4169055,0.20600477,0.6351208,-0.5611048,-0.13233784,0.5545776,-0.11451752,-0.38098854,-0.7118473,0.08207744,0.89816874,0.5560209,-0.4278659,0.24199483,0.36609,0.4218872,0.028589541,1.2403014,0.7490066,-0.56522095,-0.50992835,-0.42638606,0.20799087,-0.63136595,0.621337,-0.57274467,1.1000029,-0.11973541,0.5920592,-0.37120628,-0.10929065,0.69873154,0.37899858,-0.18941534,0.23456958,-0.32257172,0.10362633,0.2151897,-0.047938168,0.07972817,0.06841296,0.20615245,-0.44632506,0.4471168,-0.035450127,-0.01921348,0.0223411,0.53989226,-0.27608427,-0.19808911,-0.44109067,0.08179719,0.035151362,0.7126101,-0.4629474,0.58516467
AZD4547,-0.5032979,0.12021877,-0.63262695,0.06498789,-0.2896011,-0.38146707,-0.4196526,0.17666005,0.6432368,0.47469497,0.4115954,0.11062102,0.64684725,0.38545054,0.16021775,-0.05773384,0.73955184,-0.2639761,-0.064801544,-0.19058463,-0.25243622,-0.45346248,0.17621385,-0.27645895,0.22908993,-0.12331975,-0.047759145,0.14911316,0.06155855,-0.44320837,0.26417267,0.16751334,0.2153328,-0.15349497,-0.27574342,-0.49737033,0.0638997,0.3106943,-0.42309996,0.22345954,0.050899543,-0.32575482,0.49538365,-0.39715147,-0.46500948,-0.072491206,-0.12797199,0.47281623,0.56551325,-0.46586373,0.5026234,-0.249808,0.06912489,-0.5331046,0.19950993,0.4875059,-0.12840149,0.44752076,-0.4070378,0.22955446,0.50328034,-0.37385073,-0.16070256,-0.396294,1.022562,-0.15811084,-0.062504955,0.005790816,0.58676106,-0.043911263,0.0802577,-0.5812092,-0.07834357,-0.029320763,-0.2389458,-0.2643578,0.022233158,-0.005265049,-0.52062786,-0.5364768,0.041971076,-0.0864433,-0.3709315,-0.17518662,-0.16213556,-0.26650903,0.22115195,-0.5698695,-0.22824171,0.4329388,0.15026522,0.15033673,-0.4951416,-0.26028913,0.1410902,-0.23664567,0.22510716,0.4968061,0.41221535,0.064567916,0.24912758,-0.010804538,-0.4912355,0.21542513,-0.2976396,-0.4969806,-0.2599989,0.8243921,-0.1322839,-0.41745308,0.37683928,-0.17832199,-0.25606123,0.339881,-0.24756925,0.239772,0.52477187,0.13417445,-0.17460756,-0.84310675,0.22096278,0.08762734,-0.35143983,0.13359386,0.38831565,-0.08231933,-0.20277996,-0.30614945,-0.1294333,-0.58363587,-0.3309515,0.08209547,0.03709166,0.077292174,-0.41401082,0.03021074,0.37583712,0.049416717,-0.24937257,1.0715947,0.23273894,0.44212794,0.045022465,-0.26555714,0.10777002,0.4884367,-0.6857538,0.14029317,-0.24203289,-0.15990622,0.6905064,0.7495381,0.13713273,-0.27009898,-0.015485427,0.059399843,-0.14905265,0.20329465,-0.15106252,0.023502659,0.53716487,-0.64176416,0.7450724,0.187959,0.1848505,0.33594304,-0.13706782,-0.009862955,0.16512994,0.7768593,0.33532667,-0.43711987,0.21046439,0.3523703,0.08272121,0.13624156,0.03181494,-0.6300012,0.047814213,-0.42315945,-0.51136523,-0.03897171,-0.46616125,0.14653382,-0.22971357,0.15235542,0.30442622,-0.19371337,-0.5555005,0.14024477,-0.91641736,-0.07032248,-0.4329006,-0.32481572,1.0458832,-0.6740795,-0.083371,0.013947039,0.18554477,-0.19520201,1.207287,0.21376617,0.5076064,-0.45513558,-0.08804424,0.48969287,-0.09666918,-0.31186324,-0.52946365,0.10158686,0.74377203,0.4301403,-0.34235123,0.18820776,0.32205677,0.37465975,-0.0064485227,1.0366355,0.604344,-0.46738648,-0.42552745,-0.35652754,0.17442659,-0.560657,0.5648209,-0.47258264,0.9382035,-0.12361048,0.4824998,-0.2624391,-0.108440846,0.5515405,0.34802157,-0.13216747,0.19127262,-0.30460885,0.046344846,0.17058456,-0.05139598,0.067771144,0.052534353,0.17967238,-0.35897535,0.37290522,-0.015968287,-0.033306092,0.052080028,0.4584579,-0.19791763,-0.17869683,-0.36438107,0.07332403,0.010682128,0.6175549,-0.38394365,0.5215601
Ibrutinib,-0.5026472,0.1279281,-0.6479588,0.06895363,-0.28614214,-0.37215734,-0.4281341,0.16599917,0.6363891,0.47924897,0.4072099,0.10409365,0.64929837,0.38840008,0.15988028,-0.0602796,0.74033904,-0.26070687,-0.054965146,-0.18989831,-0.25388348,-0.4550919,0.17577392,-0.28726742,0.22692077,-0.1282215,-0.045689594,0.15068005,0.062232833,-0.45123363,0.26712707,0.1697383,0.22013986,-0.15452217,-0.2742054,-0.49579626,0.076404214,0.31093138,-0.4160685,0.22291707,0.060825724,-0.3214618,0.48404017,-0.38661164,-0.46222228,-0.07140481,-0.12281399,0.46551755,0.56354976,-0.46646824,0.49330983,-0.2643287,0.070855245,-0.543478,0.18855946,0.48356548,-0.13123211,0.45783547,-0.41670457,0.23575869,0.49428338,-0.37716067,-0.16480583,-0.39267522,1.0346941,-0.1567339,-0.07091503,0.009156454,0.59223324,-0.040869385,0.07467179,-0.57665396,-0.07052435,-0.022503972,-0.23340708,-0.26477343,0.01699783,-0.011634414,-0.51279175,-0.5289238,0.04859525,-0.09207869,-0.38161644,-0.1699845,-0.16800566,-0.26365083,0.21749629,-0.5566095,-0.2287842,0.4334734,0.14398377,0.15436365,-0.5014514,-0.25936186,0.13760266,-0.2370167,0.2295821,0.50685596,0.41920477,0.063862585,0.24289848,-0.00752366,-0.49486113,0.20323658,-0.29973602,-0.48536244,-0.26560643,0.8363889,-0.13049774,-0.41959798,0.38511768,-0.18208629,-0.2620741,0.3392214,-0.2395394,0.23925473,0.5340811,0.13750625,-0.17013817,-0.8335411,0.21880262,0.08680095,-0.34228754,0.12376674,0.38408977,-0.07046917,-0.20142157,-0.29804468,-0.12846415,-0.5685116,-0.32889143,0.08305113,0.033184245,0.078838006,-0.41373947,0.0422064,0.37337413,0.055982847,-0.24736795,1.0764593,0.23484059,0.43468022,0.037125245,-0.26411435,0.108822145,0.5003364,-0.69484484,0.14479567,-0.24447823,-0.16165979,0.69770986,0.7630685,0.14406285,-0.2726445,-0.021965902,0.058413044,-0.14584038,0.20471334,-0.15451114,0.027702564,0.53756964,-0.6393316,0.74017906,0.1775641,0.18548846,0.33797368,-0.14214496,-0.022014664,0.16754396,0.76752895,0.3397214,-0.43973818,0.19404258,0.35366276,0.08220136,0.14298284,0.030320002,-0.63023156,0.04770266,-0.4187607,-0.51087356,-0.032350786,-0.46822107,0.15352532,-0.2217075,0.15827161,0.3054315,-0.19625477,-0.56161964,0.15353332,-0.9223844,-0.07610706,-0.4323067,-0.3213626,1.0516055,-0.6646292,-0.08740199,0.033288583,0.19877812,-0.18704377,1.211273,0.22702613,0.5125431,-0.4605596,-0.088389084,0.4845621,-0.088612825,-0.31615135,-0.52866805,0.10553301,0.7376723,0.43052885,-0.33034799,0.18455142,0.33031574,0.38251588,0.0020272855,1.0398685,0.6043433,-0.45639753,-0.4246956,-0.3609405,0.17110966,-0.5603253,0.565096,-0.47494397,0.9443265,-0.11479875,0.48065758,-0.24875063,-0.117731296,0.5456824,0.3572637,-0.1288782,0.19067188,-0.30125952,0.03543806,0.1720418,-0.05584867,0.06571183,0.04587867,0.17785442,-0.36320123,0.37323743,-0.004315277,-0.0377775,0.044473406,0.4603982,-0.1935445,-0.17170691,-0.36055157,0.070018746,0.011004344,0.6117224,-0.38188395,0.5208384
Zoledronate,-0.6359277,0.07469341,-0.72641474,0.057739247,-0.38392654,-0.5347713,-0.4895992,0.2767698,0.8538093,0.6266238,0.52036196,0.18395805,0.7959995,0.47052917,0.18443073,-0.04956755,0.9385401,-0.36911073,-0.0834546,-0.2656923,-0.34226248,-0.56570274,0.2629421,-0.31931368,0.25566202,-0.1191681,-0.09222434,0.18193075,0.12144376,-0.5691991,0.30218863,0.22198915,0.27269244,-0.20672993,-0.3807062,-0.5512081,0.014351373,0.38019165,-0.55922604,0.2932239,0.030593544,-0.41647807,0.6042546,-0.53198755,-0.56804335,-0.09686294,-0.13259418,0.64836776,0.7228874,-0.6004081,0.6251803,-0.2561565,0.03038591,-0.6402371,0.28590223,0.593799,-0.23278622,0.475964,-0.4859371,0.29216817,0.6445393,-0.40389362,-0.17566155,-0.52804494,1.2278755,-0.18282199,-0.041117582,0.023463752,0.7538177,-0.06695003,0.11444548,-0.76205915,-0.08721888,-0.13233551,-0.2795596,-0.30575562,0.038215376,0.009504853,-0.7131694,-0.70883715,0.09723679,-0.06839249,-0.44204125,-0.24234597,-0.18446934,-0.3830787,0.32099003,-0.7912462,-0.2733823,0.53997064,0.17475344,0.13287008,-0.58529526,-0.3288676,0.21012688,-0.28659123,0.28959948,0.5760277,0.5079846,0.06441544,0.34525895,-0.0023918143,-0.62022483,0.26929152,-0.3874334,-0.6738778,-0.33365563,1.0313672,-0.17138675,-0.5606499,0.47458085,-0.23128733,-0.30876055,0.42313227,-0.32291123,0.271378,0.6306616,0.16896066,-0.26717308,-1.1072433,0.30131623,0.13665146,-0.5388718,0.18986048,0.49756464,-0.12708926,-0.2543673,-0.42189074,-0.19889377,-0.81043595,-0.4340726,0.13846123,0.08314589,0.10094137,-0.53622794,0.02614882,0.4712425,0.043192405,-0.2953057,1.3422891,0.28829727,0.5703891,0.07462024,-0.3985313,0.14384352,0.61997885,-0.82691044,0.17586103,-0.2812877,-0.21242818,0.8333809,0.88934004,0.10015094,-0.37736824,0.0550981,0.08414577,-0.14523067,0.20090333,-0.20081061,0.033515893,0.6958951,-0.81390524,0.9454965,0.22511995,0.21113132,0.37916914,-0.17222618,0.03995689,0.19957462,1.0751586,0.4301833,-0.5490352,0.3403108,0.47990632,0.12099315,0.16742294,0.017160652,-0.8201164,0.08994615,-0.59167075,-0.67226595,-0.05510341,-0.5848916,0.12641,-0.3332472,0.16039944,0.37486693,-0.24995106,-0.6726422,0.18347499,-1.153296,-0.07685165,-0.56058055,-0.45182884,1.3309927,-0.8918766,-0.13864215,-0.07891157,0.22261232,-0.24362819,1.4952837,0.18379588,0.66691554,-0.57709354,-0.1495049,0.6055048,-0.14258307,-0.4048377,-0.76479155,0.08036937,0.97506547,0.5929579,-0.4884228,0.2652492,0.3746161,0.4342205,0.008700982,1.3069695,0.79452306,-0.6418942,-0.5403556,-0.4419962,0.22782499,-0.6662737,0.65838856,-0.6042515,1.1555665,-0.14730805,0.6341306,-0.41882312,-0.09778995,0.76051176,0.38054776,-0.21436495,0.25504038,-0.34732,0.12541808,0.22802208,-0.035097633,0.09989749,0.09007179,0.21872619,-0.46462598,0.47750095,-0.064410925,-0.010702178,0.04068023,0.5700886,-0.30353597,-0.23207754,-0.4851193,0.09946294,0.029423874,0.7784954,-0.49775696,0.6268842
Acetalax,-0.5042209,0.12461095,-0.64208764,0.068174295,-0.2875977,-0.376295,-0.4252738,0.17242822,0.64102775,0.48014462,0.40754336,0.10829616,0.6485683,0.38836747,0.15960662,-0.05936035,0.7415846,-0.26238576,-0.059749477,-0.19016364,-0.2552454,-0.45558742,0.17839581,-0.28294083,0.22540253,-0.12571086,-0.047254723,0.15022977,0.062219568,-0.44826186,0.2657722,0.16925433,0.21943174,-0.15702343,-0.2763323,-0.49575397,0.07247305,0.3090235,-0.41744748,0.22428282,0.058844574,-0.32174334,0.48766258,-0.38943255,-0.46133777,-0.07178272,-0.12693137,0.47043955,0.5658227,-0.46506807,0.49762854,-0.2586126,0.07135974,-0.5403306,0.19243404,0.4847329,-0.1320786,0.45560142,-0.4146843,0.23599401,0.49913776,-0.37435722,-0.1610253,-0.39353406,1.0332949,-0.15852231,-0.06812744,0.007852893,0.59358203,-0.04226052,0.07812719,-0.58043265,-0.0690033,-0.027220393,-0.23409963,-0.26373723,0.01885248,-0.010738341,-0.51744497,-0.5329846,0.048995845,-0.091232166,-0.3792352,-0.17231098,-0.1663206,-0.26808822,0.21914297,-0.56299865,-0.2280519,0.43717209,0.14524601,0.1517028,-0.49991944,-0.2597359,0.13707781,-0.23786432,0.22691607,0.5057223,0.41693324,0.062635854,0.2458296,-0.006842957,-0.49583244,0.20636365,-0.29911104,-0.49030587,-0.26638868,0.8331764,-0.13113904,-0.41966742,0.38421693,-0.18098967,-0.2612239,0.34049553,-0.24244195,0.2394239,0.53229,0.1374469,-0.17073028,-0.840494,0.22088067,0.08797688,-0.34643954,0.12743755,0.38642088,-0.073243245,-0.20225397,-0.30275458,-0.12864845,-0.5763075,-0.33063635,0.08342759,0.035428483,0.07793514,-0.414388,0.03867018,0.37576765,0.05525053,-0.24818207,1.078628,0.23574172,0.43784046,0.03984685,-0.26596916,0.10728219,0.5001955,-0.69096434,0.14221309,-0.24367642,-0.16132519,0.694607,0.75937945,0.1410598,-0.27212378,-0.017316233,0.05875478,-0.14456871,0.20297725,-0.15440218,0.026360365,0.53835577,-0.6395392,0.74397683,0.17952393,0.18494688,0.3380167,-0.13899766,-0.01845911,0.16766524,0.77341485,0.3376483,-0.43973458,0.19938396,0.35513783,0.08380673,0.13983704,0.028658919,-0.63070583,0.04473803,-0.42096868,-0.51263386,-0.033605028,-0.46790278,0.14993803,-0.22395763,0.1573331,0.30686894,-0.19633007,-0.55873936,0.14977051,-0.92207444,-0.07598872,-0.4340516,-0.32464844,1.0520265,-0.6702788,-0.08720053,0.026193434,0.19510049,-0.18822913,1.2132051,0.22311701,0.5130587,-0.4578316,-0.08908606,0.48849663,-0.090889774,-0.31635207,-0.53225607,0.103636466,0.7432751,0.43120256,-0.3344427,0.18710345,0.32943377,0.3825763,7.816615e-05,1.0408287,0.6054606,-0.4628342,-0.4239402,-0.3589874,0.17340085,-0.5598314,0.5663735,-0.47586915,0.94340855,-0.11762889,0.48247242,-0.25223798,-0.1128346,0.5523072,0.35341415,-0.13070904,0.19061516,-0.30395153,0.039653677,0.17297284,-0.052423246,0.06561201,0.048737288,0.17926833,-0.36266607,0.3736544,-0.008915989,-0.036050938,0.046510946,0.4627728,-0.19706367,-0.17378868,-0.36368272,0.06975167,0.011584254,0.61505336,-0.38349965,0.52162904
Topotecan,-0.50825906,0.1305411,-0.6429164,0.06815753,-0.29132074,-0.38018298,-0.42868596,0.17605971,0.64591646,0.4747141,0.41394177,0.10973518,0.65488064,0.3936725,0.16298161,-0.062479213,0.74569994,-0.26287663,-0.06951121,-0.18800706,-0.25329822,-0.45877776,0.17268778,-0.28134006,0.23552671,-0.12647557,-0.045296825,0.15167962,0.054947905,-0.44314775,0.2692827,0.16599792,0.21694325,-0.15615767,-0.2753778,-0.51238084,0.07191215,0.31267545,-0.4238472,0.22482915,0.05637086,-0.32624313,0.50308573,-0.39565718,-0.47066605,-0.074268796,-0.13653028,0.4722674,0.5709818,-0.46427646,0.51010835,-0.25612137,0.07807763,-0.5389874,0.19790839,0.4949312,-0.119530894,0.46632418,-0.4126578,0.2333623,0.5095086,-0.38349304,-0.16057546,-0.39358896,1.0392952,-0.16364436,-0.0682328,0.003435407,0.59147334,-0.04436892,0.083548225,-0.5865569,-0.077672414,-0.019163929,-0.24263203,-0.26779872,0.020884296,-0.0077331034,-0.52037126,-0.5397178,0.037501756,-0.09407935,-0.37592292,-0.17531171,-0.16443914,-0.2664001,0.21604784,-0.56838566,-0.23126046,0.44131556,0.1544604,0.15779267,-0.50484437,-0.2609027,0.13661754,-0.24099389,0.22181144,0.509283,0.41649377,0.06488083,0.24568507,-0.010178911,-0.49705234,0.21875492,-0.29708514,-0.49494335,-0.26234493,0.8294289,-0.13167877,-0.4146319,0.37946686,-0.18009523,-0.26115134,0.3438951,-0.24902026,0.24600822,0.53170675,0.13613598,-0.16929568,-0.849938,0.21982352,0.08425678,-0.34185338,0.1338802,0.39184844,-0.08251338,-0.20514522,-0.3056123,-0.12486827,-0.58241934,-0.3324696,0.07827729,0.032950852,0.07742126,-0.41538933,0.029422745,0.38341385,0.053112168,-0.25395,1.0826417,0.23803811,0.4459002,0.043465327,-0.25883645,0.10595676,0.49358723,-0.69223607,0.14059734,-0.24691871,-0.16032448,0.69817144,0.760454,0.1449307,-0.26665494,-0.022954661,0.05845041,-0.15426756,0.21286215,-0.15109684,0.022264738,0.539586,-0.647059,0.75242126,0.19138816,0.18970163,0.34505633,-0.1356471,-0.017242128,0.16770844,0.77282643,0.33390278,-0.44109878,0.20364353,0.35167277,0.08253638,0.13523182,0.033576764,-0.6307344,0.040458415,-0.42042595,-0.5128911,-0.038082972,-0.4723349,0.15367983,-0.22599663,0.15867914,0.30928084,-0.19470619,-0.5631581,0.13877453,-0.92353207,-0.07538943,-0.43437693,-0.3222198,1.0520921,-0.67664653,-0.08011463,0.023826372,0.18608643,-0.19792965,1.2234609,0.22654372,0.5093747,-0.45664212,-0.08292149,0.49814782,-0.09646367,-0.3146926,-0.52223784,0.10735472,0.7470387,0.4252691,-0.33838,0.18660736,0.32986695,0.38499433,-0.010358102,1.0459491,0.6061377,-0.46825618,-0.4283976,-0.358864,0.17569819,-0.57011485,0.57880324,-0.4767548,0.94937354,-0.12653868,0.4827134,-0.25302482,-0.11035587,0.5512271,0.35843945,-0.12659238,0.1912801,-0.31559408,0.039952375,0.17082411,-0.053333987,0.06568788,0.052087583,0.18259901,-0.3592692,0.3746278,-0.011475607,-0.037017487,0.05879372,0.464826,-0.19515468,-0.182218,-0.36680025,0.07358846,0.0095022,0.62414604,-0.38392663,0.53260845
Teniposide,-0.53607213,0.12399832,-0.65683657,0.063997075,-0.31514773,-0.41881272,-0.44051984,0.20198832,0.69464815,0.49747014,0.44338757,0.12468608,0.6913206,0.41160828,0.16897292,-0.064707905,0.7871119,-0.28790554,-0.083071426,-0.20306005,-0.26750147,-0.4821439,0.18280506,-0.28376672,0.25108936,-0.12630327,-0.050289735,0.15751332,0.059870657,-0.46354598,0.27984542,0.17500828,0.22473744,-0.16149189,-0.29502088,-0.53548896,0.055067636,0.33336043,-0.46109208,0.23672178,0.042574193,-0.35257298,0.54063445,-0.43264526,-0.5027134,-0.083144926,-0.14301163,0.51063436,0.60204244,-0.49674734,0.5513078,-0.25001693,0.07161923,-0.5544928,0.22520466,0.5264686,-0.12961434,0.4732883,-0.4200111,0.23739699,0.54569453,-0.39846984,-0.16738643,-0.42312232,1.0762932,-0.17028303,-0.059225794,0.0049067615,0.6183268,-0.05407931,0.09359155,-0.62557805,-0.09798422,-0.036444504,-0.2631578,-0.28180322,0.027639586,0.00066538726,-0.5637994,-0.5797543,0.034010924,-0.08718101,-0.38252512,-0.19512853,-0.16492699,-0.28592378,0.24064587,-0.624051,-0.24350324,0.45953265,0.17151865,0.15724388,-0.5220929,-0.27421144,0.15500765,-0.25350943,0.23408228,0.5173402,0.43203324,0.06989327,0.2706366,-0.017131153,-0.5199199,0.2471294,-0.31581786,-0.5382498,-0.26952937,0.8638335,-0.14193994,-0.4417123,0.390691,-0.18537407,-0.26695725,0.36219049,-0.2726342,0.25785178,0.54651445,0.13832574,-0.19045344,-0.908901,0.2337691,0.08948557,-0.37837017,0.15283863,0.41942057,-0.10657804,-0.21876477,-0.33231023,-0.13808635,-0.63828135,-0.35376677,0.08513288,0.043359447,0.08299101,-0.44276863,0.01437665,0.4094146,0.042164322,-0.2674806,1.1338934,0.24755125,0.48105845,0.05484095,-0.28012964,0.114416525,0.504574,-0.71888244,0.14741044,-0.2555122,-0.16717848,0.7299716,0.78137505,0.13706662,-0.282059,-0.012582447,0.06431192,-0.16489892,0.22039174,-0.15557395,0.01856696,0.5726585,-0.6900099,0.79837525,0.216383,0.19887675,0.3552098,-0.14190525,0.0008442433,0.17023346,0.8344818,0.34850588,-0.46169904,0.24347709,0.37246832,0.08778656,0.13666843,0.036183957,-0.6707718,0.049552135,-0.45783627,-0.5442633,-0.04840039,-0.49740782,0.14841571,-0.25220725,0.15865617,0.3230896,-0.20586097,-0.5892019,0.13201967,-0.969019,-0.0706479,-0.45823172,-0.347512,1.1057863,-0.7284349,-0.08120822,-0.0049554636,0.18048418,-0.21946901,1.2844211,0.21440697,0.5348493,-0.48176947,-0.09023923,0.52674675,-0.11384402,-0.3288961,-0.56054795,0.10349806,0.79525775,0.4549593,-0.37785092,0.20092854,0.33454135,0.39167088,-0.021768892,1.1003228,0.64493424,-0.5112993,-0.4593652,-0.37536258,0.19225493,-0.60087484,0.6018113,-0.50118375,0.99508685,-0.14393114,0.51495516,-0.2942482,-0.10649536,0.5897454,0.36577627,-0.14360414,0.20678471,-0.33062515,0.061164707,0.17783248,-0.049589824,0.07626509,0.06105934,0.18949652,-0.37684655,0.39790878,-0.027085518,-0.030254258,0.07081042,0.48254764,-0.21395196,-0.20421867,-0.3955878,0.08181094,0.010123209,0.66548836,-0.40753162,0.5603318
Mitoxantrone,-0.5115344,0.11110108,-0.6244818,0.061148442,-0.29830647,-0.3980624,-0.41746235,0.1920127,0.66116,0.4803357,0.42088282,0.12167626,0.6538729,0.389336,0.16111742,-0.056131635,0.75007147,-0.27370936,-0.07435128,-0.19552837,-0.25768882,-0.4580284,0.18163022,-0.27120566,0.23273945,-0.11788663,-0.052808166,0.15023,0.06452637,-0.4443479,0.26280573,0.1691553,0.21544251,-0.15663378,-0.28419212,-0.50099415,0.05109695,0.31401226,-0.43686435,0.22847523,0.042188093,-0.33325404,0.5099093,-0.4120158,-0.47243163,-0.07601863,-0.13204755,0.48968604,0.5767561,-0.47172245,0.5161745,-0.23760505,0.064924076,-0.53037554,0.21257454,0.4957342,-0.13322175,0.44261983,-0.4039062,0.22919658,0.5187613,-0.37188002,-0.15663274,-0.40532362,1.0247854,-0.16081926,-0.054890122,0.005038342,0.5937828,-0.048816483,0.087755576,-0.59715396,-0.08384212,-0.041179225,-0.24388123,-0.26485345,0.027096938,0.00054457516,-0.53882784,-0.55237436,0.04136103,-0.08215974,-0.36650413,-0.18340263,-0.15815035,-0.27666897,0.22886701,-0.5934835,-0.2307233,0.43905511,0.15653022,0.14554723,-0.49591756,-0.26358104,0.14737481,-0.23904878,0.22449262,0.49412325,0.41292298,0.063907266,0.2579772,-0.01157595,-0.49681407,0.22675109,-0.30061916,-0.51512915,-0.26001653,0.8263446,-0.13539572,-0.42324212,0.37619865,-0.17969234,-0.25477055,0.34503222,-0.25788125,0.24137351,0.5233376,0.13413468,-0.18397519,-0.8673198,0.22749487,0.09019908,-0.369447,0.144503,0.39749584,-0.094801135,-0.20713335,-0.31924987,-0.13461947,-0.6086309,-0.3382919,0.08492682,0.0426865,0.077793606,-0.4209619,0.020774094,0.38482785,0.044296633,-0.25216812,1.082951,0.235857,0.45527107,0.051884126,-0.27481234,0.10928977,0.4879929,-0.6856372,0.13928697,-0.24228258,-0.16267405,0.69194925,0.74611694,0.12781028,-0.27508748,-0.005350451,0.061180964,-0.15012546,0.20158015,-0.15162861,0.020987073,0.546106,-0.65351206,0.7603398,0.19726378,0.1859845,0.33640692,-0.1350386,0.0018585532,0.16475728,0.80211055,0.33611694,-0.44186273,0.23066482,0.35910973,0.086249545,0.13304664,0.031741433,-0.64065814,0.049559936,-0.43693262,-0.5216038,-0.04370535,-0.4726465,0.13912418,-0.24174538,0.1485805,0.30830935,-0.19494815,-0.55762637,0.13284685,-0.92543423,-0.06822111,-0.43997687,-0.33414498,1.0580195,-0.6942278,-0.08398994,-0.0071634995,0.1775894,-0.20407784,1.2203784,0.2017821,0.5138421,-0.45746526,-0.09072321,0.50040245,-0.10652838,-0.3157054,-0.54549664,0.09661245,0.76167715,0.43922535,-0.36022288,0.19545767,0.31885222,0.3731828,-0.012606676,1.0496639,0.61565316,-0.4869796,-0.4325857,-0.35773113,0.18026851,-0.5663587,0.56985545,-0.47849092,0.94627887,-0.13043094,0.4921021,-0.28218192,-0.09972626,0.5690263,0.34264243,-0.14020215,0.19583398,-0.30992913,0.05963138,0.17253256,-0.045777235,0.0714323,0.060093526,0.18276064,-0.36200398,0.37787208,-0.027500791,-0.028392006,0.05759746,0.46353447,-0.20893864,-0.18880893,-0.37528256,0.07858363,0.012123653,0.63020945,-0.39104408,0.52834934
Dactinomycin,-0.5101777,0.1176362,-0.6042669,0.056883596,-0.30587104,-0.4084348,-0.40895703,0.20785598,0.66679615,0.45964232,0.4284392,0.12460714,0.6589859,0.38883293,0.16048871,-0.06392025,0.74359834,-0.2746229,-0.09744571,-0.19134542,-0.2532308,-0.45472556,0.16852567,-0.25844294,0.251913,-0.115328416,-0.0445478,0.14617361,0.05080613,-0.4252424,0.27004403,0.15876089,0.2084993,-0.14881514,-0.27722389,-0.518239,0.041603316,0.3211106,-0.45040834,0.22428998,0.02995267,-0.34481183,0.52993554,-0.42199183,-0.4838246,-0.08358627,-0.14637218,0.4897022,0.5691386,-0.46988457,0.5396288,-0.2182398,0.07098193,-0.5090986,0.22590697,0.5110225,-0.11169122,0.4451385,-0.38218826,0.21727431,0.52833825,-0.3799577,-0.15482618,-0.40052113,1.0072538,-0.167773,-0.04733433,-0.001266291,0.5785103,-0.057013273,0.09542583,-0.6013045,-0.10704263,-0.036326375,-0.2618155,-0.27019116,0.030155709,0.0074751927,-0.5422687,-0.55901635,0.012692637,-0.07639408,-0.34467244,-0.19399539,-0.14782959,-0.27148363,0.23172744,-0.6052364,-0.23036283,0.43363273,0.17723313,0.15113167,-0.48851234,-0.25411388,0.14558944,-0.24313614,0.2140893,0.47726092,0.39683485,0.069846876,0.26237544,-0.02436292,-0.48737234,0.2539676,-0.29641506,-0.52096534,-0.24586305,0.79716593,-0.13810104,-0.4101677,0.35668683,-0.16848066,-0.24107869,0.3433016,-0.26863343,0.24875213,0.5042418,0.12505895,-0.18267076,-0.87566614,0.22386986,0.08020339,-0.35969615,0.15693179,0.40503672,-0.12158979,-0.21004802,-0.32363644,-0.12827528,-0.62187725,-0.335876,0.07721021,0.04288142,0.07723094,-0.42253897,-0.0071627684,0.39487314,0.030152071,-0.25894514,1.0640326,0.23289612,0.4675223,0.058492873,-0.26177767,0.108150184,0.4575332,-0.6689044,0.13472322,-0.23772532,-0.15489548,0.68647987,0.72259295,0.12453571,-0.25896415,-0.008526774,0.060489066,-0.16573802,0.2160785,-0.14054894,0.009895704,0.54210305,-0.6597853,0.7636118,0.22811805,0.19173191,0.3384154,-0.12886089,0.010974396,0.15854533,0.7939997,0.32079145,-0.4310703,0.25121686,0.34906867,0.08165783,0.11883415,0.03747103,-0.6313241,0.042355545,-0.4366613,-0.51530343,-0.054239977,-0.4706688,0.13249972,-0.24985293,0.14353117,0.30486414,-0.19381496,-0.55453825,0.10303546,-0.91026926,-0.06115095,-0.4308537,-0.3285586,1.0355986,-0.6966545,-0.06858553,-0.02638606,0.1492033,-0.2246807,1.212198,0.18910538,0.49413803,-0.44898203,-0.08041353,0.5091624,-0.11697772,-0.30741724,-0.5224444,0.09365865,0.75880677,0.42464858,-0.37275675,0.18981808,0.30857927,0.36356032,-0.039922338,1.0341122,0.6092351,-0.5022895,-0.4385679,-0.34890682,0.18735746,-0.57181185,0.5737253,-0.47096914,0.93607974,-0.15332532,0.48530605,-0.29091376,-0.091107264,0.5594823,0.33860916,-0.13571937,0.19787529,-0.32476357,0.06764276,0.16478483,-0.04088651,0.080171175,0.06292322,0.17820126,-0.34964782,0.37436154,-0.036191806,-0.022733727,0.085942775,0.45246425,-0.20378238,-0.2085983,-0.3816934,0.084113844,0.0052001104,0.6411736,-0.3874083,0.53799844
Bleomycin,-0.5414793,0.10273894,-0.635704,0.056322712,-0.32487628,-0.43831888,-0.42965415,0.22300498,0.7110396,0.5028411,0.4509957,0.13930778,0.6905398,0.4068712,0.16557515,-0.058906768,0.7917519,-0.298273,-0.08976964,-0.21089059,-0.27408972,-0.48209596,0.19240284,-0.2748857,0.2502803,-0.11637196,-0.056815967,0.15627393,0.07162823,-0.4637055,0.27540016,0.17615426,0.22350436,-0.16217242,-0.3038061,-0.5227794,0.032692265,0.33587012,-0.4768035,0.2417841,0.029522406,-0.36147943,0.5458803,-0.44943675,-0.5041221,-0.08503723,-0.13830103,0.52977437,0.6071735,-0.5031405,0.55675817,-0.22909869,0.057780385,-0.5432224,0.24144857,0.52852935,-0.14456473,0.44864237,-0.40959346,0.23615272,0.5565782,-0.3826504,-0.16050656,-0.43425325,1.060294,-0.16881128,-0.04568963,0.0054586977,0.6214375,-0.057783883,0.10000607,-0.64073515,-0.10207643,-0.062409967,-0.26307553,-0.277793,0.032651003,0.009167567,-0.5830991,-0.5958535,0.036627162,-0.073217265,-0.3701359,-0.20415573,-0.15714513,-0.29899925,0.2529393,-0.6504869,-0.24134952,0.45815983,0.17394404,0.14480206,-0.51192904,-0.27593225,0.16501777,-0.2525845,0.2334997,0.5004144,0.42634204,0.06823591,0.28212115,-0.017281795,-0.52019054,0.255945,-0.3183994,-0.5603389,-0.2676028,0.8582054,-0.14658798,-0.4492164,0.38593066,-0.18592729,-0.25920233,0.3621665,-0.28097177,0.2521465,0.5372162,0.13604677,-0.2052123,-0.93045264,0.24394722,0.09590578,-0.40752593,0.16364984,0.42603052,-0.1216493,-0.21978481,-0.346481,-0.14784855,-0.6675966,-0.36035407,0.093976796,0.05356357,0.08405992,-0.45056725,0.0039900886,0.41091,0.03363766,-0.2659864,1.132304,0.24580117,0.49109206,0.06278091,-0.29846606,0.11793024,0.49888873,-0.71088266,0.14518376,-0.2495268,-0.17069687,0.7212441,0.7633116,0.116935365,-0.2913127,0.007858338,0.06706853,-0.15849745,0.20921187,-0.15722722,0.017029088,0.5810371,-0.69773036,0.80876535,0.22335275,0.19493182,0.34727564,-0.14098717,0.019357463,0.16813512,0.8659883,0.34953558,-0.46138868,0.27281678,0.38101995,0.08986378,0.13203461,0.032569993,-0.6804157,0.058825735,-0.4774468,-0.5547291,-0.05368914,-0.49884582,0.13106854,-0.27117226,0.14631185,0.3216478,-0.20702654,-0.5833924,0.1269073,-0.96964645,-0.0643891,-0.4636794,-0.3597815,1.1099846,-0.74475664,-0.08806273,-0.039508473,0.17008652,-0.22860633,1.2809078,0.18726666,0.53907603,-0.48231825,-0.100033276,0.5306136,-0.12365016,-0.33161476,-0.5859878,0.09036201,0.8111245,0.46891615,-0.40135714,0.20983692,0.32207915,0.37938187,-0.023692869,1.101954,0.65516937,-0.53458625,-0.46440306,-0.37325442,0.19619882,-0.59399706,0.592265,-0.5042072,0.99010533,-0.14888729,0.52326643,-0.32470056,-0.094103135,0.6095721,0.34689495,-0.1557021,0.21155356,-0.32577008,0.08301329,0.18071626,-0.040294893,0.08448296,0.07039883,0.18907565,-0.37944993,0.39941534,-0.04379033,-0.02002885,0.07068582,0.48002946,-0.22971822,-0.21188115,-0.40572092,0.08916155,0.012141153,0.67314464,-0.41496754,0.5571003
Fludarabine,-0.5298087,0.11730418,-0.65465796,0.06383248,-0.30823463,-0.40943533,-0.4369502,0.19347082,0.68251246,0.50024885,0.4354798,0.12283401,0.6797315,0.40465164,0.16665521,-0.059407443,0.77843463,-0.2837594,-0.070884325,-0.20354593,-0.26776734,-0.47605175,0.18766955,-0.28664154,0.24059367,-0.124811314,-0.053931396,0.15638573,0.0683914,-0.46614352,0.27381033,0.17690869,0.22506826,-0.16128221,-0.29410526,-0.51698035,0.056964297,0.32739455,-0.45156208,0.23632947,0.047193497,-0.34483987,0.5227075,-0.42376012,-0.49011192,-0.07804577,-0.13196327,0.50495154,0.5968646,-0.49190718,0.5307859,-0.25258762,0.065293714,-0.5548026,0.21670833,0.5123209,-0.14049797,0.46107712,-0.422831,0.23983543,0.5331243,-0.38636616,-0.16571361,-0.4204082,1.0659815,-0.1648838,-0.060007114,0.007872559,0.6173272,-0.049157076,0.08800466,-0.6169408,-0.08598695,-0.041312106,-0.25074598,-0.27517748,0.02549814,-0.0015655297,-0.55581075,-0.569272,0.04526695,-0.085969515,-0.3843174,-0.18840411,-0.16643475,-0.28505835,0.23705912,-0.6109472,-0.23950681,0.45355,0.1597496,0.15166143,-0.51624405,-0.2737077,0.15392557,-0.24759181,0.23642524,0.51497024,0.43191633,0.06658446,0.26535487,-0.011259708,-0.51635313,0.23057118,-0.31395236,-0.5299145,-0.27145243,0.86362666,-0.13967362,-0.4413858,0.39302102,-0.18847367,-0.26664916,0.35731018,-0.2641091,0.24956867,0.54599637,0.14047396,-0.19082913,-0.8942534,0.23429069,0.093441546,-0.3812554,0.14542477,0.41069818,-0.09441533,-0.21404108,-0.32714218,-0.14037982,-0.6250969,-0.350206,0.08975367,0.043495405,0.08221306,-0.43724662,0.026458234,0.39715514,0.04739266,-0.25980768,1.1244986,0.24433501,0.46923175,0.050701804,-0.28562436,0.11502774,0.5099432,-0.7161702,0.14734435,-0.25227833,-0.16947246,0.7215255,0.7789472,0.13423172,-0.28725925,-0.008323036,0.06359379,-0.15440506,0.2092299,-0.15882325,0.023439417,0.5676771,-0.6779851,0.78573924,0.20071045,0.19325218,0.34844583,-0.14353919,-0.0016720418,0.17115578,0.82898206,0.3516413,-0.45931864,0.23392887,0.3733497,0.08819574,0.14172593,0.032380294,-0.66585666,0.054754216,-0.45364755,-0.5409695,-0.042859588,-0.49120036,0.14696512,-0.24808967,0.15541176,0.3192536,-0.20340559,-0.58145136,0.1441048,-0.9622118,-0.071749285,-0.45595604,-0.3455155,1.0999175,-0.7159422,-0.08891232,-0.00020627053,0.19010307,-0.20869665,1.2663935,0.21290441,0.535497,-0.4791537,-0.095418856,0.5150715,-0.10754534,-0.32886922,-0.566054,0.10121304,0.78604895,0.45735654,-0.3696275,0.20072226,0.33269686,0.3881523,-0.0085628275,1.0898516,0.6397982,-0.5001859,-0.45049748,-0.3739664,0.18477997,-0.5872927,0.58867294,-0.49720138,0.98364323,-0.13152733,0.51032966,-0.28984612,-0.10837643,0.58672696,0.35902333,-0.1447988,0.20394573,-0.31774554,0.058330704,0.17927992,-0.050561212,0.07397715,0.059494168,0.18809137,-0.37783027,0.39290255,-0.023651484,-0.030960917,0.055542864,0.47918993,-0.21479031,-0.19296005,-0.38750988,0.0805866,0.012309862,0.6509594,-0.40450373,0.547076
Nelarabine,-0.5263511,0.11673862,-0.6483393,0.06334169,-0.30681288,-0.4079979,-0.4330272,0.19443226,0.67918706,0.49560922,0.4330729,0.122769505,0.6751283,0.40194887,0.1658524,-0.058958728,0.7731356,-0.28149137,-0.07288871,-0.20163977,-0.26585203,-0.47289568,0.18610479,-0.2831983,0.24028015,-0.12327816,-0.053112358,0.15494592,0.06680838,-0.4608018,0.27277502,0.1746233,0.22322252,-0.16039109,-0.29191145,-0.5150926,0.0557475,0.3249558,-0.4494094,0.23466271,0.04608799,-0.34356734,0.5210002,-0.42218935,-0.48713657,-0.0781075,-0.13318884,0.5018415,0.5930362,-0.48776516,0.5292682,-0.24909031,0.06612833,-0.549225,0.21600984,0.5103332,-0.1381198,0.45820045,-0.41830385,0.237626,0.53094643,-0.3842899,-0.16343844,-0.4169212,1.058213,-0.16490115,-0.058917362,0.0065420447,0.61243856,-0.049205165,0.088326365,-0.61360526,-0.086001076,-0.041057985,-0.250503,-0.27347475,0.025726205,-0.0009674452,-0.55279267,-0.5670652,0.043197893,-0.08514658,-0.3800143,-0.18788788,-0.16441187,-0.2836512,0.23570482,-0.608062,-0.23743048,0.45128912,0.15991399,0.15102313,-0.5121972,-0.2712722,0.15209368,-0.24645896,0.23332827,0.510793,0.42737573,0.06645129,0.26436907,-0.011772137,-0.5121416,0.23127756,-0.31131214,-0.5273414,-0.26885542,0.85518783,-0.13915117,-0.43730178,0.38918564,-0.18609889,-0.26391682,0.35508394,-0.2635088,0.24846528,0.54087424,0.13895667,-0.188957,-0.8902362,0.23311263,0.09253272,-0.37854838,0.14591733,0.40872583,-0.09550535,-0.21273944,-0.32609898,-0.13852108,-0.6229113,-0.34793577,0.08844811,0.04313133,0.08126051,-0.4343364,0.024061652,0.39549723,0.046569612,-0.25945774,1.1162672,0.24256022,0.46731004,0.051115695,-0.2830327,0.11343908,0.5049147,-0.70927966,0.14545369,-0.2501661,-0.16803744,0.71592456,0.77200145,0.13307308,-0.28412926,-0.0077453675,0.0628737,-0.15414077,0.2086387,-0.15684746,0.022386411,0.5636051,-0.6738061,0.7811429,0.2015986,0.1919921,0.34652936,-0.14149186,-0.0012133827,0.17008844,0.82360977,0.3482306,-0.45539302,0.23408993,0.37062344,0.087691486,0.1391919,0.032265723,-0.6603419,0.052742556,-0.45015067,-0.5372853,-0.043867428,-0.4876411,0.14537713,-0.2474357,0.15392835,0.31683287,-0.20182306,-0.5769932,0.1407133,-0.95489377,-0.07090825,-0.4527444,-0.3431739,1.0909811,-0.711616,-0.087608814,-0.0023197401,0.1863537,-0.20900297,1.2577924,0.21033655,0.53040135,-0.47452605,-0.09419569,0.51304275,-0.1073059,-0.32603574,-0.560953,0.10009898,0.7820289,0.45301932,-0.36831576,0.19944751,0.33020633,0.3851347,-0.010575311,1.0819107,0.6352491,-0.4986001,-0.4471362,-0.37025657,0.18399608,-0.5833114,0.58599967,-0.49391124,0.9762103,-0.13258538,0.50627464,-0.28837854,-0.106002554,0.58330035,0.3560539,-0.1431764,0.20258006,-0.3175634,0.05889315,0.17798647,-0.04943175,0.07381979,0.059900805,0.18703459,-0.3740786,0.389964,-0.024774864,-0.03005816,0.05746243,0.47623625,-0.21332109,-0.19288218,-0.38563606,0.08021003,0.012043503,0.64799947,-0.40208897,0.5444911
Dacarbazine,-0.5162218,0.09790457,-0.62454665,0.05727063,-0.30247757,-0.40878078,-0.4166636,0.19759002,0.672902,0.49378234,0.4244865,0.12856223,0.6575832,0.39009207,0.15935415,-0.052053634,0.7593125,-0.28353074,-0.06858173,-0.20293404,-0.26548004,-0.46257737,0.1928102,-0.27185947,0.22607504,-0.114692435,-0.060229838,0.15095043,0.07640063,-0.45567688,0.2596252,0.1752585,0.21842082,-0.15895854,-0.29347,-0.48792073,0.042150076,0.31670278,-0.4437134,0.23306912,0.038990915,-0.3375494,0.50628704,-0.4198437,-0.47219542,-0.07537464,-0.1228627,0.50421023,0.58470714,-0.4835626,0.51530564,-0.2336219,0.052733146,-0.53591365,0.2184139,0.49421933,-0.15225755,0.428912,-0.40832615,0.23364148,0.52231985,-0.36226505,-0.15613256,-0.4165311,1.0262434,-0.15707237,-0.049362622,0.010641018,0.60496306,-0.04944109,0.08783506,-0.6065179,-0.08088492,-0.060193677,-0.24075001,-0.2633517,0.028739952,0.0026193443,-0.55305505,-0.5602014,0.05272885,-0.07538498,-0.3692594,-0.1872809,-0.15899041,-0.2878723,0.2392475,-0.60968393,-0.23109189,0.44103798,0.15137768,0.13629785,-0.49461254,-0.2683625,0.15634742,-0.23824829,0.23209292,0.49174505,0.4180554,0.062336683,0.26600215,-0.009184832,-0.5023972,0.22390856,-0.3088954,-0.5277706,-0.26553902,0.83988345,-0.1376175,-0.43706462,0.38245475,-0.18484114,-0.2568226,0.34860867,-0.26053524,0.23719488,0.5269103,0.13774951,-0.195372,-0.88064855,0.23390141,0.098125815,-0.39266416,0.14619434,0.40230185,-0.09522792,-0.20722951,-0.32769555,-0.14365801,-0.6243824,-0.34460905,0.09394365,0.050280336,0.07984186,-0.42807183,0.024796192,0.38411745,0.042953365,-0.24877146,1.0953808,0.23614918,0.459853,0.054287948,-0.2923148,0.113237455,0.49756485,-0.6913035,0.1420567,-0.24114655,-0.16813007,0.6956674,0.7482799,0.117474355,-0.28742412,0.007639694,0.06263474,-0.14161061,0.19106619,-0.15647195,0.024128258,0.55680645,-0.65945536,0.76708025,0.19296265,0.18301001,0.3310266,-0.13900435,0.010603556,0.16611275,0.8274793,0.34446177,-0.44769648,0.24268827,0.37075427,0.08927609,0.13743867,0.024659175,-0.65384066,0.059597112,-0.45305464,-0.5337763,-0.04216934,-0.47621074,0.1313706,-0.25020456,0.14477885,0.3112902,-0.1983888,-0.5587147,0.14095849,-0.937038,-0.06588201,-0.4488137,-0.3462343,1.0749004,-0.7062121,-0.092449985,-0.018738588,0.18376778,-0.20191343,1.227117,0.1896867,0.52636415,-0.46705502,-0.10101492,0.50033474,-0.10901176,-0.3229633,-0.57184696,0.09055267,0.77469945,0.45706552,-0.37194163,0.20189548,0.31726822,0.37019315,-0.0037911201,1.0624812,0.6294451,-0.49897802,-0.43912426,-0.36307418,0.18118547,-0.56332695,0.5625299,-0.48488697,0.9518577,-0.12608153,0.5035126,-0.3000402,-0.0974359,0.5863137,0.3353815,-0.15189315,0.20146629,-0.3023338,0.07027516,0.17749237,-0.04300935,0.07445196,0.06381901,0.18347558,-0.3705721,0.38471827,-0.03344764,-0.024111142,0.047053076,0.4665384,-0.21966551,-0.18814828,-0.38163072,0.07976873,0.01385113,0.63410103,-0.39887482,0.52621573
Romidepsin,-0.54680455,0.097148515,-0.6150378,0.050439794,-0.33683208,-0.45997864,-0.4210898,0.24667412,0.7322171,0.498047,0.46219662,0.15156645,0.6984398,0.40973145,0.16595729,-0.059251785,0.79806435,-0.30755842,-0.11002873,-0.21337868,-0.2783705,-0.4833921,0.19446684,-0.26323807,0.2616138,-0.10867588,-0.058778457,0.15481542,0.068784595,-0.45579174,0.27860317,0.17111847,0.22303507,-0.16248351,-0.30768204,-0.5309204,0.017271217,0.3411264,-0.49447918,0.24413426,0.016752798,-0.37326014,0.5645056,-0.46623087,-0.5129754,-0.09335455,-0.14870128,0.543607,0.61236644,-0.50634974,0.57835126,-0.20800653,0.056866672,-0.5293597,0.25780976,0.54069835,-0.14150769,0.44330302,-0.39431316,0.22995554,0.57168114,-0.38365835,-0.15488878,-0.43879884,1.0518386,-0.17550032,-0.035083104,0.0018544857,0.6208001,-0.06619734,0.10883936,-0.6556442,-0.11518803,-0.073888585,-0.27500778,-0.27937973,0.036971137,0.01587334,-0.6014947,-0.61338174,0.025079316,-0.06544057,-0.35520864,-0.2166,-0.14845747,-0.30736464,0.26417735,-0.6775016,-0.24102452,0.4615642,0.18815655,0.1421657,-0.50663203,-0.27097946,0.16767207,-0.25749996,0.22846328,0.4891151,0.41720945,0.06856102,0.29296806,-0.023385944,-0.5206583,0.27829802,-0.3196444,-0.57808095,-0.26329157,0.84393054,-0.14937772,-0.44919512,0.37842938,-0.18167931,-0.25011748,0.36493605,-0.2927011,0.25553086,0.52550703,0.1312048,-0.21301435,-0.9563377,0.24835978,0.09427312,-0.42071348,0.17933491,0.4379989,-0.14395332,-0.2255811,-0.36168826,-0.15003218,-0.6962589,-0.36635214,0.094013385,0.058719415,0.08435102,-0.4572686,-0.016759554,0.4243626,0.023424925,-0.2721086,1.1322317,0.24634211,0.50657904,0.07144794,-0.3023497,0.11799427,0.48474443,-0.6984659,0.14217001,-0.24495329,-0.16960332,0.7194005,0.7487373,0.10531161,-0.2883317,0.0190764,0.06844916,-0.16410227,0.21210977,-0.15173493,0.009940253,0.58555174,-0.7107258,0.82037663,0.24503554,0.19771487,0.3459307,-0.13560957,0.03316713,0.16521904,0.8861137,0.34377754,-0.45899063,0.30158356,0.3850981,0.09349262,0.12353109,0.033821944,-0.6839067,0.055080235,-0.48894283,-0.56058407,-0.06371348,-0.5027563,0.11879999,-0.28771135,0.14067931,0.32108462,-0.20922281,-0.5829695,0.10820477,-0.9706975,-0.05959722,-0.4656218,-0.3673975,1.1092343,-0.7620004,-0.08461281,-0.07048043,0.14945488,-0.24438906,1.2866387,0.16799262,0.534767,-0.48032257,-0.09773962,0.54272485,-0.13488972,-0.3307915,-0.5917714,0.08077978,0.82756644,0.4709605,-0.42300388,0.21381539,0.31656164,0.37282822,-0.041898765,1.1057235,0.6638441,-0.5598489,-0.4713784,-0.36841136,0.20491943,-0.59803545,0.59636575,-0.50682354,0.990011,-0.16554612,0.52710843,-0.34796593,-0.079629846,0.62275875,0.3396511,-0.16145897,0.21688817,-0.33793145,0.10069156,0.17973347,-0.031908523,0.09235892,0.077731766,0.18847391,-0.37652856,0.40195867,-0.058497887,-0.011044022,0.08829502,0.48043305,-0.23836984,-0.22910243,-0.41972274,0.094184585,0.01129578,0.68877536,-0.4199103,0.5659965
Podophyllotoxin bromide,-0.5713351,0.11117266,-0.6860929,0.064772405,-0.34032667,-0.45583972,-0.461102,0.22732165,0.7503242,0.54147536,0.46737543,0.14246035,0.7253093,0.43389288,0.17388484,-0.056943454,0.84382683,-0.31245583,-0.08217462,-0.22154169,-0.29054078,-0.5118335,0.21243079,-0.29923847,0.2498254,-0.12564112,-0.064244576,0.1700758,0.07928922,-0.5041123,0.28942695,0.18773101,0.24662258,-0.1808077,-0.32056847,-0.5450963,0.04815139,0.34712034,-0.4869925,0.25502458,0.044681136,-0.36862722,0.5563448,-0.45955256,-0.52284425,-0.09017313,-0.14144658,0.54962486,0.64117557,-0.526817,0.57308215,-0.2641142,0.06465785,-0.59011286,0.24035119,0.5448462,-0.16147499,0.48385066,-0.44506112,0.25794467,0.57556605,-0.40491802,-0.17082551,-0.45641714,1.1371964,-0.17586069,-0.061341982,0.007815201,0.6635832,-0.055455405,0.099578045,-0.6674153,-0.08874779,-0.06420859,-0.26576915,-0.2887252,0.026879834,-0.0025669066,-0.6066059,-0.6249166,0.062316183,-0.084099345,-0.41121885,-0.20572549,-0.17516829,-0.31808725,0.26666522,-0.67403716,-0.25103164,0.49086133,0.16935964,0.15342706,-0.5474433,-0.29240644,0.17036767,-0.26944458,0.25022542,0.5448062,0.45997098,0.063743025,0.29224735,-0.008041703,-0.5581391,0.25461596,-0.33720776,-0.57960355,-0.2994004,0.9250453,-0.14759786,-0.48439363,0.42754838,-0.20435078,-0.28645754,0.38100627,-0.2809768,0.262216,0.58326757,0.14724232,-0.21001534,-0.9712084,0.25482482,0.10627179,-0.42550132,0.16182894,0.44416386,-0.1058455,-0.23239048,-0.3580726,-0.15826027,-0.68827444,-0.3829805,0.10167625,0.0521106,0.091162704,-0.47343603,0.025238434,0.43462965,0.04913696,-0.2800705,1.208773,0.26293233,0.50368387,0.059485253,-0.3172587,0.122180566,0.55074114,-0.7572058,0.15761837,-0.26572275,-0.18308006,0.7678259,0.8278865,0.12969074,-0.31348324,0.007983601,0.073188305,-0.15482107,0.214544,-0.17162782,0.026226494,0.6105588,-0.7341613,0.84616953,0.21065228,0.20255856,0.36491165,-0.1508769,0.0037547029,0.18176745,0.91321945,0.37826014,-0.49284542,0.26603106,0.4099112,0.10219065,0.14941128,0.032119222,-0.7216212,0.05795377,-0.49880612,-0.58542156,-0.05141215,-0.5291245,0.14469299,-0.27908605,0.16693212,0.3379143,-0.22471131,-0.6236832,0.16070305,-1.0353779,-0.077278115,-0.49491033,-0.3846869,1.1865175,-0.7797981,-0.1077892,-0.022498945,0.20039015,-0.22299042,1.3666234,0.21563254,0.5829747,-0.5172033,-0.10785034,0.5526343,-0.11605149,-0.35368076,-0.6286493,0.09463909,0.8574707,0.49850076,-0.40606597,0.22326453,0.35589486,0.4124427,-0.0077497433,1.1780592,0.69830513,-0.54675585,-0.48459214,-0.39819992,0.20517716,-0.62420875,0.6276496,-0.54154146,1.0546817,-0.14252743,0.55358917,-0.32913652,-0.103955224,0.64833516,0.37933925,-0.1609038,0.21972392,-0.34093386,0.08177923,0.19709261,-0.04744073,0.07863854,0.06708745,0.20063877,-0.40843692,0.4246683,-0.03460829,-0.02440484,0.06018828,0.5185696,-0.24336912,-0.20707989,-0.4247417,0.081686266,0.021499963,0.7032742,-0.4378592,0.5839542
Dihydrorotenone,-0.5119494,0.12883683,-0.63705504,0.06628359,-0.29591656,-0.3895082,-0.4255801,0.1848296,0.6550438,0.47264805,0.42145988,0.112963974,0.6594727,0.3933257,0.16494241,-0.062421825,0.74970955,-0.26630232,-0.07828609,-0.18988018,-0.25202876,-0.46000573,0.17121397,-0.27566412,0.24219549,-0.12527455,-0.043923028,0.15143348,0.052287605,-0.43976903,0.2707385,0.16531175,0.21519066,-0.15481651,-0.27709353,-0.5207478,0.0638861,0.31635684,-0.4331947,0.22537428,0.047871754,-0.33324847,0.5174866,-0.40689418,-0.4787169,-0.07682784,-0.14183238,0.47875065,0.57407147,-0.46789354,0.52316356,-0.24864082,0.07890539,-0.5343982,0.2071764,0.5034053,-0.114633545,0.46364582,-0.40628126,0.227782,0.5184855,-0.3883032,-0.16162519,-0.39838436,1.0380651,-0.16596234,-0.062938556,0.00023777211,0.5893242,-0.047803454,0.08671714,-0.5920415,-0.088969015,-0.020308731,-0.2512914,-0.27135652,0.024701811,-0.002880965,-0.5280549,-0.54826814,0.0292908,-0.09064152,-0.37017345,-0.1810592,-0.16100365,-0.26657352,0.22127292,-0.5809821,-0.23339193,0.44165742,0.16278346,0.15812045,-0.5041173,-0.2622125,0.13986619,-0.24313842,0.22165984,0.50393283,0.4139826,0.06756877,0.25280935,-0.015326931,-0.49680138,0.23176087,-0.29738066,-0.5058609,-0.25817215,0.8255638,-0.13499025,-0.41518712,0.3751487,-0.17609577,-0.25702238,0.34585765,-0.25697145,0.2493883,0.5279767,0.13241528,-0.17297947,-0.86038333,0.22193341,0.08318255,-0.34718725,0.14189471,0.39702204,-0.09341293,-0.2085218,-0.31214717,-0.12585796,-0.5961729,-0.33489195,0.07633633,0.03512683,0.077093,-0.41886675,0.018880535,0.3886725,0.04647927,-0.2587422,1.0844886,0.23747812,0.4547826,0.0489758,-0.2586918,0.10653548,0.4846767,-0.6910249,0.13925473,-0.24706861,-0.1584697,0.69987947,0.75609887,0.14270952,-0.26491207,-0.02169991,0.059764035,-0.16128188,0.21626805,-0.14839123,0.018315958,0.5421055,-0.65461284,0.7607892,0.20392707,0.19150198,0.34641984,-0.13415338,-0.009057075,0.16556746,0.78168976,0.33254817,-0.4414051,0.2178338,0.35114923,0.08247246,0.1313135,0.037977893,-0.63497055,0.040427748,-0.4248138,-0.51484257,-0.045152772,-0.4741552,0.15105325,-0.233465,0.1560662,0.30907843,-0.19476336,-0.5646097,0.12786272,-0.925353,-0.07097862,-0.43614408,-0.32527348,1.0536577,-0.6876277,-0.07541426,0.0106211165,0.17581177,-0.20737699,1.2290276,0.21912843,0.5068845,-0.45602936,-0.081137046,0.50497687,-0.10321898,-0.31197366,-0.52220684,0.10605476,0.75529224,0.42646372,-0.34967256,0.18925934,0.32586148,0.38132724,-0.020209372,1.0495903,0.6088164,-0.478087,-0.43283918,-0.35805616,0.18105076,-0.5771413,0.58367175,-0.4776104,0.95309585,-0.13622212,0.48653004,-0.2639106,-0.10642535,0.55525255,0.3564511,-0.12883642,0.19304289,-0.32051477,0.046590287,0.16935061,-0.05099758,0.06897792,0.054782994,0.18386793,-0.3581512,0.37675676,-0.019063123,-0.034280833,0.06816635,0.46518415,-0.19756712,-0.19007288,-0.3721046,0.076180175,0.00900183,0.6333754,-0.3875834,0.5371141
Gallibiscoquinazole,-0.52807426,0.10327831,-0.62281924,0.057496127,-0.31453305,-0.42647737,-0.41945946,0.2163927,0.6945655,0.49279848,0.4377002,0.13533817,0.6732937,0.39882666,0.16272695,-0.057165448,0.77362597,-0.28975156,-0.08838944,-0.20436808,-0.26833078,-0.4712457,0.18969315,-0.26693708,0.2408557,-0.11420251,-0.056764632,0.15234777,0.067648344,-0.45185974,0.26827502,0.17252207,0.21893875,-0.16222002,-0.29714587,-0.5121757,0.035423543,0.32362917,-0.46092728,0.23581524,0.03138723,-0.35027388,0.5330056,-0.43653578,-0.48971066,-0.08278312,-0.13929522,0.5167175,0.59455025,-0.4892118,0.5448272,-0.22560102,0.06030511,-0.5328166,0.23312138,0.5156404,-0.14045368,0.44178295,-0.40274492,0.23183022,0.543307,-0.3753284,-0.15554254,-0.42249256,1.0405103,-0.16617937,-0.04617644,0.0052297856,0.60888857,-0.05669709,0.09749422,-0.6236108,-0.09469792,-0.058713727,-0.25730145,-0.2716128,0.03205972,0.0062794196,-0.5695517,-0.5800736,0.038454864,-0.07497268,-0.364814,-0.19856921,-0.15555456,-0.29318216,0.2462427,-0.63335115,-0.23464791,0.4512794,0.16811025,0.14173442,-0.5015291,-0.2689035,0.15750349,-0.24682224,0.22785214,0.49358255,0.41714004,0.065754555,0.2757974,-0.016074322,-0.5096366,0.24709737,-0.31118864,-0.5443688,-0.2639116,0.83912814,-0.14267199,-0.43885115,0.38015175,-0.18067226,-0.25536478,0.35535446,-0.27410695,0.24762742,0.52642596,0.13451716,-0.19732495,-0.9087105,0.23708133,0.094199456,-0.3951236,0.1598402,0.41622892,-0.11378897,-0.21476878,-0.33941242,-0.14211799,-0.6507802,-0.35212994,0.09007201,0.0520622,0.0796471,-0.4381932,0.0057449364,0.4019495,0.03592377,-0.26081413,1.1104497,0.24176031,0.47944447,0.061284203,-0.28916416,0.11286477,0.49193463,-0.69307655,0.14076017,-0.24455911,-0.16533129,0.7056443,0.7499518,0.11733884,-0.2826939,0.0070503238,0.06486708,-0.15430215,0.20457077,-0.15330602,0.017379763,0.56606054,-0.67815256,0.789423,0.21569704,0.19030857,0.3408352,-0.1358385,0.016616782,0.16594064,0.8432384,0.34122482,-0.45183012,0.26182655,0.37335122,0.09061864,0.12899224,0.030421171,-0.662802,0.05182687,-0.46188557,-0.5411641,-0.051732745,-0.48599094,0.13022159,-0.26025233,0.14648092,0.3161409,-0.20208022,-0.56864256,0.12401672,-0.9493707,-0.06478798,-0.45435053,-0.35160422,1.0858992,-0.7284325,-0.084905565,-0.03381702,0.16855365,-0.21910575,1.2542719,0.18663765,0.5277368,-0.46897873,-0.0965239,0.5201129,-0.11887652,-0.32403967,-0.57131475,0.09015984,0.793927,0.4564122,-0.38853565,0.20530234,0.3196375,0.37488866,-0.0221833,1.0787812,0.6392743,-0.52048177,-0.45014656,-0.36427882,0.1923518,-0.5809998,0.5814258,-0.49292406,0.96872175,-0.1447759,0.51170915,-0.31103247,-0.09069762,0.59723383,0.34129283,-0.15204667,0.20555207,-0.3206737,0.07825335,0.17777964,-0.03888813,0.07949832,0.06803928,0.18627097,-0.37047952,0.39129078,-0.041574407,-0.020442354,0.06827965,0.4736087,-0.223582,-0.20480551,-0.3955683,0.08313223,0.012450851,0.6575329,-0.40571666,0.54516506
L-Oxonoreleagnine,-0.50213116,0.13298024,-0.6490632,0.07040826,-0.28470653,-0.3684135,-0.42979887,0.16427103,0.63323927,0.47579315,0.40626004,0.10280862,0.6486978,0.38959298,0.16102871,-0.061847825,0.7385392,-0.2567558,-0.05750177,-0.18660602,-0.252542,-0.45471406,0.17318313,-0.28780445,0.22942649,-0.12915275,-0.043706354,0.15142344,0.058284767,-0.4475413,0.26833686,0.16711406,0.21966939,-0.15486124,-0.27150252,-0.50195587,0.08116748,0.31004873,-0.4127364,0.22272675,0.06365648,-0.32001156,0.4860735,-0.383308,-0.46152994,-0.07127429,-0.12758015,0.46204677,0.56292355,-0.46203896,0.49409503,-0.266092,0.07668519,-0.5437246,0.18624711,0.48458096,-0.1247468,0.46427467,-0.41725618,0.23582362,0.49446192,-0.3803467,-0.1632781,-0.3886194,1.03748,-0.15961826,-0.07323817,0.0067364285,0.59038466,-0.04001292,0.07591741,-0.57531154,-0.06946721,-0.01635729,-0.2345935,-0.2654168,0.01657457,-0.012614869,-0.5081626,-0.5270858,0.04458589,-0.09581373,-0.38092422,-0.16835047,-0.16814388,-0.2615978,0.21247469,-0.5511428,-0.22886823,0.43569988,0.14515717,0.15839958,-0.50297874,-0.25810918,0.1330329,-0.23837516,0.22598319,0.5104058,0.41821128,0.063813075,0.23929758,-0.007340276,-0.4943424,0.20398423,-0.29677218,-0.48151273,-0.2651313,0.8325872,-0.1295928,-0.41428426,0.38400975,-0.1816968,-0.26271996,0.33939263,-0.2384609,0.24154091,0.53491074,0.13707007,-0.16483591,-0.8318369,0.21742414,0.08529331,-0.33444014,0.123317085,0.38387436,-0.06935388,-0.20122929,-0.29643178,-0.12406481,-0.56377715,-0.3275555,0.08017237,0.030389672,0.077656604,-0.41116118,0.041833114,0.37370348,0.05833241,-0.248899,1.0755165,0.23599705,0.43379995,0.03663203,-0.2584741,0.10624347,0.49902573,-0.6938674,0.14313067,-0.24553604,-0.16118346,0.6974562,0.764674,0.14846233,-0.2684068,-0.026022721,0.056859504,-0.148185,0.20866895,-0.15286334,0.026868518,0.5348972,-0.6369611,0.73921263,0.17869279,0.18703447,0.34149402,-0.13996384,-0.026033133,0.16882838,0.75933033,0.33666056,-0.43875626,0.18859062,0.35068673,0.08124047,0.14137839,0.030554669,-0.62551785,0.042515386,-0.41321525,-0.5081709,-0.032027226,-0.46767536,0.15693323,-0.21846211,0.16062896,0.30595753,-0.19491373,-0.56147015,0.15149,-0.91981685,-0.07826762,-0.43049768,-0.31778356,1.047382,-0.6606255,-0.08485246,0.038749818,0.19774003,-0.18785009,1.211523,0.23263763,0.5085799,-0.45749745,-0.08437089,0.486866,-0.087307714,-0.31508288,-0.5199774,0.10820479,0.73528636,0.42492583,-0.32575837,0.18287624,0.3326869,0.38593554,-0.00018549524,1.0380808,0.60038227,-0.45395127,-0.4226961,-0.35956547,0.17045264,-0.56159043,0.57012886,-0.474065,0.94368064,-0.11632901,0.4770177,-0.2410744,-0.11731965,0.54211265,0.3600231,-0.12401097,0.18870477,-0.306199,0.03096692,0.17112163,-0.056567676,0.06437184,0.045421023,0.17936756,-0.36079144,0.3713896,-0.0022306687,-0.03967798,0.04780533,0.46169743,-0.1907202,-0.17159833,-0.35898957,0.069704704,0.009836824,0.6119973,-0.38025048,0.5232462
Elephantin,-0.5151926,0.12536436,-0.59884983,0.05659402,-0.31439722,-0.42277205,-0.40811828,0.22435597,0.6825854,0.45286,0.4384203,0.12688424,0.67159194,0.3928835,0.16180766,-0.07174724,0.7497173,-0.27925465,-0.116508625,-0.19104682,-0.2521999,-0.45860913,0.15981299,-0.2512527,0.26775146,-0.11570466,-0.036095493,0.1458342,0.03776117,-0.41781622,0.2784968,0.15552732,0.20787366,-0.14794755,-0.27810103,-0.53929263,0.035156116,0.32737488,-0.4646332,0.22201745,0.01988529,-0.35726112,0.55167156,-0.43501452,-0.49951115,-0.09274458,-0.16035986,0.49589112,0.56969154,-0.47510624,0.5682698,-0.20994073,0.07820936,-0.50081784,0.23723568,0.52942497,-0.097038575,0.45498165,-0.37063584,0.21017341,0.5407351,-0.39486784,-0.1565471,-0.4010811,1.0122266,-0.17470478,-0.043511707,-0.0057720393,0.5751787,-0.066143446,0.10156619,-0.60977924,-0.12726705,-0.031788737,-0.28030705,-0.27822968,0.03259509,0.010935024,-0.55251175,-0.57120275,-0.005359162,-0.074854694,-0.33666664,-0.20529012,-0.1428788,-0.27066907,0.24011089,-0.62300235,-0.23220913,0.43590447,0.1942957,0.15645762,-0.49034077,-0.24940033,0.14609186,-0.25035593,0.21175407,0.47128436,0.3921151,0.07555889,0.2723067,-0.03514068,-0.48773348,0.2778333,-0.29788154,-0.5298351,-0.23964395,0.78880507,-0.14412536,-0.4091623,0.34995306,-0.15899536,-0.23588286,0.34621644,-0.280183,0.2581666,0.49753988,0.11855609,-0.18225278,-0.8918964,0.22289239,0.07223126,-0.3546454,0.16791995,0.4143538,-0.14129372,-0.21586198,-0.33013043,-0.12470156,-0.6413222,-0.3373817,0.07094232,0.044691116,0.077223204,-0.4296389,-0.028474586,0.41039005,0.019148186,-0.26978472,1.0665926,0.2351785,0.4835108,0.063296065,-0.25340512,0.10739608,0.44410312,-0.6643632,0.13425271,-0.23877604,-0.14934176,0.6939949,0.71697265,0.12401442,-0.2497433,-0.012503706,0.06122663,-0.17977294,0.23047478,-0.13408111,0.0016850098,0.54656875,-0.67319876,0.77605736,0.25339988,0.19741233,0.34362176,-0.12741882,0.015990146,0.15409315,0.79834706,0.31376722,-0.42982903,0.2695173,0.3468137,0.08099189,0.11025081,0.04356737,-0.634512,0.033971194,-0.4407087,-0.5168016,-0.065027036,-0.47525132,0.13118804,-0.25633362,0.14539196,0.30501035,-0.19751886,-0.561794,0.083228886,-0.9141606,-0.058474284,-0.4301038,-0.32925716,1.0351702,-0.7105645,-0.057105612,-0.03904803,0.13145632,-0.24144325,1.226533,0.18312982,0.4885542,-0.44895816,-0.073088475,0.5218489,-0.12568833,-0.3049713,-0.51309067,0.093031235,0.7686478,0.42002705,-0.38632247,0.18873031,0.30804905,0.36347735,-0.061861876,1.0389881,0.6128754,-0.5186858,-0.44841695,-0.34728685,0.19920826,-0.5863327,0.5855664,-0.47399217,0.9458694,-0.17333603,0.48826137,-0.29843885,-0.08637876,0.5598779,0.3438981,-0.13487913,0.2021313,-0.33881876,0.073864706,0.16143253,-0.036216155,0.0868471,0.06227941,0.17594443,-0.3460791,0.37856144,-0.042099975,-0.017931597,0.110139646,0.45195466,-0.2027854,-0.22568008,-0.3928652,0.08491341,0.0027213062,0.65883535,-0.39003623,0.55192345
Sinularin,-0.5014338,0.12384216,-0.58501667,0.05426788,-0.30538368,-0.4097673,-0.39978477,0.21550973,0.6621335,0.43842077,0.4289883,0.12300116,0.6547616,0.3835448,0.15993005,-0.06952512,0.72949415,-0.2711185,-0.113120355,-0.1855551,-0.24376981,-0.4463105,0.15307528,-0.2465521,0.26514953,-0.11331586,-0.035208125,0.14263926,0.0358518,-0.4049754,0.27196828,0.15013102,0.20076816,-0.14178397,-0.26994514,-0.52810186,0.034876093,0.32035705,-0.45437178,0.21632619,0.01989398,-0.3487734,0.5395073,-0.4248602,-0.48855862,-0.08939431,-0.15611307,0.48046872,0.5568791,-0.4611334,0.5513882,-0.2051699,0.07744392,-0.4873571,0.23022164,0.5169241,-0.09076396,0.44538495,-0.36114195,0.20376132,0.52731836,-0.38644722,-0.15276897,-0.3893814,0.98520094,-0.1709029,-0.043275055,-0.007533452,0.55829185,-0.06284436,0.09889055,-0.5942926,-0.12590389,-0.026330508,-0.27327067,-0.27120924,0.031565517,0.012408599,-0.53604805,-0.55621517,-0.008649179,-0.07418309,-0.32642427,-0.19871943,-0.1387002,-0.26048967,0.22988755,-0.6034401,-0.22731747,0.42377123,0.19017363,0.15458374,-0.47927526,-0.24429755,0.14240165,-0.24269651,0.20500766,0.4613478,0.38221958,0.07413188,0.26229137,-0.03415225,-0.47358894,0.2718236,-0.28837836,-0.5150517,-0.23044646,0.7669086,-0.13970669,-0.3947144,0.33819613,-0.15598044,-0.2294134,0.33743918,-0.27387327,0.25208125,0.48418078,0.11610455,-0.17782499,-0.86782736,0.21644415,0.0690706,-0.3442978,0.16387427,0.4025273,-0.1391779,-0.20980717,-0.32020336,-0.12029827,-0.62134814,-0.32757244,0.06762945,0.041238125,0.07542529,-0.41664314,-0.02800025,0.3987212,0.019081326,-0.26349103,1.0370537,0.22797443,0.47072014,0.061400592,-0.24449511,0.10471207,0.42989996,-0.64827794,0.13072021,-0.2332952,-0.1466343,0.67580336,0.69883233,0.12270587,-0.24298857,-0.015446325,0.058911562,-0.17794734,0.22683322,-0.12988567,0.00080235925,0.5311564,-0.6571107,0.7550066,0.24845415,0.19297445,0.33607438,-0.123525344,0.014930916,0.15049364,0.77429205,0.3058103,-0.41872668,0.2609943,0.33579743,0.076968186,0.10758043,0.045125544,-0.61637044,0.03458516,-0.4270474,-0.50233674,-0.06432644,-0.46415773,0.13062929,-0.24999954,0.14037599,0.29609343,-0.1901164,-0.5481447,0.079331055,-0.8883534,-0.056237552,-0.41808107,-0.317013,1.0056404,-0.6895752,-0.054827824,-0.036894277,0.12599848,-0.23748384,1.1929195,0.18055786,0.4731876,-0.43699977,-0.069514126,0.5084902,-0.12303507,-0.29580933,-0.49445152,0.09312058,0.74609494,0.40658987,-0.37511858,0.18222065,0.29911605,0.35286668,-0.06070217,1.0108937,0.5959012,-0.50246984,-0.436982,-0.33805537,0.19050539,-0.5721346,0.5727113,-0.46065167,0.9206462,-0.16838758,0.4731897,-0.28997004,-0.08496087,0.54136753,0.336152,-0.12891094,0.1971249,-0.33152005,0.07039782,0.1561163,-0.037775204,0.08354327,0.0625467,0.17282706,-0.3351773,0.367161,-0.040356506,-0.019133212,0.108317554,0.438859,-0.19529097,-0.2205832,-0.3807929,0.08559128,0.0019704879,0.6403771,-0.37841466,0.539558
LMP744,-0.51508814,0.122829884,-0.64439046,0.0663707,-0.29708457,-0.3921275,-0.430105,0.18420395,0.66034174,0.48483658,0.41939327,0.116394654,0.6610597,0.39789298,0.16354673,-0.060153306,0.7574759,-0.2711079,-0.07053521,-0.19327101,-0.25873604,-0.46522275,0.18006124,-0.28057253,0.23358913,-0.12409972,-0.050453734,0.153086,0.060211007,-0.45047688,0.26861963,0.1699007,0.21921313,-0.16036715,-0.2834281,-0.5111566,0.06469994,0.3148588,-0.43178037,0.2289714,0.052753333,-0.33093742,0.5083699,-0.40537935,-0.47515264,-0.07559353,-0.13575906,0.4853396,0.5812917,-0.47270894,0.5171854,-0.25297847,0.0728557,-0.5436595,0.20499094,0.49940532,-0.12922582,0.46255133,-0.41597837,0.2367299,0.51879585,-0.38140178,-0.1592577,-0.40292725,1.0472987,-0.16349529,-0.06490147,0.0051994794,0.6011837,-0.046075955,0.08685576,-0.5976671,-0.07737365,-0.03051684,-0.24392048,-0.26852858,0.023141969,-0.005487726,-0.5347666,-0.5515833,0.04388362,-0.0911022,-0.379133,-0.17997356,-0.16481042,-0.2761168,0.22398321,-0.5855196,-0.23296613,0.44771418,0.15447481,0.15293533,-0.50764996,-0.26609638,0.14315495,-0.2427662,0.22518629,0.5112218,0.42154628,0.06407529,0.25335336,-0.008923535,-0.5039647,0.22228359,-0.30284688,-0.5082283,-0.26667395,0.8408628,-0.13388778,-0.42516136,0.38486686,-0.18333358,-0.26453772,0.34894305,-0.2544466,0.24618594,0.5358304,0.1385074,-0.17707372,-0.86716896,0.22499004,0.089274675,-0.35848135,0.13883543,0.3987166,-0.085864805,-0.20748012,-0.31455958,-0.13045266,-0.6001224,-0.33958745,0.08273283,0.037745856,0.07872285,-0.42243847,0.028503465,0.3886318,0.051825486,-0.25568745,1.0983084,0.24054256,0.45402306,0.0472993,-0.26954627,0.107533395,0.5014507,-0.69761425,0.14218189,-0.24830477,-0.1636772,0.7038091,0.76517767,0.13884643,-0.2744405,-0.01464357,0.060238153,-0.15146379,0.20900728,-0.15411891,0.023110988,0.5493315,-0.6564497,0.76398885,0.19224025,0.18934564,0.3448186,-0.13700032,-0.010611831,0.16907857,0.7954501,0.33962598,-0.4476232,0.21507819,0.36091924,0.08589514,0.13621399,0.031021642,-0.64285004,0.04434674,-0.43308792,-0.5234232,-0.039693948,-0.47834754,0.14970876,-0.23354097,0.1577884,0.31325945,-0.19770294,-0.5673452,0.14088438,-0.93636715,-0.07451924,-0.44313753,-0.33236513,1.0688542,-0.6923408,-0.08447901,0.013466576,0.1874569,-0.20004725,1.238821,0.22003657,0.5200915,-0.46359396,-0.08886033,0.50417024,-0.10053567,-0.319963,-0.5407725,0.104050554,0.7626165,0.4369095,-0.3496643,0.19294126,0.33097458,0.38594207,-0.008095816,1.062128,0.61892855,-0.48052073,-0.43505672,-0.36314717,0.17911991,-0.57400686,0.58149034,-0.48447055,0.95991063,-0.12732129,0.49345514,-0.2670629,-0.10687976,0.56742436,0.35711983,-0.13388327,0.19556434,-0.3160399,0.048742753,0.17491587,-0.05101535,0.066930495,0.056480195,0.18540417,-0.36530608,0.38160646,-0.017729305,-0.03425488,0.05646214,0.4711869,-0.20373046,-0.18514052,-0.37453535,0.07460446,0.0116296895,0.6332681,-0.391192,0.53684306
Schweinfurthin A,-0.4962295,0.122068025,-0.6081589,0.060937285,-0.29119694,-0.38548297,-0.40786585,0.18722771,0.64067703,0.45369077,0.41261047,0.11286169,0.64139944,0.38069513,0.15872872,-0.062018894,0.72614187,-0.2622924,-0.0828827,-0.18507345,-0.24436614,-0.44512907,0.16356505,-0.26158667,0.23996127,-0.118805245,-0.04201349,0.14516295,0.048958488,-0.42227,0.2632725,0.15865853,0.20626958,-0.14724603,-0.26909122,-0.5062165,0.053687103,0.30983505,-0.42804384,0.21759665,0.038989913,-0.32881537,0.5080541,-0.4016332,-0.46871406,-0.077698156,-0.13906993,0.46837878,0.55546296,-0.45653144,0.5156774,-0.23109825,0.0736012,-0.5099703,0.20816931,0.49277955,-0.10905309,0.4446085,-0.38555652,0.2162704,0.5070815,-0.37620956,-0.15599473,-0.3878852,0.99747676,-0.16137144,-0.055556655,-8.126753e-05,0.5676389,-0.050461907,0.08697551,-0.57777447,-0.09580921,-0.024025079,-0.24939159,-0.2640587,0.025990684,0.001342536,-0.5180758,-0.53625304,0.021142015,-0.082867414,-0.3505997,-0.18094006,-0.15162727,-0.25936696,0.2193505,-0.57351035,-0.22599205,0.42485175,0.16438952,0.1515594,-0.4845212,-0.2517953,0.13911524,-0.23616655,0.21346276,0.47921857,0.39638162,0.06755465,0.24959855,-0.019415766,-0.47860497,0.2346466,-0.28910837,-0.49655,-0.24518809,0.79213214,-0.13268647,-0.40193766,0.35709226,-0.16757943,-0.24393031,0.33511943,-0.254659,0.24266939,0.50376993,0.1256065,-0.17187455,-0.84042025,0.2153196,0.07857225,-0.34086967,0.14346538,0.38853753,-0.102115855,-0.20337573,-0.3067068,-0.12312575,-0.5883797,-0.3252355,0.07374843,0.03688664,0.07526549,-0.4085203,0.007808351,0.38062337,0.03800165,-0.25190565,1.0456901,0.2287043,0.44717413,0.050946064,-0.2513542,0.104564704,0.45978704,-0.66388094,0.1343125,-0.23722026,-0.15218496,0.67635334,0.7224003,0.13247335,-0.25464776,-0.017921899,0.05846116,-0.15987107,0.21128047,-0.14069042,0.014257361,0.5268973,-0.63892764,0.7398944,0.20841444,0.18646866,0.33355838,-0.12922305,-0.0013301658,0.15739706,0.7631056,0.31888568,-0.42505997,0.22431092,0.3396085,0.079430625,0.12329501,0.037977047,-0.61598384,0.040650725,-0.41703978,-0.49997482,-0.047939546,-0.4595805,0.14087746,-0.23239394,0.14729054,0.2983941,-0.18890439,-0.54598933,0.11421003,-0.8937217,-0.06467198,-0.42133364,-0.3164722,1.0170872,-0.67159957,-0.06936362,-0.002649358,0.16063103,-0.20866808,1.188195,0.20205364,0.48756272,-0.44133654,-0.07802064,0.49164766,-0.10587815,-0.30088595,-0.5058245,0.09912875,0.73404723,0.41323376,-0.348504,0.18334073,0.30993432,0.3633662,-0.028057078,1.0142236,0.59183115,-0.47254443,-0.42382997,-0.34502625,0.17852029,-0.5603606,0.56354594,-0.4614173,0.9207721,-0.13936485,0.47236735,-0.2666638,-0.09883837,0.5390827,0.3411904,-0.1276625,0.18993331,-0.3127178,0.052844785,0.16214171,-0.046554975,0.071235165,0.05555175,0.17590548,-0.34460193,0.36570302,-0.024387997,-0.029029464,0.07395553,0.4461421,-0.19302517,-0.19237497,-0.36491263,0.07691247,0.007242948,0.6184465,-0.37614575,0.5228263
BEN,-0.48707855,0.10608215,-0.62415177,0.06316518,-0.27709916,-0.3660793,-0.41032314,0.16195287,0.6209954,0.4793486,0.39221537,0.106826365,0.6244568,0.37203687,0.15101452,-0.050940722,0.7204019,-0.25944623,-0.0407069,-0.19152711,-0.25323617,-0.44066736,0.18501641,-0.2792278,0.2052885,-0.11944739,-0.053793736,0.14618582,0.077046774,-0.45016465,0.24987769,0.17178263,0.21669576,-0.15307954,-0.27425134,-0.45598772,0.06573244,0.29902902,-0.40226427,0.21989505,0.05731419,-0.30942118,0.4546053,-0.37583315,-0.43870202,-0.0663438,-0.10333499,0.46232712,0.5494797,-0.46000788,0.46525013,-0.25312075,0.052925583,-0.53201514,0.18392673,0.45690405,-0.15268184,0.4214027,-0.40864128,0.2333545,0.47432646,-0.34824467,-0.15778989,-0.3898973,0.996507,-0.1440744,-0.06373377,0.016993955,0.583631,-0.037984338,0.06946769,-0.56135434,-0.058202054,-0.04438184,-0.21497563,-0.25068912,0.017513694,-0.010665249,-0.5056761,-0.5133235,0.06671778,-0.08197722,-0.37367648,-0.16439624,-0.16435395,-0.2661926,0.21966109,-0.54786867,-0.2196801,0.4181039,0.12739545,0.13631912,-0.4799544,-0.25499278,0.14133178,-0.22538307,0.23135106,0.485912,0.41134626,0.05755571,0.24000539,-0.0013670647,-0.483231,0.18381803,-0.29686418,-0.47744384,-0.26442525,0.82279277,-0.12692024,-0.42054203,0.3817046,-0.18284348,-0.2559641,0.32846266,-0.22841007,0.22213697,0.5204931,0.13695957,-0.17593057,-0.8106782,0.21803778,0.094976306,-0.35605815,0.11709996,0.371183,-0.060620632,-0.19255239,-0.29406604,-0.13507614,-0.5585239,-0.32293066,0.09180761,0.03989722,0.07760847,-0.4038613,0.0522521,0.35366675,0.055789225,-0.23083615,1.0484141,0.2263358,0.41753215,0.03646653,-0.27621004,0.109282695,0.49687207,-0.675548,0.143266,-0.2336221,-0.16249786,0.6736239,0.73906726,0.12678611,-0.27932915,-0.005027881,0.057819385,-0.12607187,0.17998204,-0.15610185,0.0334424,0.52715486,-0.6167104,0.71557915,0.15720217,0.17314275,0.31691524,-0.14268811,-0.01352317,0.16329716,0.7652271,0.3383032,-0.4301728,0.19457419,0.35458142,0.08351321,0.14571425,0.019939406,-0.62081766,0.058281958,-0.4187807,-0.5036339,-0.026309798,-0.45269436,0.13935487,-0.22032219,0.14868341,0.29618686,-0.19241709,-0.5395997,0.1641109,-0.900063,-0.07281705,-0.42554486,-0.32286394,1.0310766,-0.6490438,-0.09744932,0.023067318,0.20479058,-0.17144227,1.1689305,0.20650731,0.509228,-0.45356077,-0.098525554,0.46164778,-0.08483456,-0.31288865,-0.5426433,0.09398368,0.72202885,0.43629292,-0.32649744,0.18578275,0.31714132,0.36596513,0.01800484,1.013757,0.59499466,-0.44655302,-0.41166866,-0.35361326,0.16437274,-0.53154045,0.53171694,-0.46362108,0.91332203,-0.0990918,0.47453865,-0.2560316,-0.11227538,0.5445784,0.3346973,-0.13785714,0.18785635,-0.27568132,0.043173306,0.17202847,-0.050942138,0.06536835,0.046403416,0.17220068,-0.3611499,0.3650388,-0.0087595,-0.032792542,0.023675732,0.44728613,-0.19939524,-0.15869373,-0.3509663,0.06689495,0.014351774,0.58704686,-0.37562078,0.49257904
Sabutoclax,-0.49885985,0.12472932,-0.6427955,0.06821116,-0.2830633,-0.3688824,-0.4247897,0.16321108,0.63096297,0.4762365,0.40364793,0.10430271,0.642002,0.38577107,0.15927379,-0.058206417,0.73518366,-0.2587047,-0.053916685,-0.18802139,-0.25100014,-0.45198458,0.17548849,-0.28362268,0.2224349,-0.12675308,-0.047805592,0.15024929,0.0624068,-0.44783497,0.2620432,0.16893663,0.21671656,-0.15439561,-0.2727366,-0.49225953,0.07466232,0.3067714,-0.41108888,0.22187327,0.060015056,-0.31697303,0.48186317,-0.38419008,-0.45802563,-0.069358304,-0.1225243,0.4633176,0.5618503,-0.4618305,0.48896182,-0.26172793,0.07022414,-0.54073936,0.18837401,0.47858238,-0.12998009,0.45322978,-0.41533393,0.23392,0.49278867,-0.37285239,-0.16215993,-0.3911694,1.0268257,-0.15492271,-0.07014386,0.0088108955,0.58738726,-0.03966502,0.07583661,-0.57222587,-0.06865976,-0.02275004,-0.23062547,-0.26211643,0.01845063,-0.010590575,-0.5092305,-0.525267,0.049773395,-0.09229164,-0.37958992,-0.16751233,-0.16705443,-0.26258403,0.21384543,-0.5529809,-0.2274306,0.4316874,0.141817,0.15211461,-0.49796093,-0.26031798,0.13779923,-0.23432463,0.22645706,0.50446844,0.41725814,0.06261542,0.24033035,-0.0060720523,-0.4917002,0.20150211,-0.29646066,-0.48345524,-0.26378512,0.830755,-0.12858604,-0.4163998,0.38218784,-0.18221879,-0.26207262,0.3377196,-0.23839515,0.23739992,0.5309112,0.13738069,-0.16913581,-0.8276815,0.2168729,0.08796338,-0.34178007,0.1240505,0.3815617,-0.06867383,-0.19953722,-0.29688013,-0.12747295,-0.5649515,-0.32764646,0.08205942,0.033152014,0.07740819,-0.4090562,0.04282152,0.36968237,0.05682166,-0.24479172,1.0703518,0.23338771,0.4315552,0.039061673,-0.26228857,0.10703071,0.4973904,-0.6901177,0.14247988,-0.24399947,-0.16078004,0.6909681,0.7579122,0.14309761,-0.2708712,-0.021314394,0.058171406,-0.14432944,0.20163792,-0.1535092,0.027996374,0.5331212,-0.6334161,0.7356711,0.17408013,0.18371543,0.3359905,-0.13950251,-0.019947281,0.16683862,0.7631975,0.33725244,-0.43783405,0.19184962,0.35079587,0.0820659,0.14152052,0.029946467,-0.62578285,0.047815606,-0.41561005,-0.5070004,-0.031955175,-0.46435636,0.15327221,-0.21914011,0.15720518,0.30446786,-0.19295262,-0.55566686,0.15216261,-0.9149643,-0.07521128,-0.43052688,-0.31974348,1.0446099,-0.66189414,-0.08624364,0.032904837,0.1979526,-0.1847179,1.2032697,0.22596611,0.5097238,-0.4563009,-0.08803157,0.48197827,-0.089196496,-0.3130542,-0.5253066,0.105776444,0.7328155,0.42725652,-0.32762492,0.18483283,0.32729802,0.37993854,0.0037487238,1.0340402,0.59969544,-0.4520056,-0.4207533,-0.3585223,0.16912934,-0.5568047,0.56216586,-0.47105667,0.93706745,-0.112982206,0.47839463,-0.24752058,-0.11529609,0.54367846,0.35383093,-0.12803695,0.18829106,-0.29914072,0.035826843,0.17107879,-0.056051333,0.06279215,0.047896322,0.17935786,-0.3601755,0.37079108,-0.0061523863,-0.03834171,0.042471655,0.45846125,-0.19297181,-0.1692009,-0.35663894,0.06968095,0.0114238355,0.60705674,-0.37928385,0.5167769
LY2109761,-0.5048653,0.13259338,-0.6512631,0.069725074,-0.28755203,-0.37246948,-0.4317148,0.16663545,0.6380943,0.47824183,0.40906045,0.104165375,0.6532579,0.3922075,0.16133146,-0.062464077,0.74301803,-0.25976276,-0.05820409,-0.18831712,-0.25444648,-0.45756903,0.1742372,-0.28906408,0.23128009,-0.12910569,-0.04422503,0.15172261,0.059117507,-0.45040628,0.26994222,0.16794668,0.22089155,-0.15510519,-0.27338484,-0.50358593,0.07998142,0.3128828,-0.41683277,0.22387046,0.06284599,-0.32275838,0.48855326,-0.3863951,-0.46468687,-0.072508894,-0.12741406,0.46574688,0.56602246,-0.46587002,0.4976517,-0.26585716,0.07537703,-0.5457768,0.18823612,0.48764217,-0.12655734,0.46578488,-0.41832063,0.236916,0.497616,-0.3817819,-0.1640327,-0.39125144,1.0415726,-0.16004026,-0.07280409,0.007527314,0.59396124,-0.04095154,0.07670307,-0.57966954,-0.07115677,-0.018472787,-0.23615943,-0.26656818,0.016736122,-0.011925286,-0.51258546,-0.5312109,0.044591557,-0.095157824,-0.38207096,-0.17042819,-0.16829364,-0.26393914,0.21527317,-0.5566217,-0.23032309,0.43756106,0.14683972,0.15833496,-0.5050838,-0.25914118,0.1350732,-0.23975079,0.22742924,0.5116361,0.4202372,0.06436749,0.24140687,-0.007751873,-0.4968523,0.20637964,-0.29935175,-0.48542485,-0.2662175,0.83703524,-0.13021849,-0.41735312,0.38543057,-0.18278308,-0.26367337,0.34127566,-0.24047598,0.24245141,0.53658104,0.13769165,-0.16727431,-0.8379022,0.21871598,0.08580053,-0.33818492,0.124544546,0.38680473,-0.07176064,-0.20250016,-0.2987879,-0.12565923,-0.56886137,-0.32978347,0.081351876,0.031076265,0.07896195,-0.4143818,0.040872477,0.37675074,0.057339367,-0.24981187,1.0808477,0.23691553,0.43692648,0.03705683,-0.26124758,0.1075098,0.5007352,-0.6969997,0.14451611,-0.24631067,-0.16233523,0.70118827,0.76710796,0.14738186,-0.2704304,-0.024758153,0.057232905,-0.14863557,0.20931685,-0.15355074,0.026619868,0.53876877,-0.64172477,0.7434134,0.18091238,0.18806863,0.34220418,-0.14112434,-0.024851369,0.16900559,0.76566386,0.3384516,-0.44072098,0.1922817,0.35330594,0.081634544,0.14194664,0.030228222,-0.6297756,0.04393042,-0.41774628,-0.511672,-0.03240035,-0.4707668,0.15617283,-0.22122824,0.16059016,0.30746433,-0.19641863,-0.56470853,0.15164594,-0.9247563,-0.07807446,-0.4325912,-0.3204741,1.0530844,-0.66509175,-0.08540648,0.0365019,0.19778076,-0.18985215,1.2177452,0.23160198,0.5115432,-0.46102417,-0.0854758,0.4890608,-0.08875455,-0.31720167,-0.5244231,0.107495055,0.7398262,0.4281464,-0.32948676,0.18376486,0.3333617,0.38667828,-0.0011299857,1.0437565,0.60507953,-0.45832798,-0.42646977,-0.36144528,0.17169467,-0.5642728,0.57196206,-0.4767252,0.9484023,-0.11738414,0.48005563,-0.24544652,-0.117645256,0.54588556,0.36128855,-0.12566876,0.19086945,-0.30745694,0.032858763,0.1717663,-0.056571066,0.0657322,0.046091117,0.17951788,-0.36282417,0.37384525,-0.0032156024,-0.03920456,0.04863146,0.46312237,-0.19244058,-0.17409474,-0.3621087,0.070689954,0.00968797,0.6157301,-0.3823356,0.52616787
OF-1,-0.60483074,0.092683025,-0.7305697,0.064062014,-0.35647282,-0.4821255,-0.48833805,0.23364538,0.793888,0.59923613,0.4879518,0.15620707,0.7585021,0.45412686,0.17785153,-0.04882358,0.8997011,-0.34058502,-0.059165936,-0.24585183,-0.31607357,-0.5407016,0.24506289,-0.3251568,0.2384086,-0.12942456,-0.08370185,0.18384668,0.10981678,-0.559445,0.2900712,0.21228722,0.26755017,-0.19714801,-0.35190022,-0.5376946,0.042953447,0.36150753,-0.5093801,0.27546984,0.051271684,-0.38055217,0.55885434,-0.481307,-0.54069865,-0.088917226,-0.12083132,0.5921226,0.6839885,-0.56677556,0.57680506,-0.28707236,0.04435908,-0.638827,0.25036454,0.5540391,-0.20851758,0.48507592,-0.4850838,0.2839768,0.5963424,-0.4026554,-0.18124925,-0.49720493,1.1989374,-0.17148717,-0.06502825,0.020896278,0.71713805,-0.053351745,0.09845099,-0.7052238,-0.07524545,-0.09527711,-0.25853008,-0.29469654,0.026333474,-0.006318535,-0.6474714,-0.6567952,0.102264844,-0.082581595,-0.4493687,-0.2116229,-0.19165894,-0.34740052,0.2898368,-0.716289,-0.26165316,0.51414096,0.15480606,0.14292322,-0.5759321,-0.3189909,0.19387786,-0.27675143,0.2803466,0.5771732,0.5010281,0.05827177,0.31023285,0.004970992,-0.5991382,0.24183816,-0.36493996,-0.6155443,-0.330819,1.0065318,-0.1533241,-0.53518254,0.46943128,-0.23103945,-0.3119732,0.40187377,-0.2869391,0.26130414,0.628594,0.16432008,-0.2375147,-1.0217345,0.27479386,0.12750913,-0.4813727,0.16160944,0.46229905,-0.093866535,-0.24212562,-0.37838337,-0.18522774,-0.72752094,-0.40982622,0.12508383,0.065345004,0.09997402,-0.50220025,0.05292736,0.44574338,0.058599353,-0.27987504,1.2898158,0.27753428,0.5214722,0.059665486,-0.36335218,0.13781433,0.6092529,-0.8118404,0.17401756,-0.279594,-0.20350765,0.8103441,0.88394654,0.12159044,-0.35699147,0.025848614,0.08149303,-0.13840577,0.2004182,-0.1951239,0.0401482,0.6535552,-0.77279514,0.88913095,0.1896483,0.2041282,0.37123778,-0.1682237,0.008634323,0.19454098,0.9933976,0.4169781,-0.530947,0.27863014,0.45052215,0.114310116,0.17388481,0.023954153,-0.78134507,0.08288324,-0.5445969,-0.6309404,-0.044178624,-0.561028,0.14592272,-0.29768783,0.17431776,0.35672086,-0.24099225,-0.65808105,0.20450275,-1.1079732,-0.083782196,-0.53492486,-0.42035848,1.2788882,-0.8286595,-0.1373335,-0.026947431,0.23965788,-0.21372207,1.4430923,0.21936439,0.6422921,-0.562441,-0.13296859,0.5680448,-0.11654707,-0.3852819,-0.70983404,0.0913806,0.91065925,0.55576974,-0.429807,0.24489787,0.37507284,0.43309915,0.02613902,1.2591188,0.75402236,-0.5723339,-0.5130869,-0.43129775,0.20983388,-0.6450131,0.6411908,-0.5806404,1.1181805,-0.1242849,0.5990772,-0.36345163,-0.11259146,0.7053149,0.39046866,-0.1872999,0.23539974,-0.33306032,0.09534195,0.21835461,-0.050756432,0.0788524,0.07148219,0.21204808,-0.44901565,0.45512232,-0.034613695,-0.023176838,0.027670704,0.5511757,-0.27413726,-0.20114967,-0.44669357,0.08338023,0.03225999,0.7286701,-0.46785414,0.59968334
MN-64,-0.49145856,0.1281736,-0.6518023,0.07201932,-0.27454227,-0.352789,-0.42707843,0.14874743,0.61501473,0.4793436,0.3923828,0.09582947,0.63347286,0.38132697,0.15615603,-0.05776284,0.7264315,-0.25054264,-0.03798937,-0.18586662,-0.25187135,-0.4473146,0.17677644,-0.29314032,0.21304211,-0.12996797,-0.04597473,0.15020911,0.066899404,-0.45401073,0.26152778,0.17082503,0.2215453,-0.15450823,-0.26853415,-0.47749597,0.08814384,0.30169103,-0.3957819,0.21973565,0.071787246,-0.308029,0.45720667,-0.36672565,-0.44487017,-0.06541921,-0.11149403,0.44984525,0.5517398,-0.4575233,0.46697646,-0.27581143,0.06873153,-0.5471552,0.1714905,0.46462852,-0.13838407,0.4526639,-0.42300296,0.23951149,0.4727994,-0.3675506,-0.16434118,-0.38356978,1.0270443,-0.15055622,-0.07741214,0.013156663,0.5880067,-0.034067668,0.0661755,-0.5585402,-0.054203082,-0.019828692,-0.21865825,-0.2579432,0.011639553,-0.018715104,-0.4936379,-0.5088581,0.061338443,-0.0955048,-0.38757926,-0.15800843,-0.17230116,-0.25814483,0.20852156,-0.5299147,-0.2229332,0.42619658,0.12793039,0.15250885,-0.49635395,-0.2560174,0.13183753,-0.23133881,0.231244,0.5079395,0.41962004,0.060236275,0.2316745,-0.00075576024,-0.48925814,0.17983225,-0.29622197,-0.46435905,-0.26934183,0.8359052,-0.12587161,-0.4163889,0.38965115,-0.18492468,-0.26520067,0.331981,-0.22402482,0.2313265,0.53596604,0.13975906,-0.16207984,-0.80516946,0.21446219,0.08892927,-0.33144817,0.109570086,0.37081593,-0.049819052,-0.1945261,-0.28473538,-0.12610891,-0.54055715,-0.3212431,0.08550267,0.030294275,0.07747146,-0.40387368,0.06019442,0.3579219,0.065321945,-0.23841,1.0629392,0.23215696,0.41579834,0.028728057,-0.26252112,0.106894314,0.5086826,-0.6919664,0.14532831,-0.24238738,-0.16261475,0.6897558,0.7645279,0.1475838,-0.2735519,-0.024603825,0.056225866,-0.13436079,0.19595015,-0.15685639,0.034364853,0.52789044,-0.6197585,0.7186488,0.15526512,0.17997363,0.331932,-0.14483418,-0.03381764,0.16944265,0.74620295,0.34107828,-0.43514267,0.1700059,0.3505905,0.081497654,0.14974567,0.025033018,-0.6185525,0.048754893,-0.4060185,-0.5021274,-0.022990353,-0.45864597,0.15759805,-0.20809524,0.16046461,0.30077034,-0.1937214,-0.5538539,0.1711253,-0.9117915,-0.08082158,-0.42610583,-0.31398526,1.0404255,-0.640612,-0.09402982,0.053635724,0.21515226,-0.17006448,1.1890963,0.23541394,0.5109587,-0.4568097,-0.09063759,0.46770588,-0.075865746,-0.3152677,-0.5239646,0.10649508,0.7181111,0.42691487,-0.3099236,0.18020192,0.3330432,0.38328978,0.018829856,1.0244541,0.5929629,-0.4336853,-0.41222778,-0.35959774,0.16167039,-0.5445843,0.5512726,-0.46932754,0.9303258,-0.09864972,0.47072846,-0.2296019,-0.12384266,0.53330225,0.35649866,-0.124494635,0.18466413,-0.2874035,0.023860287,0.17286399,-0.059574414,0.06033606,0.038979188,0.17453262,-0.36285815,0.3668212,0.0074294135,-0.041196,0.027021116,0.4558196,-0.1881447,-0.15427506,-0.34694085,0.06409313,0.012835069,0.5913783,-0.37450954,0.5053221
MG-132,-0.50118375,0.103154115,-0.5885774,0.053103898,-0.3008015,-0.4056125,-0.3977887,0.20696937,0.6585104,0.4607451,0.4193508,0.12733784,0.64397806,0.37873182,0.1549223,-0.05784759,0.73185134,-0.27452496,-0.08905321,-0.1930025,-0.2538099,-0.44588247,0.17525524,-0.25379077,0.2384949,-0.109119676,-0.049824625,0.14331326,0.060670074,-0.42480427,0.25951648,0.16021796,0.20719446,-0.14856784,-0.27822146,-0.49242643,0.034481704,0.31360608,-0.44271162,0.22294946,0.027898187,-0.33742237,0.51122916,-0.41559127,-0.4689301,-0.080805376,-0.13417216,0.48871556,0.5609406,-0.46557587,0.5219049,-0.21065728,0.05930659,-0.501395,0.22307454,0.49431077,-0.12656678,0.42214814,-0.3769269,0.21649778,0.5161783,-0.3611718,-0.14972004,-0.39874673,0.9837134,-0.16034336,-0.042571396,0.0035820848,0.57446146,-0.055470232,0.09233918,-0.5931607,-0.09831816,-0.051317647,-0.24947488,-0.26064366,0.030207798,0.007884997,-0.5390809,-0.55032784,0.025125643,-0.06992921,-0.33973524,-0.19103594,-0.14521258,-0.2742455,0.23381725,-0.60093117,-0.22459432,0.42483652,0.16672744,0.13911165,-0.4751032,-0.2510583,0.14767791,-0.23610474,0.21531019,0.4644257,0.3919658,0.06531048,0.26101398,-0.019756371,-0.48079082,0.24147733,-0.2947284,-0.5165877,-0.24577747,0.7890926,-0.13599032,-0.41120896,0.35513684,-0.16915068,-0.23699404,0.33660948,-0.26175082,0.23756891,0.49580696,0.12488089,-0.18693243,-0.86310315,0.22435261,0.085297436,-0.3696057,0.1529508,0.39703378,-0.11571505,-0.20496228,-0.32181573,-0.13305989,-0.61692137,-0.33243358,0.083438076,0.047339074,0.07680326,-0.41697267,-0.00083622424,0.38337395,0.030131796,-0.24872586,1.0472928,0.22795728,0.4570417,0.0576691,-0.27058807,0.10855216,0.45653522,-0.656491,0.13385448,-0.23048371,-0.15593117,0.67110044,0.7075282,0.11261162,-0.26404846,0.0034045905,0.060284853,-0.15235642,0.1999128,-0.14220679,0.013363157,0.5362138,-0.6463661,0.7488862,0.21502255,0.18378894,0.32488957,-0.12912667,0.01618145,0.1558266,0.7946167,0.32016665,-0.42525133,0.25250757,0.35066634,0.08306288,0.12069524,0.030769246,-0.62607193,0.048773777,-0.43760142,-0.51162267,-0.05045864,-0.46159807,0.12274701,-0.24994312,0.13713253,0.29887322,-0.19194056,-0.54103583,0.110262096,-0.89717686,-0.05974613,-0.42690378,-0.3302215,1.0237026,-0.6876763,-0.07607605,-0.034350697,0.15283403,-0.21491474,1.1863688,0.1755383,0.49298185,-0.44453043,-0.087252915,0.49505457,-0.11464367,-0.30612358,-0.533319,0.085443735,0.75056225,0.42921272,-0.3711511,0.19115959,0.30057314,0.35346934,-0.029814502,1.0182102,0.6042325,-0.49747825,-0.430241,-0.3440769,0.18333541,-0.55326915,0.5527436,-0.46476033,0.91709244,-0.14329587,0.4815787,-0.29639918,-0.0871823,0.5603584,0.32405478,-0.14188088,0.19636598,-0.3087087,0.07322682,0.16518629,-0.037033584,0.08035121,0.06344914,0.1743829,-0.34891865,0.36911932,-0.03928205,-0.019254744,0.0727387,0.4448627,-0.20876814,-0.2008433,-0.3768204,0.08240945,0.007894828,0.6260207,-0.38374043,0.52020586
Buparlisib,-0.52477247,0.118771136,-0.6447373,0.063230224,-0.30562046,-0.40586525,-0.43127638,0.19493487,0.67629963,0.4912879,0.43208402,0.12258941,0.67353064,0.40067524,0.16571712,-0.060092006,0.7692507,-0.27936685,-0.07598623,-0.19947714,-0.2646179,-0.47077793,0.1840081,-0.28129768,0.24213003,-0.123072036,-0.051555347,0.15418535,0.06424918,-0.45568553,0.2732556,0.17230752,0.22168377,-0.15907139,-0.2896738,-0.51689214,0.056570616,0.32439092,-0.44814757,0.2339531,0.04631134,-0.34318507,0.52214706,-0.42047977,-0.4858053,-0.0779705,-0.13618034,0.49978834,0.5904484,-0.4844448,0.5299241,-0.24657343,0.06886286,-0.54544914,0.21581587,0.5104386,-0.13380595,0.45903656,-0.41553634,0.23616314,0.53046566,-0.38437834,-0.16199282,-0.41358966,1.0542703,-0.16661261,-0.05837178,0.0047943266,0.60927176,-0.049460504,0.08907285,-0.6122232,-0.086765125,-0.038667113,-0.25166473,-0.27332452,0.025989382,-0.00083184434,-0.5499088,-0.5648832,0.038638044,-0.08573188,-0.37628067,-0.18788052,-0.16305302,-0.28195032,0.23327586,-0.60512924,-0.23677075,0.45054632,0.16153139,0.15239586,-0.5103647,-0.26904976,0.14905071,-0.246556,0.23036787,0.50920486,0.42367786,0.06674362,0.2629942,-0.012683523,-0.50957346,0.23298536,-0.30885038,-0.5252212,-0.26677704,0.84803116,-0.13895485,-0.43233025,0.38550305,-0.1842047,-0.26148832,0.35420758,-0.26361004,0.24916951,0.53801024,0.13794284,-0.186291,-0.88833684,0.23233758,0.09071597,-0.3738847,0.14639261,0.40809226,-0.097165264,-0.21221094,-0.32551563,-0.13592736,-0.6206717,-0.34591553,0.08655315,0.04235224,0.08035294,-0.43223208,0.021554532,0.3949738,0.04617121,-0.2595361,1.1111002,0.24190125,0.46672136,0.051234912,-0.27937418,0.11210855,0.5003189,-0.70531183,0.14336076,-0.24908178,-0.16682205,0.7127402,0.76782733,0.13411735,-0.28018683,-0.009009938,0.06178995,-0.1555478,0.21039614,-0.15503824,0.020830382,0.5605673,-0.67087096,0.77904737,0.20442754,0.19233459,0.34730104,-0.13920325,-0.0016755081,0.16975075,0.8174403,0.34430438,-0.45263502,0.2332155,0.36746493,0.08668786,0.1367721,0.032068487,-0.6555265,0.04963778,-0.44661608,-0.5345728,-0.044098075,-0.48542044,0.14510928,-0.2462551,0.1535498,0.3163961,-0.20062837,-0.5741163,0.1365035,-0.94958425,-0.07076806,-0.45012674,-0.3404531,1.0840644,-0.70815367,-0.08500909,-0.002260478,0.18267347,-0.21029107,1.2526686,0.21047485,0.52526796,-0.47059163,-0.09152661,0.5136924,-0.107373975,-0.32432774,-0.5543259,0.100742675,0.7790114,0.4485385,-0.3667934,0.19774188,0.32904094,0.38454777,-0.013646923,1.075867,0.6309542,-0.49869764,-0.44515896,-0.3675664,0.18371311,-0.5819141,0.58617723,-0.4910608,0.9715445,-0.13492015,0.50271684,-0.28508013,-0.10458769,0.58001494,0.35431293,-0.14097464,0.20140238,-0.32007056,0.057733577,0.17655596,-0.048448257,0.074068375,0.059959445,0.18672197,-0.3710275,0.38748604,-0.024888717,-0.030105887,0.06070805,0.47459957,-0.21136826,-0.19409086,-0.384609,0.08056579,0.010486381,0.6470342,-0.40029633,0.5444508
Ulixertinib,-0.5405748,0.10678852,-0.67122036,0.06495206,-0.31279415,-0.41613847,-0.4463449,0.19449727,0.6977492,0.5270492,0.43771458,0.1281659,0.68781096,0.409118,0.1655334,-0.05441294,0.798473,-0.29330236,-0.056267913,-0.21351787,-0.27991983,-0.48564348,0.20570706,-0.29822367,0.22713731,-0.12594141,-0.06252827,0.1626937,0.08512224,-0.49172932,0.27185094,0.18810189,0.23644382,-0.17075796,-0.3073284,-0.5043382,0.056824494,0.3284181,-0.4533363,0.24459168,0.053898405,-0.34444878,0.51177794,-0.4254001,-0.48963508,-0.07638055,-0.11873021,0.51971996,0.6094603,-0.50604934,0.52405447,-0.26514623,0.054615967,-0.5753118,0.21786317,0.50737756,-0.16702127,0.45685607,-0.44051126,0.25359878,0.5337326,-0.3786434,-0.16894516,-0.43586496,1.088234,-0.16080329,-0.06347434,0.016331038,0.63976455,-0.04670873,0.08487653,-0.6274516,-0.071675874,-0.06023366,-0.24046029,-0.2745874,0.022942524,-0.007571574,-0.5687194,-0.5775966,0.07146089,-0.08450098,-0.4033604,-0.18754852,-0.1748298,-0.2993666,0.24766631,-0.6231456,-0.23995367,0.46291187,0.1464438,0.14410223,-0.52397704,-0.28237495,0.16170421,-0.2494375,0.24953324,0.52741534,0.44828942,0.060485568,0.27100232,-0.0023122528,-0.53418946,0.21679416,-0.32530224,-0.5388646,-0.2896783,0.8982206,-0.1404387,-0.46545523,0.41513085,-0.20026961,-0.27863944,0.3623339,-0.25884733,0.2443506,0.56611615,0.14814301,-0.20058857,-0.90790486,0.24228908,0.10442389,-0.4047406,0.14050703,0.41395518,-0.08137798,-0.21586443,-0.33244863,-0.15294366,-0.6358494,-0.36077714,0.102304764,0.05051576,0.085752115,-0.44747773,0.044976205,0.39764494,0.0549726,-0.25649124,1.1548873,0.25000012,0.46932963,0.04837549,-0.3072675,0.12036758,0.5403337,-0.73560476,0.1545411,-0.2560852,-0.17736168,0.7354122,0.80140996,0.12865247,-0.3072728,0.0025238965,0.06822829,-0.1400415,0.19741032,-0.1710462,0.03252846,0.5829721,-0.6886887,0.7973447,0.18151042,0.19068131,0.34707284,-0.15185311,-0.003115265,0.17671095,0.8606053,0.36864355,-0.47406778,0.233253,0.39201787,0.09467177,0.15386814,0.025226688,-0.6889517,0.06505957,-0.4716278,-0.5578938,-0.036632225,-0.50150615,0.14556961,-0.2533166,0.16002569,0.32469875,-0.21261294,-0.5923536,0.17148839,-0.9903992,-0.076966286,-0.47181478,-0.36183926,1.1365818,-0.7308322,-0.10749643,0.0011710386,0.21304852,-0.19659528,1.2931409,0.21482246,0.56302947,-0.4979768,-0.10925874,0.5152881,-0.10239273,-0.34243813,-0.6049597,0.096691065,0.8049875,0.4832149,-0.3735422,0.21028468,0.34285843,0.3976488,0.013468562,1.11992,0.66084313,-0.5055269,-0.4575115,-0.3870738,0.18703139,-0.58802074,0.5868962,-0.51404905,1.0053155,-0.1182957,0.5277661,-0.29987657,-0.11156959,0.611074,0.36171398,-0.15692706,0.20820396,-0.30812985,0.063321464,0.19061795,-0.050290737,0.0733983,0.059095386,0.19094391,-0.39650434,0.4043317,-0.021056894,-0.029284405,0.03487277,0.49244177,-0.2287468,-0.18312623,-0.39529157,0.07664766,0.01871905,0.6559022,-0.41554174,0.54672587
Venetoclax,-0.53069884,0.11989309,-0.6546484,0.06527049,-0.3096899,-0.4105535,-0.43730488,0.19735922,0.6848546,0.4992509,0.43595642,0.12249445,0.6811487,0.40417308,0.16621177,-0.061181452,0.7791592,-0.28293177,-0.07408036,-0.20317343,-0.26751906,-0.47637725,0.18594031,-0.28612813,0.24293318,-0.12572494,-0.050684586,0.15690364,0.06576247,-0.46464264,0.2766963,0.17600323,0.22586341,-0.16219738,-0.29381526,-0.52056104,0.056890935,0.32720366,-0.4529329,0.23541933,0.04701427,-0.3467403,0.5239696,-0.42452252,-0.49227396,-0.079796754,-0.13432579,0.50401783,0.5948373,-0.49176475,0.53498244,-0.25339484,0.06807715,-0.5527239,0.21789265,0.5152599,-0.1376379,0.46396118,-0.4205559,0.23985526,0.53364474,-0.38868153,-0.16615655,-0.4193514,1.0677465,-0.16625841,-0.061177526,0.0065340465,0.61618495,-0.050252788,0.08849028,-0.61734265,-0.08773202,-0.040064093,-0.25313914,-0.27689144,0.024476856,-0.002796504,-0.555696,-0.57105696,0.043304224,-0.08570851,-0.38385946,-0.18950596,-0.16626833,-0.28454924,0.23842391,-0.6116462,-0.23793377,0.45391288,0.1615482,0.15331534,-0.51644814,-0.27192503,0.15257086,-0.24923517,0.23532386,0.51410705,0.43037418,0.06710535,0.26660967,-0.012815752,-0.5167994,0.23364128,-0.31353387,-0.5291855,-0.27140647,0.8617238,-0.14141223,-0.44161716,0.39306298,-0.18592085,-0.26584285,0.35639617,-0.26411995,0.2507171,0.545541,0.13904448,-0.18899995,-0.8952718,0.23405793,0.09142532,-0.3779909,0.14595965,0.41076833,-0.09650973,-0.21435471,-0.32637423,-0.13928099,-0.6270583,-0.3499077,0.088553794,0.0437656,0.0819904,-0.4387912,0.023313943,0.39944187,0.04640869,-0.2626822,1.1237365,0.24490894,0.47064096,0.050211802,-0.28314894,0.11457639,0.50926596,-0.71466875,0.1473585,-0.25223345,-0.16761991,0.7226266,0.7780401,0.13464597,-0.28541824,-0.009878593,0.06442478,-0.15603657,0.21251512,-0.15838008,0.02260913,0.56780404,-0.68023443,0.78759944,0.20363626,0.19363466,0.34980935,-0.14385878,-0.0035109671,0.1706892,0.8277826,0.35030404,-0.4587766,0.23500457,0.37296882,0.08767238,0.13969111,0.03389035,-0.6659556,0.051975265,-0.45307237,-0.54052776,-0.044791173,-0.4918151,0.14719182,-0.24854642,0.15682982,0.31806952,-0.20552163,-0.58336,0.14278817,-0.9627885,-0.07240017,-0.45570752,-0.34474674,1.0990803,-0.71654654,-0.088765986,-0.0006922442,0.18790269,-0.21068516,1.269578,0.21354455,0.5349864,-0.47907922,-0.0948043,0.516858,-0.10671581,-0.32844675,-0.5639465,0.1009649,0.7869046,0.4555507,-0.3698745,0.19993943,0.33385682,0.38931024,-0.010962485,1.0897158,0.63959795,-0.50137776,-0.45117635,-0.37346092,0.18741484,-0.58861756,0.5906588,-0.49889508,0.98562884,-0.13475287,0.5100523,-0.28791696,-0.107966825,0.58564097,0.36073893,-0.1433962,0.20387618,-0.31986362,0.058673017,0.1797971,-0.04917972,0.07519657,0.05815201,0.1867935,-0.37737423,0.392881,-0.022828657,-0.029497886,0.05998801,0.47893992,-0.21373355,-0.19425131,-0.38931215,0.079174444,0.01254778,0.6536657,-0.40461653,0.54945755
ABT737,-0.5396698,0.111355916,-0.6681543,0.06505034,-0.3131414,-0.4166809,-0.44496152,0.19696884,0.6959063,0.5195951,0.4395058,0.12711377,0.6886382,0.40934783,0.16645469,-0.057236165,0.7944946,-0.290938,-0.06282527,-0.21115151,-0.27735516,-0.48473182,0.19921796,-0.29545242,0.23495817,-0.12592486,-0.05855787,0.16064541,0.079141624,-0.4835867,0.2751694,0.18457566,0.2330099,-0.1681283,-0.3041667,-0.5114141,0.05658299,0.33008084,-0.45657128,0.2426336,0.051194876,-0.3480177,0.51862675,-0.42820302,-0.49254695,-0.07759384,-0.12452406,0.5173108,0.607587,-0.5035843,0.5300628,-0.26069188,0.05899446,-0.5691908,0.21846525,0.5135871,-0.15821518,0.46045572,-0.43535668,0.2503165,0.5369881,-0.3829277,-0.16787596,-0.4314775,1.0854582,-0.16348694,-0.061957818,0.012754495,0.6350031,-0.048028268,0.08696186,-0.62824315,-0.07740305,-0.053751655,-0.24610196,-0.27647915,0.023722038,-0.0047519715,-0.5677411,-0.5785065,0.060838725,-0.08480317,-0.39691836,-0.18968464,-0.1720594,-0.29602376,0.24505082,-0.62223464,-0.2405788,0.46152416,0.15272553,0.14769757,-0.52363515,-0.27999562,0.15933219,-0.2501282,0.2454669,0.5242078,0.44363448,0.06389627,0.27080002,-0.006205875,-0.52955943,0.22323407,-0.32272887,-0.53885883,-0.28321913,0.8887374,-0.14250375,-0.4582964,0.40811834,-0.19597833,-0.2746408,0.36205265,-0.26309147,0.2477635,0.5603645,0.14586101,-0.19787598,-0.9089009,0.24153556,0.1004528,-0.39811876,0.14313248,0.41501123,-0.08795105,-0.21565332,-0.33241862,-0.14846621,-0.636706,-0.35816035,0.09844316,0.048362512,0.08458666,-0.44709072,0.036586452,0.39925933,0.051717717,-0.25983173,1.1484386,0.2492559,0.4729155,0.04891753,-0.30122682,0.11895047,0.5314023,-0.7314682,0.15246055,-0.25545448,-0.17552379,0.73373616,0.7956361,0.13068736,-0.30162707,-0.0010351564,0.06635595,-0.14629698,0.20342405,-0.1672848,0.02900967,0.58127505,-0.68820494,0.79807675,0.19133492,0.19245592,0.34962887,-0.15015186,-0.0026441258,0.17575184,0.8532306,0.36385068,-0.47050318,0.2361243,0.38739318,0.091733046,0.14904818,0.027721932,-0.6834995,0.061138667,-0.4676842,-0.55524236,-0.039329786,-0.50023633,0.14607427,-0.25312868,0.1580182,0.32429338,-0.21037836,-0.5913011,0.16102815,-0.98453814,-0.075451754,-0.46810177,-0.35689571,1.1278483,-0.728733,-0.10110218,-0.00012031504,0.20438518,-0.20388648,1.2889506,0.21383174,0.5549882,-0.49289343,-0.105516836,0.5186481,-0.104996525,-0.33981094,-0.59366494,0.09881682,0.8024164,0.47577244,-0.3752142,0.2073509,0.34023634,0.3957198,0.0044874703,1.1131259,0.6563212,-0.5079205,-0.45752195,-0.3837236,0.18697627,-0.59007776,0.59038895,-0.51050127,1.0022337,-0.124608345,0.5236837,-0.29754043,-0.111086056,0.6049176,0.36169285,-0.15290365,0.2082584,-0.31323767,0.06196448,0.18742691,-0.049816363,0.07524331,0.059472006,0.19018771,-0.3911853,0.40150306,-0.022287862,-0.029517084,0.04378349,0.4890785,-0.22455536,-0.18869995,-0.39482746,0.079300664,0.016019428,0.65808046,-0.41387287,0.5500963
Afuresertib,-0.5705365,0.098451234,-0.70204496,0.06414891,-0.33268234,-0.44596788,-0.46672496,0.20785053,0.7414428,0.5631227,0.4624777,0.14067404,0.72296256,0.4296922,0.17168501,-0.05307402,0.8451413,-0.31752828,-0.053722195,-0.2308915,-0.29819945,-0.5120979,0.22367573,-0.3121661,0.23130625,-0.1287676,-0.07347139,0.17178077,0.0993441,-0.52644306,0.27900773,0.20369904,0.24902381,-0.18067478,-0.33030152,-0.5182033,0.04872222,0.34619087,-0.48218188,0.26002577,0.05079674,-0.363082,0.5356042,-0.45400846,-0.5155072,-0.08008797,-0.11520951,0.5573314,0.64607346,-0.5402331,0.5487887,-0.27364734,0.044464115,-0.6068916,0.23598531,0.5295896,-0.19004615,0.46661302,-0.4647423,0.26749426,0.5642159,-0.38886526,-0.17787091,-0.46875882,1.1394241,-0.16314632,-0.06154738,0.022886572,0.6780674,-0.05066602,0.090165295,-0.6650887,-0.07579578,-0.078659296,-0.2486098,-0.28605732,0.026716264,-0.004704937,-0.60891354,-0.61254966,0.0856965,-0.08259807,-0.42569605,-0.19944559,-0.18322328,-0.3219523,0.26813194,-0.6691672,-0.25291136,0.48483348,0.15045477,0.14203861,-0.54843396,-0.3018238,0.18079032,-0.25948408,0.26782012,0.549307,0.4756825,0.061649892,0.29014614,-0.0003220786,-0.56513256,0.22603633,-0.3471742,-0.5769025,-0.30699632,0.9535795,-0.14778559,-0.50062776,0.43959582,-0.2152685,-0.294627,0.3823636,-0.27449444,0.25208396,0.5956116,0.15772675,-0.2224623,-0.96167916,0.25805864,0.11554375,-0.44531724,0.15036815,0.43734583,-0.08758129,-0.2277419,-0.35504,-0.17023936,-0.6805726,-0.38443607,0.114408344,0.059673827,0.092279285,-0.4744117,0.04951119,0.41761106,0.054882165,-0.26441342,1.2198312,0.2626382,0.4963535,0.05419107,-0.33653072,0.13110478,0.57283205,-0.7764636,0.16507252,-0.2688113,-0.18985035,0.77259254,0.84028476,0.12460508,-0.3332545,0.012876024,0.07472999,-0.14093171,0.19761063,-0.18350899,0.0367629,0.61950105,-0.72885907,0.8423085,0.18568042,0.19785373,0.35835558,-0.16266824,0.0068566683,0.18436386,0.92609185,0.39345488,-0.50279117,0.2564846,0.41923404,0.10263792,0.16540362,0.02433644,-0.7355388,0.079701565,-0.5095875,-0.5939632,-0.037702765,-0.52981454,0.14604259,-0.27332342,0.164146,0.34278697,-0.22466291,-0.6222722,0.18585408,-1.0475848,-0.077955276,-0.5016702,-0.38946012,1.2069237,-0.77978843,-0.11877452,-0.011507116,0.22813818,-0.20452717,1.3618429,0.21467727,0.602543,-0.5303036,-0.12294806,0.53915197,-0.112347,-0.3638314,-0.6574027,0.095865004,0.8532377,0.5214915,-0.40305436,0.22702147,0.35544813,0.41294116,0.02078694,1.1858655,0.7046185,-0.5379418,-0.48591918,-0.41109127,0.19773997,-0.61634725,0.6087306,-0.5436492,1.0595458,-0.11959203,0.5643075,-0.33346045,-0.114931785,0.6546407,0.37375236,-0.17583428,0.22247203,-0.31504875,0.07733661,0.20307912,-0.051312298,0.07837514,0.06618833,0.2008054,-0.42298424,0.42986777,-0.028402386,-0.02712111,0.027921308,0.51756185,-0.24986352,-0.19262408,-0.41940457,0.082795225,0.022822252,0.6900592,-0.44096577,0.5707944
AGI-5198,-0.501305,0.12079288,-0.63080347,0.06423815,-0.28937992,-0.3801484,-0.4188416,0.17536408,0.64041126,0.47260094,0.41014105,0.10938651,0.6464653,0.38461897,0.15845403,-0.059358407,0.7365613,-0.26425737,-0.06371475,-0.19059162,-0.25166062,-0.45148596,0.17433123,-0.27692133,0.22921754,-0.123515576,-0.04666388,0.14843667,0.061346315,-0.4434473,0.26344562,0.16727601,0.21522589,-0.15168387,-0.27414796,-0.49504167,0.06423685,0.31165698,-0.4223551,0.22225368,0.05035912,-0.32456577,0.49263597,-0.39428923,-0.4643301,-0.07328719,-0.12568915,0.47061563,0.5614806,-0.4657186,0.5009271,-0.24953833,0.067285016,-0.5314215,0.19871044,0.48563695,-0.12808545,0.44686523,-0.40494663,0.2284777,0.49985814,-0.37320402,-0.1620374,-0.3948668,1.018191,-0.15656202,-0.06270526,0.007583352,0.584846,-0.044788744,0.07920424,-0.5788093,-0.08028209,-0.028930405,-0.2379997,-0.2637627,0.02141534,-0.0055950573,-0.51830035,-0.5331912,0.041307893,-0.085716546,-0.36977845,-0.1752969,-0.1614694,-0.26427934,0.22140934,-0.5678596,-0.22853708,0.42937204,0.15088867,0.15003657,-0.49359176,-0.2580379,0.14139934,-0.23610166,0.22588877,0.4937531,0.41143632,0.064506605,0.2476952,-0.011621978,-0.48984224,0.21434297,-0.29744688,-0.49402753,-0.25903842,0.82252014,-0.1313582,-0.41652775,0.37556714,-0.17789109,-0.25483605,0.33780423,-0.24569957,0.23880653,0.52289313,0.1330275,-0.17475073,-0.8382797,0.21923016,0.086133406,-0.34863615,0.13171202,0.38673675,-0.08303451,-0.20265047,-0.3035133,-0.13001874,-0.5800049,-0.32920775,0.082289346,0.036920533,0.07836781,-0.41351536,0.030155823,0.3751836,0.04771053,-0.24686645,1.0663154,0.23206444,0.4398643,0.043608434,-0.2644041,0.10895749,0.48561597,-0.6845066,0.14155197,-0.24085575,-0.15887713,0.6891888,0.7466401,0.13620509,-0.26930672,-0.01630782,0.059491493,-0.14894639,0.2032707,-0.15065296,0.023453174,0.5354968,-0.6401565,0.7414913,0.18789834,0.18511876,0.33381924,-0.13827619,-0.010118179,0.16324177,0.773036,0.33373576,-0.4351783,0.20991921,0.35062125,0.0818422,0.13674393,0.03207012,-0.6287193,0.049068835,-0.42301926,-0.50902265,-0.03770282,-0.46535075,0.14534019,-0.22879252,0.15227595,0.30329093,-0.19418767,-0.55496544,0.14037713,-0.91318095,-0.070394024,-0.42984706,-0.32334968,1.0422231,-0.67099255,-0.082618535,0.014858866,0.18543732,-0.19442289,1.2024759,0.21321934,0.50591445,-0.45537707,-0.08727647,0.48624256,-0.09660448,-0.3114423,-0.5275922,0.10081408,0.73887706,0.42911074,-0.34105784,0.18629096,0.320365,0.3730945,-0.007354308,1.032054,0.6023404,-0.4653356,-0.42588928,-0.35603485,0.17477793,-0.5593226,0.5608835,-0.47021222,0.9355581,-0.122774586,0.4808358,-0.2620542,-0.110298574,0.5476509,0.34783152,-0.13239294,0.19123743,-0.30218282,0.04545122,0.16893992,-0.051501065,0.06891724,0.050298125,0.17693995,-0.35856926,0.37177753,-0.014313377,-0.03354487,0.052276876,0.45486853,-0.19681616,-0.17931628,-0.3635913,0.07328239,0.010171399,0.61443853,-0.38140568,0.51896703
AZD3759,-0.52937335,0.115058765,-0.65734005,0.06474988,-0.3076942,-0.40755185,-0.43774748,0.19122195,0.6818702,0.5046864,0.43250042,0.122443736,0.6777865,0.40399617,0.1648324,-0.05821916,0.77937067,-0.28407148,-0.065377906,-0.20460387,-0.26962954,-0.4760148,0.19110079,-0.2890513,0.2346662,-0.1251856,-0.055817083,0.15743326,0.07237373,-0.47152922,0.27220333,0.17912836,0.22742395,-0.16326664,-0.29524308,-0.5106178,0.058214433,0.3254032,-0.44814205,0.23680721,0.049986206,-0.34200153,0.51484096,-0.42010382,-0.48699474,-0.077258416,-0.12696253,0.5043897,0.59580845,-0.49301866,0.5249256,-0.2567016,0.062239498,-0.55820745,0.21468702,0.5074858,-0.14685473,0.45898238,-0.4262485,0.24298917,0.5289394,-0.38248357,-0.16645549,-0.4219575,1.0671346,-0.16225547,-0.06201993,0.010864238,0.619802,-0.04806157,0.08595865,-0.6150057,-0.0805796,-0.04517882,-0.24598065,-0.2737672,0.02381808,-0.004419887,-0.55490696,-0.5671396,0.05320189,-0.08548132,-0.38884288,-0.18613666,-0.16870145,-0.28684044,0.23817869,-0.6089852,-0.23773526,0.4530581,0.15437825,0.1495695,-0.51599574,-0.27400303,0.15491048,-0.24664775,0.2387144,0.51611847,0.43433157,0.064450994,0.2644046,-0.008669493,-0.5185978,0.22395311,-0.3155646,-0.5272874,-0.27564383,0.8691303,-0.13859947,-0.44607964,0.39794272,-0.19102195,-0.26928315,0.3561786,-0.25974166,0.24672514,0.5492443,0.14208776,-0.19156505,-0.89088696,0.23427469,0.09558634,-0.38346598,0.14204845,0.4086943,-0.08878888,-0.2130597,-0.3251345,-0.14289734,-0.6223027,-0.3509868,0.0925328,0.044732176,0.08273725,-0.43754807,0.0325648,0.3949113,0.049999103,-0.25720617,1.1261928,0.24490203,0.46556267,0.04886561,-0.28911686,0.116099924,0.5167785,-0.7180615,0.1491243,-0.2521816,-0.17030706,0.72197086,0.78187156,0.13294764,-0.29093808,-0.006506293,0.06483645,-0.1493689,0.20545532,-0.1615172,0.02664428,0.5683087,-0.6767757,0.78362596,0.19269633,0.19162352,0.34637195,-0.14573154,-0.0038840675,0.17204873,0.8312433,0.35463914,-0.46083367,0.2298809,0.3761382,0.089701064,0.14480284,0.030422466,-0.66814184,0.05720313,-0.4552178,-0.5420966,-0.039960247,-0.49126795,0.14658275,-0.24680588,0.1569407,0.31908312,-0.20528989,-0.581958,0.15254107,-0.96506107,-0.07337204,-0.4575048,-0.34733993,1.1042566,-0.71456337,-0.093971334,0.0029483726,0.19715393,-0.20288365,1.267091,0.21423844,0.54083,-0.48217675,-0.098734386,0.51134396,-0.10424988,-0.3310788,-0.57294655,0.09973161,0.78509736,0.46115604,-0.36670807,0.20157719,0.3346933,0.38955164,-0.0014169761,1.0920568,0.64172715,-0.49678522,-0.4496547,-0.37610713,0.1842446,-0.584022,0.5845921,-0.49916646,0.9844738,-0.12613587,0.5120023,-0.28886688,-0.10969363,0.5886729,0.35934034,-0.14680123,0.20352355,-0.31300813,0.058256686,0.18175514,-0.05083611,0.07301541,0.058076132,0.1870588,-0.38109306,0.39397472,-0.020922944,-0.03045712,0.048916966,0.4800221,-0.21633708,-0.18806209,-0.38665605,0.078326486,0.0141488435,0.6478916,-0.40473285,0.5440676
AZD5363,-0.5246691,0.11835591,-0.6523838,0.06471128,-0.30500832,-0.4033016,-0.43506828,0.19053204,0.6758108,0.49828243,0.42955944,0.11969939,0.6746147,0.399987,0.16376106,-0.06003798,0.77203107,-0.28057975,-0.06679841,-0.2024201,-0.26642218,-0.47132787,0.18688986,-0.28773493,0.23675576,-0.12571146,-0.051383145,0.15623921,0.06879635,-0.4659739,0.2729319,0.1763067,0.22654624,-0.16066463,-0.2914258,-0.5097166,0.05972303,0.32419822,-0.44514683,0.23369303,0.05011345,-0.3405973,0.5113211,-0.4154509,-0.48464087,-0.078056596,-0.12737112,0.497605,0.5878859,-0.48858246,0.5228442,-0.25612664,0.0645214,-0.5520956,0.21209142,0.5052224,-0.14180626,0.4584377,-0.42028064,0.23987392,0.522401,-0.3829915,-0.16677539,-0.41598207,1.0588114,-0.16250207,-0.06285253,0.009681807,0.6130483,-0.04833963,0.08404235,-0.6086286,-0.08310619,-0.04138739,-0.246237,-0.2730626,0.022249836,-0.0055252765,-0.5477657,-0.56129855,0.04888686,-0.085356094,-0.38452673,-0.18545556,-0.16700786,-0.2814356,0.23672189,-0.601615,-0.23567258,0.44827706,0.15530588,0.15081102,-0.5118827,-0.26910535,0.15127537,-0.2460397,0.23720784,0.5115218,0.4294755,0.0647021,0.26215366,-0.01051541,-0.51370686,0.2244039,-0.31234837,-0.520029,-0.2725712,0.8597561,-0.13825919,-0.4405244,0.39381224,-0.18697073,-0.26533642,0.35206944,-0.2567266,0.24582449,0.54421574,0.13915843,-0.18788843,-0.88150865,0.2312704,0.092001125,-0.37499365,0.13994221,0.404476,-0.08966806,-0.21182127,-0.32045496,-0.14016034,-0.6148905,-0.3461935,0.09024785,0.04343461,0.082522534,-0.4341539,0.030535717,0.39275035,0.048348363,-0.2567278,1.1144298,0.24242549,0.4612719,0.046869416,-0.28308776,0.115032926,0.5096896,-0.7113945,0.14854105,-0.24956526,-0.1672926,0.71763694,0.77530956,0.13358465,-0.28599977,-0.009593192,0.06406224,-0.15056099,0.20737235,-0.15919322,0.025037952,0.56234735,-0.6721133,0.77592796,0.19464156,0.19098136,0.34428844,-0.1450799,-0.006363019,0.16955726,0.8192985,0.35006064,-0.45554468,0.22742587,0.37141618,0.087568715,0.14305922,0.03161608,-0.66126335,0.05450608,-0.4492502,-0.5355817,-0.041001182,-0.48741108,0.14650069,-0.24439602,0.15696703,0.31451347,-0.20514941,-0.5789806,0.14977707,-0.95603395,-0.07334271,-0.45160815,-0.34227455,1.0919232,-0.7060498,-0.09194592,0.00461133,0.19333646,-0.20276947,1.2564816,0.21400526,0.5333227,-0.47833923,-0.09546849,0.5070074,-0.10216253,-0.32729754,-0.56296194,0.09945928,0.7769101,0.455099,-0.3622289,0.19755949,0.3329261,0.38684684,-0.0044406513,1.0805224,0.63463885,-0.49199712,-0.44656044,-0.37218583,0.1841329,-0.5804166,0.58077246,-0.49490127,0.97693384,-0.127674,0.5055219,-0.2833026,-0.1101953,0.5797182,0.3585007,-0.14352676,0.20196046,-0.31198937,0.055632953,0.17918293,-0.050198175,0.0739472,0.054895796,0.18379189,-0.3771542,0.38990209,-0.018586487,-0.030300187,0.05253617,0.474618,-0.21223019,-0.18791923,-0.38420537,0.07661262,0.013195653,0.64298725,-0.40014312,0.54056036
AZD6738,-0.5376578,0.12559219,-0.66937834,0.06799394,-0.31198907,-0.41177562,-0.44629824,0.19573185,0.69097507,0.5081775,0.4389044,0.1219096,0.69115084,0.41199875,0.16858166,-0.062701255,0.789822,-0.28406835,-0.07156443,-0.20464973,-0.2734246,-0.48387474,0.19002801,-0.29476988,0.24479428,-0.12861744,-0.051135305,0.1587509,0.067293756,-0.4732571,0.2825292,0.17806911,0.23209316,-0.16574734,-0.2963749,-0.52641016,0.065656975,0.3312766,-0.4541687,0.23945113,0.053978745,-0.3488987,0.525263,-0.42382506,-0.49487647,-0.0800027,-0.13607788,0.50767237,0.60261923,-0.4969085,0.5371699,-0.2624452,0.07103684,-0.56519705,0.21378787,0.5202993,-0.14159982,0.47561017,-0.4311639,0.24725297,0.5366202,-0.39469394,-0.16808863,-0.42186573,1.0888089,-0.16967332,-0.065379225,0.0074764923,0.62881625,-0.04892181,0.08729831,-0.6243282,-0.08165553,-0.038282912,-0.2537058,-0.2798519,0.022284713,-0.0062888414,-0.5596254,-0.57546693,0.046796188,-0.09021455,-0.39315203,-0.18975192,-0.17090799,-0.28892046,0.2393221,-0.6131344,-0.24138148,0.4628453,0.16030854,0.15756623,-0.52603066,-0.2740418,0.15009995,-0.25369906,0.2394846,0.5271925,0.43813902,0.067096606,0.26720226,-0.010537722,-0.5252812,0.22973908,-0.31869057,-0.5308967,-0.27908248,0.87769514,-0.14167945,-0.44685873,0.40271068,-0.19045246,-0.27194083,0.36160338,-0.26370496,0.2541269,0.5572667,0.14282094,-0.18768284,-0.9048765,0.23747768,0.09345004,-0.37839988,0.14326,0.41557416,-0.09077846,-0.21674465,-0.32866433,-0.13933758,-0.6282938,-0.3538085,0.09072993,0.041922934,0.083345026,-0.44418833,0.030121585,0.40354532,0.051593542,-0.2654487,1.1423839,0.24961844,0.47319084,0.046996202,-0.28702185,0.115197495,0.52269495,-0.72717035,0.15028715,-0.25576153,-0.17150976,0.73504746,0.79547393,0.14036976,-0.28970912,-0.011094912,0.063452646,-0.15524748,0.21533199,-0.16178812,0.024725482,0.5754002,-0.6859323,0.7951901,0.20133848,0.1967209,0.35595194,-0.14662871,-0.010295109,0.17585796,0.83410215,0.35657188,-0.46512488,0.22937374,0.37954843,0.08953992,0.14429547,0.031028612,-0.67277324,0.049876634,-0.45593297,-0.5481441,-0.041380756,-0.4986495,0.15151262,-0.24809536,0.16157752,0.3238157,-0.20903428,-0.5926266,0.15072124,-0.978451,-0.07698348,-0.461539,-0.34865355,1.1159807,-0.72025615,-0.09216339,0.008740099,0.19673066,-0.2091278,1.2875522,0.22275178,0.54325545,-0.48610228,-0.095761694,0.5224649,-0.103253506,-0.33562377,-0.5710523,0.103495166,0.79631525,0.46138808,-0.3686235,0.20118059,0.34376204,0.39937615,-0.0074152946,1.1053063,0.64785445,-0.5048079,-0.45506084,-0.37929714,0.1875012,-0.59451807,0.5996388,-0.5065868,0.9999334,-0.13247345,0.51482594,-0.28379384,-0.112461455,0.59296,0.3690396,-0.14298376,0.20580111,-0.32471707,0.053341914,0.18330444,-0.05129527,0.07520545,0.056005742,0.18891095,-0.38401276,0.39812943,-0.017846279,-0.032387786,0.05658742,0.48851126,-0.21531889,-0.1930367,-0.39291063,0.07844662,0.012269973,0.660143,-0.40966326,0.55634314
AZD8186,-0.51300645,0.11886475,-0.640804,0.06437963,-0.29583818,-0.39050996,-0.42660904,0.18143506,0.6566076,0.48397812,0.41982278,0.11555183,0.65824777,0.39320022,0.16272739,-0.05834198,0.7534917,-0.2713083,-0.06680657,-0.19475375,-0.2579989,-0.4616989,0.18051246,-0.28033653,0.23251489,-0.123649985,-0.05113645,0.15228122,0.064036205,-0.45142213,0.26639715,0.17098495,0.21833842,-0.15657267,-0.28257936,-0.5046295,0.062031638,0.31640482,-0.4323642,0.22865792,0.050292645,-0.3312862,0.5055981,-0.40582442,-0.47357634,-0.07392954,-0.1297292,0.48478448,0.57794327,-0.47437283,0.51189375,-0.25086093,0.06789529,-0.5417242,0.2057776,0.49554953,-0.13255943,0.4532937,-0.41407797,0.2337749,0.514854,-0.3777272,-0.16169745,-0.40486908,1.0384884,-0.16070732,-0.06180712,0.0067357467,0.59812933,-0.045533042,0.08394239,-0.59453106,-0.08001929,-0.03315584,-0.24215841,-0.26763424,0.023734177,-0.0038725927,-0.53307605,-0.54764444,0.043764904,-0.087313525,-0.3760803,-0.17929101,-0.16386259,-0.2735752,0.2250748,-0.5841637,-0.23297958,0.44131827,0.15325955,0.15076649,-0.5034071,-0.26586747,0.14563563,-0.24028696,0.22836757,0.5048726,0.42000234,0.064556904,0.25348595,-0.009933491,-0.5007676,0.22015494,-0.30285105,-0.5085886,-0.26434845,0.8387918,-0.13401361,-0.4252889,0.38257122,-0.18331732,-0.26080465,0.3467883,-0.25337848,0.24347404,0.53323627,0.13725165,-0.18032984,-0.8616112,0.22548774,0.089974836,-0.3619774,0.13779393,0.39640924,-0.086161874,-0.20682874,-0.31359097,-0.1331583,-0.5975921,-0.33804128,0.08467877,0.039059896,0.07902417,-0.42141986,0.029677492,0.38345405,0.04964886,-0.25225288,1.0915089,0.23759697,0.4516238,0.04732678,-0.27245983,0.109988235,0.4969243,-0.69728976,0.14244488,-0.24618407,-0.1640538,0.70098346,0.7608029,0.13644946,-0.2763034,-0.013163103,0.060663007,-0.15068428,0.20520657,-0.15411887,0.023634614,0.5478843,-0.65419114,0.7598748,0.19123402,0.18814772,0.34088868,-0.13859421,-0.006961489,0.16761646,0.7953627,0.34070957,-0.4457822,0.2174928,0.35947713,0.08480578,0.13843678,0.031471845,-0.6425667,0.050287504,-0.43393838,-0.52209103,-0.03923429,-0.4754379,0.14718589,-0.23540539,0.1538481,0.31083095,-0.19647789,-0.5643897,0.14181699,-0.9324949,-0.07150541,-0.4413656,-0.33200958,1.0656317,-0.68925625,-0.08517963,0.009957977,0.18777144,-0.19932336,1.2289339,0.2148292,0.51804394,-0.4634398,-0.09015192,0.4992544,-0.10109259,-0.31846362,-0.5423754,0.10224397,0.7585269,0.4396937,-0.35122585,0.19301838,0.32595906,0.38040993,-0.0064572953,1.0563046,0.6167269,-0.47878477,-0.43434584,-0.36301887,0.17750888,-0.57046074,0.5740324,-0.48111746,0.954428,-0.12554955,0.49250203,-0.2715641,-0.1081252,0.56452185,0.35197598,-0.13655819,0.1954389,-0.30990916,0.050215412,0.17358272,-0.051371977,0.06897667,0.05598886,0.18368311,-0.36571327,0.3798931,-0.01868629,-0.03333533,0.052608173,0.46649727,-0.20430775,-0.18368685,-0.37236124,0.07650378,0.011199968,0.6290675,-0.39086744,0.531002
Osimertinib,-0.5008541,0.120278604,-0.6355283,0.066169,-0.28661463,-0.37591705,-0.42120925,0.17190076,0.6378695,0.47716296,0.40647367,0.109257326,0.643378,0.38529086,0.15859179,-0.0574642,0.73692197,-0.2619204,-0.05880197,-0.18979006,-0.25396723,-0.45221293,0.17800087,-0.28029186,0.22419618,-0.12341466,-0.048900466,0.14949194,0.06407754,-0.44596425,0.26254305,0.16843224,0.21716401,-0.15506163,-0.2755115,-0.49053127,0.06863621,0.30762583,-0.41690895,0.22345278,0.05626343,-0.3209935,0.48503715,-0.38972905,-0.45889127,-0.071170904,-0.12384598,0.4693097,0.5635483,-0.46323308,0.49331707,-0.25434655,0.067956224,-0.5359381,0.1930531,0.4811961,-0.13322964,0.44815955,-0.41105235,0.23349094,0.49684268,-0.36973482,-0.15936223,-0.3930657,1.0232722,-0.15645309,-0.06567295,0.008142173,0.5890228,-0.041940954,0.078103796,-0.5780153,-0.07013955,-0.029923504,-0.23249213,-0.26132545,0.019718165,-0.008488923,-0.51614136,-0.53108597,0.048756253,-0.08860957,-0.37469482,-0.17150494,-0.16413756,-0.2671361,0.2182163,-0.56204844,-0.2264677,0.43264282,0.1439551,0.14931734,-0.49518424,-0.25893554,0.13886218,-0.23515114,0.22564878,0.4998864,0.414086,0.06231348,0.24473412,-0.006918882,-0.49170107,0.20580544,-0.29745495,-0.4897685,-0.26317573,0.82710665,-0.13045807,-0.41760296,0.3804028,-0.18109012,-0.25872844,0.33828166,-0.24200924,0.23683017,0.5272213,0.13650566,-0.17249122,-0.8367895,0.2202874,0.08864356,-0.3491027,0.12825885,0.38449878,-0.07471182,-0.20057374,-0.30226567,-0.12924714,-0.575303,-0.32929495,0.08401979,0.036192946,0.07739349,-0.41179144,0.03771994,0.3722351,0.05390049,-0.24585794,1.0703874,0.23347844,0.43614176,0.041061483,-0.2667947,0.10742459,0.495302,-0.68594074,0.14134726,-0.24165164,-0.1616551,0.68898124,0.7521116,0.1374203,-0.27220684,-0.015101841,0.05842013,-0.1433233,0.19998442,-0.15315604,0.026469857,0.5357763,-0.6363969,0.73930395,0.17883758,0.18312933,0.33434635,-0.13839181,-0.015259374,0.16653201,0.77233213,0.33641553,-0.43706083,0.20162708,0.35354993,0.083361685,0.13921466,0.028523475,-0.6276063,0.04771085,-0.42066967,-0.5106543,-0.03424477,-0.46503857,0.14762995,-0.22518416,0.15401234,0.30425596,-0.1938629,-0.55438817,0.14848468,-0.9157526,-0.07386298,-0.43190396,-0.32317272,1.045466,-0.66707844,-0.08745546,0.021643158,0.192964,-0.18857495,1.2030928,0.21766503,0.50993747,-0.45540625,-0.089643165,0.48485318,-0.092109025,-0.31432807,-0.5316183,0.101599574,0.7391119,0.43046275,-0.33542565,0.18698679,0.32485768,0.37719315,0.0006223285,1.0344559,0.6029826,-0.46142325,-0.4221274,-0.35699213,0.17116104,-0.55514765,0.5609465,-0.47256687,0.9359258,-0.11649378,0.48013672,-0.25580215,-0.11042426,0.5500854,0.34868082,-0.13144898,0.19021834,-0.30051506,0.042456426,0.1719333,-0.05208892,0.06594584,0.050491627,0.17856123,-0.3603003,0.37143743,-0.011123092,-0.034526967,0.045161538,0.4586131,-0.19759104,-0.1732865,-0.36128476,0.07160097,0.011685795,0.61107075,-0.38180894,0.5177565
Cediranib,-0.5088435,0.1251713,-0.649314,0.0676372,-0.29130736,-0.38066402,-0.42999882,0.1718762,0.6469109,0.48274145,0.41429815,0.10870117,0.6550861,0.39270645,0.16230416,-0.05935811,0.74922425,-0.26549456,-0.059512638,-0.19208266,-0.25609782,-0.46026006,0.17757119,-0.28587827,0.23041488,-0.12712666,-0.04839253,0.1521851,0.062766835,-0.45312047,0.26830727,0.17086783,0.21988752,-0.1558476,-0.2783903,-0.50275284,0.07123802,0.31416127,-0.4243731,0.22614835,0.05704382,-0.3270127,0.4952529,-0.39673373,-0.46941543,-0.07234329,-0.12652117,0.47428137,0.5727743,-0.47125325,0.5026661,-0.2608525,0.07042504,-0.5456603,0.19563077,0.49107975,-0.13128991,0.4591421,-0.41831893,0.2358685,0.50530976,-0.3799119,-0.16418526,-0.39930347,1.0418539,-0.1590499,-0.067883894,0.0074701854,0.5965927,-0.042357013,0.078899816,-0.58612496,-0.07469413,-0.025523897,-0.23842065,-0.26721492,0.019858077,-0.00811423,-0.5226774,-0.5393072,0.046404567,-0.091073304,-0.38147578,-0.17363073,-0.16715421,-0.2683871,0.22025573,-0.5694292,-0.23126915,0.4387446,0.14802319,0.15433827,-0.5052077,-0.26408574,0.14191565,-0.23920837,0.22936521,0.50922686,0.42159283,0.06491156,0.24785721,-0.008441248,-0.4988351,0.21124087,-0.3021172,-0.49678913,-0.26575,0.8412888,-0.132319,-0.423316,0.3854441,-0.18378091,-0.2635666,0.34414092,-0.24679117,0.24243416,0.5361682,0.13835026,-0.1744371,-0.8484354,0.22229342,0.088435605,-0.35141182,0.13037735,0.3907879,-0.076824665,-0.20432703,-0.3054307,-0.13028866,-0.5822899,-0.33413604,0.08361193,0.035187665,0.07902414,-0.4182056,0.037454728,0.3790836,0.054218095,-0.25122714,1.087749,0.2369114,0.4438505,0.041654598,-0.26808682,0.10941526,0.50147206,-0.6994017,0.14414693,-0.24714433,-0.1638157,0.70237505,0.7662097,0.14260365,-0.27507082,-0.019508177,0.059478134,-0.1491157,0.20649214,-0.15463781,0.026186295,0.54419637,-0.6484308,0.75132865,0.1837413,0.18742038,0.34143114,-0.1411222,-0.016560853,0.16900228,0.7817627,0.3422059,-0.4442829,0.20329411,0.35709018,0.08361885,0.14174208,0.031764444,-0.63746876,0.04909828,-0.42595762,-0.5178162,-0.035814382,-0.4733203,0.15301661,-0.22788377,0.15709662,0.3090692,-0.1961794,-0.56565726,0.1494624,-0.9308092,-0.07421676,-0.4382371,-0.3263303,1.0623292,-0.6771225,-0.08652086,0.024837729,0.19549891,-0.19340277,1.224137,0.22418478,0.51706284,-0.46347633,-0.08936784,0.49294522,-0.09393493,-0.31807697,-0.535088,0.1054341,0.7489609,0.43515652,-0.3398611,0.18874653,0.33025593,0.3833136,-0.0010824854,1.0519003,0.61222684,-0.46624243,-0.43031886,-0.3636453,0.17319012,-0.5674538,0.57262987,-0.47989526,0.95282817,-0.119536996,0.48724985,-0.25864863,-0.114271924,0.55509454,0.35773212,-0.13152584,0.19322948,-0.30682695,0.041381493,0.17360747,-0.055387314,0.066296846,0.050890442,0.18159321,-0.36521444,0.37787476,-0.009952303,-0.0362395,0.047904205,0.4652092,-0.19801633,-0.17678422,-0.36592737,0.07348491,0.011389517,0.62173593,-0.38727164,0.5283475
Ipatasertib,-0.52060115,0.11761445,-0.63594866,0.061725006,-0.3051564,-0.4051236,-0.42669085,0.19609301,0.67328465,0.48508343,0.43037912,0.12205845,0.66953593,0.3962704,0.163786,-0.06066944,0.763332,-0.2789764,-0.07801255,-0.19875816,-0.26084033,-0.46576673,0.1806526,-0.27723256,0.24234554,-0.12229159,-0.049705684,0.15374915,0.062374964,-0.4516362,0.27077308,0.17046195,0.21961251,-0.15660612,-0.28720525,-0.5147457,0.052629296,0.32323277,-0.44741297,0.23107696,0.04246867,-0.3417012,0.52088374,-0.41899022,-0.485657,-0.07948841,-0.13478196,0.4958075,0.58333147,-0.48175436,0.5294104,-0.24313326,0.06751172,-0.53787714,0.21848942,0.5075503,-0.12995796,0.45414788,-0.4075747,0.23130207,0.52643234,-0.382769,-0.16284423,-0.4118303,1.0416409,-0.1646313,-0.057400312,0.0050425953,0.60077876,-0.05107124,0.08873158,-0.60676867,-0.092515476,-0.0385907,-0.25189537,-0.2723434,0.025985034,-0.0002344758,-0.5461882,-0.56138784,0.036127098,-0.08290144,-0.3709569,-0.18820213,-0.16038355,-0.27743727,0.23404236,-0.6036692,-0.23500277,0.44411945,0.16343358,0.15117958,-0.50476736,-0.2657605,0.14995615,-0.24486424,0.22892769,0.5010762,0.41905028,0.06605143,0.2620392,-0.015052119,-0.5053668,0.23608226,-0.30591163,-0.52194595,-0.26303422,0.8387276,-0.13789403,-0.42966697,0.38071734,-0.1811191,-0.25743264,0.3497791,-0.26172325,0.24735656,0.53150994,0.13430853,-0.18669355,-0.88048637,0.22877945,0.088155136,-0.37063918,0.1469014,0.40476614,-0.1013116,-0.21179996,-0.32209268,-0.13633013,-0.6179198,-0.34316903,0.08487837,0.043045796,0.080599755,-0.42944685,0.017433627,0.39380687,0.04213562,-0.25783795,1.0986176,0.23930104,0.4639838,0.05214257,-0.27506456,0.112475045,0.49112085,-0.6979575,0.14338376,-0.24633652,-0.1631563,0.7068729,0.75811195,0.13112773,-0.27683723,-0.010019724,0.06321151,-0.1570743,0.2107289,-0.15289679,0.019507408,0.5550203,-0.66906273,0.77330935,0.20639509,0.19150642,0.34309554,-0.13855629,0.0007664998,0.16565078,0.81173176,0.34000495,-0.4483528,0.23608412,0.36302918,0.08548016,0.1346478,0.03497735,-0.65203524,0.050720297,-0.44485107,-0.5285375,-0.04636436,-0.4824715,0.1426231,-0.24683145,0.15261559,0.31154162,-0.20060526,-0.5708578,0.13272549,-0.9405482,-0.068826966,-0.4453431,-0.33771107,1.0735087,-0.7049912,-0.08343717,-0.00686636,0.17725278,-0.21080524,1.2432766,0.20638861,0.52001256,-0.46818873,-0.089417905,0.5090593,-0.10852304,-0.31975958,-0.54862607,0.09860112,0.77177703,0.44477755,-0.36629948,0.19582208,0.32413644,0.37904546,-0.016836967,1.0663613,0.62585217,-0.49532172,-0.44408047,-0.36445513,0.18554057,-0.5794161,0.58036757,-0.4867733,0.9641785,-0.13683063,0.49942937,-0.28676337,-0.10313553,0.5734367,0.35175487,-0.14089648,0.20016009,-0.31735015,0.06011364,0.17401673,-0.04734232,0.07504554,0.058937225,0.18362251,-0.3676631,0.38470113,-0.025744997,-0.02845116,0.06451846,0.46804905,-0.20979044,-0.19534147,-0.38346574,0.07978163,0.010763042,0.64306396,-0.3960195,0.5404443
GDC0810,-0.51734143,0.118303955,-0.6592099,0.068281956,-0.29542246,-0.38746455,-0.43605343,0.17542744,0.65948623,0.50161415,0.41640916,0.11331884,0.6625935,0.3966111,0.16107339,-0.057385247,0.76352185,-0.27341926,-0.0518886,-0.1995609,-0.2656065,-0.4674509,0.18990546,-0.2930902,0.22207585,-0.1274563,-0.053677175,0.15576996,0.07323462,-0.47019848,0.26748598,0.17870252,0.22790222,-0.16315173,-0.28822026,-0.49483886,0.07056048,0.31553572,-0.42726606,0.2319735,0.06072967,-0.3275229,0.48979467,-0.39869595,-0.46988496,-0.072228216,-0.119272746,0.48676756,0.58159804,-0.4816258,0.5016212,-0.26725698,0.06315092,-0.5586809,0.19778746,0.4895724,-0.14952962,0.4570917,-0.42955524,0.24554577,0.507607,-0.37494448,-0.16591926,-0.4097902,1.0578945,-0.15720649,-0.06926499,0.013729976,0.6135651,-0.042345244,0.0780111,-0.59549654,-0.06556473,-0.03942494,-0.23242639,-0.26718053,0.01832068,-0.012266637,-0.53418916,-0.54608834,0.06333462,-0.09002591,-0.39380828,-0.17525981,-0.17234178,-0.27959925,0.22913492,-0.5810279,-0.23219736,0.44633922,0.14113891,0.14843197,-0.510735,-0.2690397,0.14679219,-0.24152093,0.2385639,0.51708525,0.43261784,0.060927067,0.25314942,-0.0028875463,-0.5121151,0.20314446,-0.31051904,-0.5044271,-0.27837646,0.8647089,-0.13368067,-0.4401096,0.4004723,-0.19081712,-0.27107516,0.34824297,-0.24465169,0.23979719,0.5492113,0.14329721,-0.18150869,-0.86082387,0.22823547,0.095220074,-0.36751473,0.12792651,0.39460567,-0.06987027,-0.2066361,-0.31065738,-0.13895674,-0.5929442,-0.34178516,0.09251966,0.04078517,0.08153913,-0.42680842,0.047628872,0.38158628,0.05807673,-0.24912189,1.109939,0.24183954,0.44608134,0.040148832,-0.28324467,0.11316305,0.52204174,-0.7121905,0.14896964,-0.24941508,-0.1684906,0.7123608,0.7809122,0.13775712,-0.288253,-0.010984657,0.06271822,-0.13966428,0.19892646,-0.16298886,0.031407174,0.55598164,-0.6564268,0.7615276,0.17306627,0.18657294,0.34075528,-0.14667016,-0.016462358,0.17208567,0.8050193,0.35265815,-0.4544071,0.20559089,0.3706319,0.08831075,0.14911798,0.026283538,-0.65410405,0.054606915,-0.43981564,-0.53013265,-0.031391732,-0.48088524,0.15047163,-0.23164432,0.16018812,0.3138855,-0.20340618,-0.57322097,0.16590978,-0.9509479,-0.07840374,-0.44894928,-0.3386042,1.0881838,-0.69008666,-0.09793625,0.02392105,0.20962764,-0.18621707,1.2443311,0.22411133,0.5362184,-0.47603634,-0.09873205,0.4949155,-0.091786504,-0.32821634,-0.5628407,0.101654634,0.76393497,0.45328996,-0.34463385,0.19553576,0.33726752,0.39068472,0.011436363,1.0727443,0.62728435,-0.47354424,-0.43612474,-0.37231293,0.1767288,-0.5692548,0.5718012,-0.49167448,0.96897405,-0.112460904,0.50018466,-0.26647806,-0.116157345,0.5735017,0.359335,-0.14085855,0.1968603,-0.30127484,0.045312345,0.1809708,-0.05367893,0.06720853,0.05014934,0.18288307,-0.3784425,0.3860747,-0.009052703,-0.03486025,0.03581841,0.4745304,-0.20863676,-0.17261729,-0.3735538,0.07065892,0.015408069,0.62713265,-0.3951329,0.52880937
GNE-317,-0.5342805,0.122277476,-0.66810536,0.066072814,-0.309078,-0.40773687,-0.44469458,0.18861657,0.68423665,0.5053566,0.43788,0.120246515,0.68612653,0.4095506,0.16871019,-0.06065092,0.7855893,-0.28360823,-0.067045026,-0.2040764,-0.26936942,-0.48109818,0.1880918,-0.29362375,0.24213749,-0.1286843,-0.053368982,0.15875022,0.06882473,-0.47310698,0.27734458,0.1789289,0.22832501,-0.16204292,-0.29470378,-0.5232326,0.06372322,0.33093575,-0.4515302,0.23852111,0.051774222,-0.34587753,0.5245386,-0.42309305,-0.49372756,-0.07724275,-0.13197014,0.50521487,0.6015993,-0.4959439,0.5314934,-0.26195556,0.067691095,-0.5652275,0.2137027,0.51566374,-0.14054734,0.4702774,-0.43138957,0.24360514,0.53457755,-0.3926538,-0.16954209,-0.4230209,1.0813135,-0.1659999,-0.064014435,0.008163648,0.6237159,-0.04734863,0.08634719,-0.61946565,-0.08454711,-0.036570787,-0.2517571,-0.27836135,0.024237903,-0.0035150994,-0.5555215,-0.5708221,0.046501786,-0.089612246,-0.3920387,-0.18692099,-0.17034678,-0.28479192,0.23578821,-0.6093021,-0.24284309,0.457803,0.15872625,0.1562855,-0.5240401,-0.27710095,0.15379909,-0.25017318,0.23983276,0.52444565,0.43855768,0.067496255,0.2646253,-0.010449144,-0.5215439,0.22829486,-0.3168115,-0.5302573,-0.27566266,0.87617826,-0.1396405,-0.44471925,0.3990541,-0.19196491,-0.2719373,0.36052895,-0.2634538,0.25249344,0.55556434,0.14256814,-0.1893143,-0.8969951,0.23540907,0.094272986,-0.3792851,0.14271225,0.41277206,-0.08982689,-0.21550633,-0.3262765,-0.14027855,-0.6226369,-0.352226,0.09000086,0.041421458,0.08338783,-0.44009823,0.03227734,0.39879367,0.05078959,-0.26168314,1.136742,0.24705042,0.47009978,0.04865923,-0.28617084,0.115973905,0.518019,-0.7278574,0.14978091,-0.25641108,-0.17188227,0.73115194,0.79252577,0.14062886,-0.28976163,-0.012853473,0.06337764,-0.15600115,0.2127009,-0.16099878,0.025210185,0.57216746,-0.68226725,0.7905211,0.19859658,0.19571654,0.35366768,-0.1462763,-0.0068896245,0.17443089,0.83063734,0.35656956,-0.46434662,0.22755454,0.3753818,0.08817488,0.14568858,0.032801077,-0.67105067,0.055302173,-0.45440328,-0.5449689,-0.040877152,-0.49602395,0.15272771,-0.24661069,0.15944396,0.32304832,-0.20494127,-0.58917403,0.1502972,-0.9726643,-0.07398838,-0.45976546,-0.34656507,1.1118534,-0.71753097,-0.090034775,0.009513813,0.19731586,-0.20785433,1.2791547,0.22219983,0.54092085,-0.48494285,-0.09514358,0.5180136,-0.10519089,-0.33251098,-0.5676792,0.105245054,0.78964007,0.4604118,-0.36708862,0.20104787,0.33880615,0.39475632,-0.005379874,1.101,0.64425236,-0.4985928,-0.453996,-0.37933198,0.1842421,-0.59361094,0.59582883,-0.5018476,0.9947006,-0.12947103,0.51368445,-0.2856391,-0.11371634,0.58833784,0.36655685,-0.14322107,0.204432,-0.32030392,0.05312438,0.18099056,-0.05418315,0.07282023,0.057379577,0.19007494,-0.382267,0.39673415,-0.018895937,-0.034065574,0.052907478,0.4848165,-0.2138984,-0.19089326,-0.3877846,0.08053472,0.012085277,0.6547119,-0.40741804,0.5519749
GSK2578215A,-0.5014344,0.12268244,-0.66014236,0.07059125,-0.28080073,-0.36410072,-0.4323751,0.15318115,0.62976664,0.49218544,0.40056604,0.100620665,0.64513713,0.3869521,0.15800291,-0.055920944,0.7419363,-0.26026022,-0.03633202,-0.19312449,-0.2572076,-0.4557874,0.1846783,-0.29644653,0.21260332,-0.13039285,-0.050785583,0.15253337,0.07367588,-0.4660916,0.26178834,0.17656913,0.22503188,-0.15738559,-0.27692991,-0.47910437,0.08313863,0.30813408,-0.40557528,0.22489166,0.068933435,-0.3134633,0.46552882,-0.37693188,-0.45272335,-0.06608681,-0.10872345,0.46422487,0.56400967,-0.4701711,0.47458342,-0.2771991,0.063220054,-0.5576591,0.179265,0.4705828,-0.14823458,0.45171994,-0.43004048,0.24335007,0.4831359,-0.36903757,-0.16792747,-0.39634284,1.0410322,-0.14970459,-0.07546873,0.016304426,0.6008865,-0.035207514,0.06749495,-0.5709003,-0.056116454,-0.02854154,-0.22034669,-0.26113713,0.01398415,-0.016778095,-0.5083569,-0.5206669,0.06782885,-0.09321504,-0.39481658,-0.16284838,-0.17496456,-0.26597622,0.21731749,-0.54719704,-0.2287004,0.43287152,0.12926179,0.14967823,-0.50330335,-0.2637676,0.13983642,-0.23370372,0.23874398,0.51362014,0.42902198,0.060081482,0.23929597,-0.00010558364,-0.49959287,0.18286756,-0.30393928,-0.47956523,-0.27515417,0.8553826,-0.12792534,-0.42939144,0.39773175,-0.18985763,-0.2697939,0.33841422,-0.22937155,0.23269886,0.5455749,0.14265923,-0.1718681,-0.82272655,0.21998146,0.09428899,-0.34850976,0.112731814,0.37842843,-0.05204926,-0.19834915,-0.2929892,-0.13389204,-0.5564478,-0.3295372,0.090101056,0.033898626,0.08026609,-0.4130089,0.062278416,0.36344582,0.064005435,-0.23955235,1.0842513,0.2351816,0.4237095,0.031802204,-0.27414984,0.11114207,0.5182131,-0.7057795,0.14934257,-0.2455102,-0.16629075,0.70093006,0.77629447,0.14474005,-0.2837475,-0.019034447,0.05880003,-0.13381429,0.19334503,-0.16176891,0.03607013,0.5396452,-0.6327955,0.7337948,0.15596397,0.1814783,0.33355284,-0.14844565,-0.027396983,0.17079215,0.77050865,0.34987462,-0.4449152,0.18029186,0.36012676,0.08388702,0.15376796,0.024124205,-0.63587284,0.05587072,-0.42051592,-0.5138107,-0.023245083,-0.46767882,0.1556317,-0.21620175,0.16083558,0.30665037,-0.19808432,-0.5623881,0.17558283,-0.9297806,-0.07972552,-0.43634164,-0.32541797,1.063711,-0.6588787,-0.09832462,0.04715549,0.21944194,-0.17160691,1.2108701,0.23291613,0.5243831,-0.46832937,-0.09637617,0.47426465,-0.08041916,-0.32175013,-0.5445839,0.10573708,0.73506564,0.44182298,-0.32113373,0.18674669,0.33517632,0.38624007,0.021786878,1.0460335,0.6076337,-0.44501385,-0.42194086,-0.367277,0.1661719,-0.55341303,0.5559477,-0.47768548,0.94724816,-0.09815471,0.48459387,-0.2440392,-0.12553504,0.5493362,0.3580224,-0.13300744,0.18967412,-0.2871561,0.02987681,0.17642713,-0.059530143,0.062104993,0.04172183,0.17821088,-0.3721742,0.37536845,0.0029078997,-0.041199274,0.0230728,0.4637271,-0.1962612,-0.15730126,-0.35518953,0.06573294,0.014114746,0.60149944,-0.38322622,0.5105218
I-BRD9,-0.55905056,0.1087914,-0.6807353,0.06371582,-0.32771772,-0.44080698,-0.45459557,0.21251896,0.7277416,0.5361132,0.4576304,0.13769983,0.71231896,0.42464066,0.17191987,-0.057499032,0.82348216,-0.305713,-0.07186384,-0.21930793,-0.2883896,-0.50227374,0.20799114,-0.2979888,0.24385332,-0.12534264,-0.06434623,0.16430134,0.08238548,-0.4960855,0.28269607,0.18968752,0.23852988,-0.17426823,-0.3172762,-0.5283893,0.049386315,0.34152916,-0.4783861,0.25206536,0.046091653,-0.3636911,0.5434962,-0.45109546,-0.5110273,-0.0821297,-0.13250217,0.54263467,0.6325393,-0.52210414,0.555611,-0.2581518,0.057863176,-0.582705,0.2328193,0.5348217,-0.16500841,0.46987736,-0.44456372,0.2563276,0.56296945,-0.3929368,-0.16917956,-0.44926214,1.1163082,-0.1700106,-0.057436567,0.012301037,0.6565389,-0.05270774,0.094565384,-0.65592796,-0.08380774,-0.06343254,-0.25864798,-0.28470436,0.028204912,-0.0001316241,-0.59675395,-0.6060863,0.06021579,-0.08364037,-0.40377066,-0.20130105,-0.173697,-0.31165233,0.25771204,-0.65667766,-0.24883074,0.47896338,0.16183288,0.14874111,-0.53808665,-0.28990397,0.16822621,-0.2587107,0.25108054,0.5364065,0.45490924,0.0663709,0.285712,-0.008173429,-0.5460558,0.23881838,-0.3348953,-0.5669332,-0.29026365,0.91334355,-0.14806794,-0.47433308,0.41752467,-0.20159009,-0.28127214,0.3765111,-0.27913666,0.25665444,0.57288086,0.1501111,-0.20924863,-0.95149785,0.2519654,0.105598606,-0.42153966,0.15557523,0.4345036,-0.09960685,-0.22413808,-0.35175982,-0.15484686,-0.6724201,-0.37321824,0.10247777,0.05333735,0.08692071,-0.4640673,0.029732497,0.41684657,0.04900465,-0.26987052,1.1880368,0.2573302,0.4960996,0.056097195,-0.31536126,0.12235123,0.5441854,-0.7500559,0.15541342,-0.26225448,-0.18195708,0.75525063,0.8143499,0.12860782,-0.3117156,0.006350818,0.06843605,-0.15186056,0.20843923,-0.17074862,0.027458657,0.6034986,-0.7144553,0.8295609,0.20520374,0.19857855,0.3594137,-0.15192507,0.006223815,0.18104468,0.89348584,0.37431553,-0.48549318,0.2572537,0.40267414,0.09692901,0.14982665,0.027081706,-0.70792973,0.063254386,-0.4896586,-0.57774305,-0.04447824,-0.5174439,0.14474401,-0.26826763,0.15935603,0.33655682,-0.21612312,-0.6081249,0.15776542,-1.0171752,-0.07428971,-0.48590434,-0.37368816,1.1660612,-0.7623415,-0.10246451,-0.014592453,0.20305009,-0.21637899,1.3324716,0.2102753,0.57300776,-0.50753653,-0.11003858,0.54056424,-0.11495121,-0.35103387,-0.6188554,0.09838784,0.8370115,0.49380112,-0.39850497,0.21741584,0.3475059,0.40412602,-0.0011118882,1.1524382,0.68271965,-0.53642374,-0.47527882,-0.394437,0.19519599,-0.61003536,0.6103869,-0.5276083,1.0334663,-0.13410993,0.544593,-0.3199943,-0.10741465,0.63362676,0.36803186,-0.16223988,0.2177524,-0.32715622,0.07336866,0.19362561,-0.04807586,0.07926104,0.06708373,0.19760326,-0.40231496,0.4172606,-0.03180072,-0.026800163,0.049678348,0.50613606,-0.23699377,-0.20136608,-0.41260767,0.08469087,0.016319633,0.6859021,-0.43048456,0.5710642
Telomerase Inhibitor IX,-0.50673157,0.116151884,-0.6502651,0.06679962,-0.28719687,-0.37734956,-0.42836425,0.16567469,0.6427061,0.49098706,0.40943483,0.108753815,0.6486343,0.38846442,0.15991578,-0.054627858,0.74802715,-0.2667873,-0.047745347,-0.1952755,-0.25737825,-0.45842776,0.18478736,-0.28758976,0.21784818,-0.12659785,-0.05360705,0.15291013,0.07232403,-0.46132776,0.26050103,0.17595127,0.22079778,-0.15754616,-0.28147405,-0.48709688,0.06973448,0.31039402,-0.41777632,0.2272886,0.05852183,-0.32088873,0.48349163,-0.39244094,-0.46171537,-0.06813126,-0.115927145,0.47613767,0.5722098,-0.47322202,0.49003693,-0.26404634,0.062040366,-0.5511977,0.19326152,0.480151,-0.14434762,0.4469351,-0.4236787,0.23859087,0.49841848,-0.3696603,-0.16499129,-0.40363264,1.0379627,-0.15257387,-0.0674956,0.012653495,0.5997037,-0.039441187,0.07527133,-0.58166486,-0.06673304,-0.034458026,-0.22908428,-0.2631993,0.01986455,-0.009627791,-0.5216487,-0.533786,0.060091905,-0.08890278,-0.38692912,-0.17007042,-0.1699363,-0.27065134,0.22170904,-0.56679976,-0.23029484,0.43597975,0.13794321,0.1470686,-0.50225234,-0.26772827,0.1459094,-0.23507936,0.23520663,0.5082388,0.42608872,0.06154562,0.24746111,-0.0038229746,-0.50040543,0.19884196,-0.30397382,-0.49598688,-0.27052575,0.8500486,-0.13097513,-0.430161,0.39123583,-0.18796374,-0.26664582,0.3424439,-0.24131729,0.2361077,0.54001933,0.14072788,-0.17836924,-0.8408982,0.22326745,0.09467509,-0.36060283,0.12523596,0.3864193,-0.066754475,-0.20177746,-0.30391636,-0.1357499,-0.5780772,-0.3346189,0.089103945,0.038510177,0.07916625,-0.41671017,0.0486755,0.37063608,0.057100784,-0.24401988,1.0890231,0.23572834,0.4368988,0.040895723,-0.27654487,0.111154415,0.50972813,-0.70269144,0.1457967,-0.24634913,-0.16574924,0.69961506,0.7684948,0.13873447,-0.282875,-0.013902778,0.06064748,-0.13992974,0.19531061,-0.15922545,0.03137808,0.5443603,-0.64220524,0.7464708,0.16965297,0.18301825,0.335355,-0.14400819,-0.014414298,0.16942726,0.7869202,0.3475966,-0.4467968,0.19941466,0.3609981,0.085022405,0.14737463,0.027460545,-0.6414596,0.056567002,-0.4291232,-0.518951,-0.031151224,-0.47074074,0.15090804,-0.22589679,0.15636726,0.3087948,-0.19631366,-0.5617463,0.16164505,-0.93182594,-0.07429464,-0.44088265,-0.3306341,1.0673864,-0.676201,-0.093480825,0.02705566,0.20641576,-0.18305393,1.218757,0.22178304,0.5242546,-0.46679297,-0.09600513,0.48496178,-0.091211796,-0.3199558,-0.548523,0.103649184,0.7471587,0.44411683,-0.33707932,0.19188628,0.32920796,0.38151926,0.012168035,1.0526884,0.613421,-0.46048817,-0.4276464,-0.36637205,0.17087711,-0.5606968,0.5621246,-0.47952268,0.9504002,-0.10905619,0.49117953,-0.2608405,-0.116415165,0.55960363,0.35260394,-0.1373571,0.19233802,-0.29433018,0.042096652,0.17613254,-0.055817764,0.0639752,0.04990631,0.18205266,-0.37033033,0.3788024,-0.00931224,-0.036774013,0.032956023,0.46535105,-0.20237623,-0.16753784,-0.3623063,0.070869625,0.0140336575,0.61367947,-0.3880064,0.5179317
MIRA-1,-0.52180046,0.09731002,-0.5906271,0.048597198,-0.31895405,-0.43578136,-0.40372854,0.23157856,0.695248,0.47296673,0.4424528,0.14280115,0.66888577,0.3920891,0.16051736,-0.059051037,0.7598966,-0.29210985,-0.10648808,-0.2020224,-0.26438507,-0.46159825,0.1818359,-0.25148863,0.25392276,-0.10566832,-0.05450278,0.14698775,0.061933335,-0.43140215,0.26702976,0.16338001,0.21005337,-0.15256777,-0.2926667,-0.5127484,0.018944075,0.3273353,-0.4726893,0.23281595,0.016306926,-0.35803562,0.5445695,-0.44573134,-0.49190095,-0.08760704,-0.14507097,0.5189111,0.58620036,-0.48384535,0.55495876,-0.19792375,0.057652514,-0.5058868,0.24570626,0.5198134,-0.12950665,0.42729515,-0.37819818,0.2182273,0.548212,-0.37028736,-0.14868626,-0.41731927,1.0060344,-0.16922039,-0.033068746,0.00058048335,0.5921779,-0.06336289,0.10430996,-0.626133,-0.11314075,-0.064001255,-0.26617074,-0.26929182,0.0370617,0.016837878,-0.5728171,-0.58292204,0.016767988,-0.06543502,-0.3374902,-0.20698215,-0.1419607,-0.29047444,0.24826092,-0.6439361,-0.23255259,0.4405999,0.18237105,0.13881955,-0.48589686,-0.2596034,0.15829468,-0.24525617,0.21764955,0.46928695,0.39836508,0.06856336,0.27851883,-0.024442475,-0.495319,0.26730412,-0.30462164,-0.55094063,-0.24752234,0.803694,-0.14378303,-0.42415127,0.35739234,-0.17204335,-0.23807381,0.3509209,-0.28311744,0.24722886,0.5015532,0.12634076,-0.20159538,-0.9130033,0.23624094,0.08791092,-0.39692977,0.17192483,0.41883165,-0.1391052,-0.21494518,-0.34539142,-0.1398734,-0.6626211,-0.34778932,0.08669678,0.054707143,0.079139814,-0.43490773,-0.018046308,0.40422451,0.021898706,-0.26023102,1.0813228,0.23516694,0.48624876,0.06842745,-0.28443223,0.112372525,0.45939225,-0.66907555,0.13451245,-0.23565404,-0.16169117,0.68845356,0.7157258,0.10494081,-0.27203515,0.013208237,0.06301256,-0.16154481,0.20670047,-0.14321083,0.007688715,0.55877453,-0.6770604,0.78432477,0.23889259,0.19071227,0.33414075,-0.12847291,0.031894524,0.1582194,0.83964753,0.32596877,-0.4382207,0.28589454,0.36417133,0.087045364,0.116919324,0.032579217,-0.65044713,0.051061805,-0.46322617,-0.5344708,-0.06013394,-0.47923282,0.11696822,-0.27138442,0.13422282,0.3093996,-0.19696,-0.55582863,0.09713293,-0.92520547,-0.056053,-0.44341004,-0.34675786,1.0564089,-0.72635263,-0.07449477,-0.062822394,0.14069095,-0.23574242,1.2270966,0.16328631,0.50640476,-0.45640957,-0.090117924,0.52111703,-0.13059229,-0.31543362,-0.5570004,0.08211146,0.7878778,0.44629097,-0.40311784,0.2019745,0.3015979,0.35717598,-0.043347076,1.0537871,0.6304053,-0.5348101,-0.45059368,-0.35189584,0.19421214,-0.5743135,0.57305473,-0.48103774,0.94546086,-0.1602239,0.50188905,-0.32790035,-0.077736124,0.59034926,0.3249092,-0.15252422,0.20735338,-0.3259554,0.09165254,0.1695525,-0.031597167,0.08812941,0.074968174,0.18158571,-0.3573174,0.3830962,-0.05525873,-0.012939149,0.0871015,0.45812294,-0.22379738,-0.221401,-0.39904577,0.092029124,0.007419695,0.6582108,-0.40048763,0.54356897
NVP-ADW742,-0.49846816,0.13363597,-0.64518905,0.06953098,-0.28423783,-0.36853462,-0.42694306,0.16438198,0.6309371,0.47090408,0.40481272,0.10079043,0.6472068,0.3875226,0.15961218,-0.063133806,0.73435885,-0.2570202,-0.058464494,-0.186075,-0.24939966,-0.45243892,0.16934624,-0.28482434,0.23023413,-0.12928088,-0.041497592,0.1496017,0.055661935,-0.44451568,0.268147,0.16605905,0.21766126,-0.1523024,-0.26936707,-0.5006043,0.07882124,0.30999738,-0.4129667,0.21933873,0.060506925,-0.3201636,0.4849259,-0.3829887,-0.46220782,-0.072697744,-0.12678546,0.45851874,0.5577178,-0.46190858,0.4953413,-0.26408914,0.07556598,-0.5387586,0.18669474,0.48424676,-0.121777914,0.46227375,-0.41176775,0.23218213,0.49157485,-0.3810647,-0.1648249,-0.38664293,1.0298095,-0.15761591,-0.07253334,0.00726504,0.5847745,-0.041522235,0.07495221,-0.57103556,-0.07468487,-0.015139689,-0.23640877,-0.26545212,0.016427275,-0.011830563,-0.50616527,-0.524771,0.041693762,-0.093764745,-0.3779676,-0.16941297,-0.16655934,-0.25808424,0.2142192,-0.5503311,-0.22807948,0.4308135,0.14730383,0.15776628,-0.49982274,-0.25581798,0.13437347,-0.23716775,0.22578788,0.5045685,0.4151271,0.065182336,0.24001242,-0.010281881,-0.49019456,0.20684719,-0.2963721,-0.47909546,-0.261555,0.827206,-0.1295169,-0.4129423,0.38005024,-0.17823923,-0.26013133,0.33687904,-0.23865467,0.24102736,0.52944356,0.13488275,-0.1650485,-0.8260994,0.21427806,0.082861565,-0.33128855,0.123264015,0.38205045,-0.07263986,-0.20054035,-0.2937971,-0.12378273,-0.5619699,-0.32508263,0.078458734,0.030448107,0.07822854,-0.41016543,0.037993938,0.37372252,0.054434575,-0.24850146,1.0671927,0.2334832,0.43268132,0.036695696,-0.255109,0.106645115,0.49236083,-0.68919045,0.14376569,-0.24384442,-0.1581882,0.69494236,0.7581031,0.14722121,-0.26547104,-0.027506983,0.057209093,-0.15008786,0.20975387,-0.15080026,0.025457457,0.53195745,-0.6358258,0.73489493,0.1818509,0.18642586,0.3384542,-0.14034902,-0.024521636,0.16553651,0.7543359,0.3341432,-0.43525225,0.19084334,0.34757957,0.07987276,0.13962863,0.03232876,-0.6229367,0.043220866,-0.41199243,-0.5041671,-0.033852737,-0.46535936,0.15555623,-0.21795125,0.15979095,0.30308294,-0.19496077,-0.55984,0.14741033,-0.9139072,-0.075872086,-0.4267809,-0.31573525,1.0399799,-0.6582024,-0.082021564,0.037222188,0.19358234,-0.18885137,1.2050191,0.22963929,0.5045936,-0.45647085,-0.08335226,0.48311496,-0.08821445,-0.31184185,-0.5147131,0.10760142,0.7298433,0.42151612,-0.3257239,0.1802938,0.32936454,0.38137338,-0.0037964075,1.0312397,0.5974865,-0.45166826,-0.42295384,-0.35744417,0.17142738,-0.5606156,0.56595504,-0.4705276,0.9389736,-0.118233904,0.47491527,-0.24197356,-0.11810171,0.5361788,0.35949922,-0.123805046,0.18904097,-0.30415377,0.031978086,0.16870493,-0.056595456,0.06510057,0.04392509,0.17625253,-0.3577609,0.37029243,-0.002491289,-0.038866792,0.051247284,0.4562921,-0.18764953,-0.1733917,-0.3578857,0.06862688,0.009268081,0.6094551,-0.37725645,0.52117634
P22077,-0.5819062,0.08828793,-0.707885,0.062206686,-0.3398207,-0.46037808,-0.4705277,0.21566188,0.7568892,0.5758071,0.47222465,0.14827752,0.73115647,0.43559426,0.17286786,-0.051416107,0.8595832,-0.32743907,-0.05425076,-0.23782071,-0.3043994,-0.52228653,0.22905889,-0.3119931,0.23127875,-0.12714247,-0.079560794,0.17357227,0.106277324,-0.53532803,0.2777752,0.21000668,0.2474405,-0.18437864,-0.34055594,-0.5198926,0.038205937,0.35117298,-0.49560967,0.26581967,0.044389945,-0.37159276,0.54850256,-0.4710754,-0.52504027,-0.07884837,-0.11444794,0.5766791,0.66193175,-0.5529515,0.56003654,-0.2686054,0.03693644,-0.6143036,0.2475224,0.5400282,-0.19978845,0.46179372,-0.4721244,0.2719625,0.5821117,-0.3860235,-0.17708088,-0.48301178,1.1521075,-0.16234119,-0.055257957,0.024599276,0.6899962,-0.052224793,0.09690858,-0.6828082,-0.07833711,-0.0898418,-0.2523607,-0.28902608,0.03137335,0.001514963,-0.62896466,-0.6284617,0.08886253,-0.078480855,-0.4285987,-0.20600626,-0.18377255,-0.33322626,0.27398592,-0.6921146,-0.25756067,0.49196196,0.15275884,0.13696101,-0.5547438,-0.31281742,0.19233297,-0.26065242,0.27156642,0.5511185,0.48395687,0.06380398,0.2994059,-0.00013346552,-0.5732776,0.231287,-0.35405856,-0.5982274,-0.30826625,0.96989524,-0.15370765,-0.51226574,0.4427331,-0.2201802,-0.299156,0.3903937,-0.28623062,0.25500694,0.60107285,0.16145329,-0.23332834,-0.9857435,0.26580757,0.121734835,-0.46692848,0.15780476,0.44777107,-0.09432027,-0.22974972,-0.36675462,-0.17638732,-0.70552385,-0.39365292,0.11998694,0.06593528,0.09236676,-0.48516846,0.04519073,0.4220921,0.05186879,-0.26688445,1.2414101,0.2670131,0.5115321,0.06053143,-0.3500973,0.13413398,0.58124906,-0.78910136,0.16562673,-0.27328354,-0.1947817,0.7803991,0.8465228,0.118672945,-0.34361416,0.020687673,0.076655224,-0.14145723,0.19520898,-0.18777522,0.037467834,0.6355785,-0.74095756,0.8633609,0.19034317,0.1991028,0.36190218,-0.1653175,0.018446539,0.18709372,0.954768,0.4010386,-0.51316833,0.27229267,0.42847452,0.10317291,0.16505823,0.022565614,-0.7522773,0.08780595,-0.52724934,-0.60925686,-0.03897837,-0.53785044,0.14301357,-0.28145605,0.15998249,0.35141695,-0.2250739,-0.6278835,0.18459597,-1.0639855,-0.07501201,-0.5137679,-0.40013647,1.2300868,-0.80285776,-0.12002611,-0.022983093,0.2289964,-0.21201353,1.3826289,0.20669976,0.61643994,-0.538192,-0.13163677,0.55068123,-0.12186177,-0.37114587,-0.67889816,0.0960034,0.87199736,0.5359117,-0.42034835,0.23568515,0.35334864,0.413652,0.022703167,1.2067167,0.7196797,-0.5555821,-0.49693626,-0.41882992,0.2002528,-0.6257015,0.61451113,-0.55173653,1.0752239,-0.122225106,0.5803733,-0.35145852,-0.11325189,0.6734892,0.3708358,-0.18450804,0.22806057,-0.31518403,0.08731178,0.20706408,-0.049881276,0.080482356,0.07362381,0.2064447,-0.43027073,0.4385025,-0.037500676,-0.025206918,0.025445089,0.5237758,-0.25996986,-0.19823517,-0.42725173,0.08906948,0.023371432,0.7045203,-0.4515149,0.57866913
Savolitinib,-0.5070994,0.13525853,-0.67954993,0.07645168,-0.28114787,-0.35932726,-0.44359022,0.1477256,0.63095254,0.4961146,0.40303153,0.0952563,0.653968,0.3938244,0.16183287,-0.059376385,0.7499802,-0.25679553,-0.035006814,-0.1915744,-0.25864294,-0.4621501,0.18230933,-0.30590108,0.21779266,-0.1367121,-0.04681086,0.15517105,0.0690969,-0.47115347,0.27047813,0.17759253,0.22974423,-0.15956146,-0.2759598,-0.49294454,0.095818035,0.31099427,-0.40483662,0.22619417,0.077421084,-0.3150841,0.46906093,-0.37471724,-0.458226,-0.06605066,-0.11361121,0.4605294,0.5687865,-0.47192955,0.4780563,-0.29127654,0.07229456,-0.56917274,0.17294028,0.47757006,-0.14279173,0.47100547,-0.4406877,0.24855947,0.48506027,-0.38171318,-0.17246853,-0.39528686,1.0647633,-0.15423162,-0.08322199,0.014137955,0.6080172,-0.033312097,0.06536438,-0.5730786,-0.05302984,-0.015930934,-0.22335546,-0.26661283,0.01082162,-0.021581998,-0.50553477,-0.5218505,0.06631745,-0.100966915,-0.4054502,-0.16032639,-0.1806407,-0.26396474,0.21353525,-0.54077417,-0.23133795,0.44008917,0.12975048,0.15915826,-0.5152284,-0.26562274,0.13500947,-0.23831561,0.24060246,0.528775,0.43593132,0.06215793,0.23714596,0.0004409134,-0.5060206,0.18096672,-0.30590972,-0.47559193,-0.27993184,0.86812276,-0.1287906,-0.43050924,0.40530902,-0.19164881,-0.276061,0.3424532,-0.22849232,0.2386705,0.55749714,0.14534798,-0.16557057,-0.825471,0.22037283,0.09166622,-0.3380823,0.10927656,0.38029116,-0.0456756,-0.2005987,-0.2903061,-0.13021637,-0.5507116,-0.33072087,0.087489076,0.02895284,0.08048464,-0.41603428,0.067473404,0.3680169,0.06998499,-0.24561128,1.099284,0.23967624,0.425302,0.027252534,-0.26952899,0.110743485,0.5291229,-0.7188335,0.15131709,-0.25154027,-0.16756429,0.714175,0.79520285,0.15678181,-0.28302902,-0.028909098,0.05830361,-0.13833642,0.20238964,-0.16356662,0.03708951,0.5436641,-0.6383515,0.7402459,0.15534136,0.18570907,0.34371132,-0.15078674,-0.039021153,0.17540303,0.7660001,0.35429892,-0.45037392,0.16817793,0.36101723,0.0840264,0.15719785,0.026972491,-0.63880146,0.050658405,-0.41593933,-0.516783,-0.021599976,-0.47350857,0.1661299,-0.21129122,0.16785558,0.3109472,-0.20034713,-0.5734943,0.18112637,-0.94295365,-0.08462305,-0.4397748,-0.32301372,1.0762007,-0.6583741,-0.09791008,0.06358169,0.22697581,-0.17149708,1.2292037,0.24960922,0.529126,-0.47257206,-0.09347679,0.4804778,-0.075364836,-0.3254159,-0.53948647,0.11267077,0.738731,0.43998936,-0.3144768,0.1852192,0.3463346,0.39826965,0.02267649,1.0584553,0.6106462,-0.44119644,-0.423868,-0.37258488,0.16578452,-0.5631,0.5698171,-0.48421445,0.9625581,-0.0981431,0.48550355,-0.23115191,-0.13257387,0.54746777,0.37165245,-0.12707406,0.18919712,-0.29494908,0.019702412,0.17853372,-0.064028084,0.06007159,0.03776217,0.18029642,-0.3757639,0.37843737,0.011619962,-0.045497816,0.02436781,0.47194162,-0.19157109,-0.15545852,-0.3553696,0.06437022,0.013756096,0.6074571,-0.38578045,0.5202501
UMI-77,-0.6251572,0.085891776,-0.74707955,0.06307194,-0.370101,-0.5044881,-0.49976116,0.24799885,0.8256962,0.62538147,0.50437593,0.16687693,0.7831122,0.46620458,0.18076555,-0.048591916,0.9298411,-0.35732496,-0.059235185,-0.25869927,-0.3322966,-0.5574539,0.26004288,-0.33448312,0.24214546,-0.12964346,-0.09004188,0.18884426,0.120995484,-0.5816435,0.29674003,0.22232468,0.27815738,-0.20478894,-0.36898562,-0.5422431,0.037042134,0.3736168,-0.5302738,0.2866235,0.049743637,-0.3954375,0.57161003,-0.5003065,-0.55496585,-0.09248948,-0.11804784,0.62017894,0.7069301,-0.5904342,0.59333026,-0.28917596,0.036753003,-0.65716755,0.26197997,0.56891114,-0.22897594,0.48767608,-0.49910736,0.29503238,0.6149016,-0.40598238,-0.18490192,-0.5174538,1.2312491,-0.17478733,-0.061749108,0.025770437,0.7458936,-0.057030495,0.10145957,-0.73304904,-0.07525702,-0.113082714,-0.26346776,-0.30156067,0.027764907,-0.0053249816,-0.6771609,-0.6805713,0.11222348,-0.07933229,-0.4611897,-0.22200462,-0.19628696,-0.36585808,0.30681127,-0.74895704,-0.26833653,0.52915597,0.15681127,0.13958944,-0.5893448,-0.3278412,0.20364001,-0.2842683,0.29373217,0.58895916,0.516744,0.058548376,0.32512498,0.006279521,-0.6198514,0.24632789,-0.38069153,-0.6410833,-0.34346205,1.0408298,-0.16054787,-0.5591413,0.486367,-0.23948754,-0.31936786,0.41471982,-0.29677597,0.2651711,0.6465172,0.17053653,-0.2526743,-1.0614231,0.28820542,0.13533151,-0.51101637,0.16776814,0.4784406,-0.09876793,-0.2495293,-0.39579788,-0.19684622,-0.7609947,-0.4248874,0.13565731,0.07347127,0.10401121,-0.52211136,0.054969277,0.45838717,0.058178,-0.28500357,1.3319551,0.2860773,0.54016036,0.061788015,-0.38654,0.14485711,0.6319616,-0.83554965,0.1807832,-0.28473136,-0.2126943,0.8343919,0.9071538,0.115255736,-0.37555733,0.03753779,0.08452368,-0.13565215,0.19855708,-0.20387612,0.042742588,0.6794566,-0.7981838,0.91861683,0.19389045,0.2078129,0.3769651,-0.17608835,0.01517723,0.20002079,1.0394613,0.43284947,-0.548676,0.2977925,0.47213554,0.12006647,0.18130614,0.01912477,-0.81174976,0.09068845,-0.57149506,-0.6572486,-0.044202153,-0.5790336,0.14195149,-0.31301332,0.17553052,0.36803654,-0.25130054,-0.6763187,0.21453896,-1.1464185,-0.08569078,-0.5546841,-0.44022286,1.3246566,-0.85999715,-0.14749992,-0.03919157,0.24884681,-0.21920305,1.4856105,0.21383816,0.6678892,-0.5834126,-0.14380537,0.5842943,-0.12176014,-0.40221846,-0.7496335,0.08751487,0.94598144,0.5842812,-0.45184326,0.25593182,0.38410297,0.44306332,0.030828765,1.3002427,0.78410184,-0.6001459,-0.5313652,-0.445777,0.21791424,-0.6592222,0.6520427,-0.6012188,1.152395,-0.12594254,0.6227117,-0.38674638,-0.112890065,0.73757374,0.39435384,-0.20189534,0.24648295,-0.33682114,0.1061082,0.22780393,-0.047510836,0.08606456,0.07503009,0.21647485,-0.46781498,0.47120774,-0.040015843,-0.019271182,0.022811405,0.5676729,-0.29077557,-0.20851706,-0.46579096,0.0869634,0.034321666,0.7518257,-0.48618805,0.6141449
WIKI4,-0.5199815,0.12561652,-0.6707546,0.07073698,-0.29529804,-0.385065,-0.44262263,0.17061093,0.6589028,0.5033767,0.41820616,0.109712265,0.66866255,0.40099153,0.16318472,-0.05969057,0.7672941,-0.27153024,-0.049847256,-0.19890238,-0.26669094,-0.47115302,0.18841399,-0.29935718,0.22643057,-0.13104191,-0.051536385,0.15669027,0.07168951,-0.47365028,0.27242115,0.17879444,0.23026077,-0.16291234,-0.28702366,-0.50153047,0.07844467,0.31927475,-0.42714265,0.2326804,0.06523576,-0.32944876,0.4912917,-0.3971691,-0.47265097,-0.072124146,-0.12032283,0.4848307,0.584085,-0.4843976,0.5024503,-0.27499405,0.06708756,-0.5663197,0.1933531,0.49380136,-0.14740153,0.4665781,-0.43555105,0.24840762,0.5077184,-0.38188687,-0.16894777,-0.4091486,1.0702977,-0.1590293,-0.0731801,0.013542873,0.6178674,-0.040772486,0.07605062,-0.59686023,-0.06480767,-0.03244588,-0.23456134,-0.27056384,0.01655326,-0.013860881,-0.53252417,-0.54599553,0.061217383,-0.09364597,-0.39853168,-0.17426684,-0.17549692,-0.27789026,0.22699757,-0.57678515,-0.23503469,0.44908047,0.14161399,0.15428743,-0.5172075,-0.26963922,0.1444328,-0.2437111,0.2408193,0.5247258,0.43691546,0.06289626,0.25123912,-0.0034665712,-0.5147118,0.20125574,-0.31253368,-0.5022092,-0.28000727,0.87239474,-0.13416326,-0.44020486,0.4041274,-0.1925124,-0.2740205,0.35056734,-0.24389556,0.24321395,0.5556836,0.1447262,-0.17875643,-0.86182994,0.22836943,0.09471742,-0.3621419,0.12489443,0.396206,-0.0664966,-0.20700929,-0.3088134,-0.13668193,-0.5884585,-0.3419478,0.09148195,0.037291694,0.08202117,-0.42877424,0.05110511,0.38236785,0.060856827,-0.25155088,1.1172944,0.24375516,0.4465443,0.037234645,-0.28136766,0.11343727,0.52657354,-0.72057855,0.1512126,-0.25193092,-0.17010081,0.7208435,0.79175013,0.14456339,-0.28861764,-0.016449606,0.06101907,-0.14255866,0.20400983,-0.16355717,0.032441977,0.5587278,-0.65868527,0.7639366,0.17368716,0.18922979,0.34567025,-0.14926031,-0.022517456,0.1749291,0.801337,0.35558677,-0.4570839,0.19912332,0.37140843,0.08705691,0.1517362,0.026203955,-0.65549326,0.053367175,-0.43780077,-0.5320821,-0.029481022,-0.48417845,0.1559768,-0.22926316,0.16340789,0.31652203,-0.20439367,-0.5795814,0.16887917,-0.9576654,-0.08055091,-0.45015597,-0.33689702,1.094169,-0.68779165,-0.09738724,0.034572132,0.21404685,-0.186804,1.2523384,0.2323455,0.53736943,-0.4797279,-0.09714985,0.49729463,-0.089150175,-0.3310021,-0.55980855,0.10593992,0.7648533,0.45318165,-0.34113002,0.19370165,0.3428065,0.39619562,0.011784173,1.0789126,0.6289646,-0.4717853,-0.43852636,-0.37570888,0.17550234,-0.57394165,0.578048,-0.49388885,0.97667575,-0.11162125,0.5004933,-0.2598666,-0.12160088,0.5711573,0.36648622,-0.13763666,0.1975844,-0.30457678,0.038512025,0.1812681,-0.056950558,0.06743567,0.04741105,0.18376875,-0.38045382,0.387738,-0.0038110774,-0.038166825,0.035740796,0.47785378,-0.20535728,-0.17201738,-0.37297752,0.07088957,0.013617708,0.62953,-0.39658812,0.533546
Sepantronium bromide,-0.58207893,0.092975415,-0.7030546,0.06328591,-0.3439948,-0.46078327,-0.4703962,0.22967853,0.76477337,0.5676405,0.46901554,0.14701405,0.72663873,0.43582034,0.16882373,-0.045435887,0.86747795,-0.32796,-0.058205135,-0.23230033,-0.3001636,-0.5150143,0.23863748,-0.3150827,0.23224053,-0.1260278,-0.08079077,0.18376552,0.0980036,-0.5405881,0.2816221,0.19631466,0.2636445,-0.19411519,-0.32708278,-0.51815724,0.048491985,0.3488625,-0.48387584,0.2593412,0.053261757,-0.35892406,0.5239921,-0.4545506,-0.518809,-0.09468381,-0.11706746,0.55733615,0.6452592,-0.53799826,0.549363,-0.28971854,0.054701533,-0.61872345,0.23046674,0.5222244,-0.19549592,0.473686,-0.462842,0.2658078,0.5678578,-0.39384913,-0.17644764,-0.465903,1.1540254,-0.16698809,-0.07379919,0.012512098,0.68492097,-0.04895642,0.089475475,-0.667055,-0.07304037,-0.07581609,-0.24554043,-0.28440773,0.017876025,-0.013824527,-0.61330515,-0.62538755,0.10195337,-0.08271522,-0.43286353,-0.19805123,-0.18940087,-0.32676962,0.2787376,-0.6730169,-0.24408166,0.4861989,0.15244153,0.14361466,-0.5573526,-0.29396048,0.17475115,-0.27175623,0.26981086,0.5552863,0.47970024,0.05440089,0.29070878,0.0068956465,-0.577654,0.2361002,-0.34099844,-0.5804456,-0.3198817,0.96197265,-0.14321065,-0.5145068,0.45824528,-0.22274116,-0.29696813,0.38478753,-0.26240444,0.25405297,0.61142814,0.15292825,-0.22388871,-0.97022897,0.26184162,0.12138397,-0.44738156,0.15228577,0.44033808,-0.08626884,-0.23720858,-0.351459,-0.17384829,-0.6790603,-0.39205176,0.11535293,0.051586006,0.09924074,-0.47877175,0.052056734,0.43747357,0.06460851,-0.2682107,1.2314922,0.26764017,0.48877272,0.049987514,-0.34502456,0.13577428,0.58224213,-0.7791863,0.16922872,-0.26250938,-0.19660534,0.78121865,0.85974926,0.12255769,-0.3412669,0.021114916,0.07809625,-0.12864682,0.19358131,-0.1833529,0.038189027,0.61809593,-0.74282086,0.8449853,0.17584379,0.1964405,0.35421076,-0.16206796,-0.0039996216,0.18168147,0.94604397,0.40104133,-0.5115223,0.26266745,0.4384195,0.11327751,0.17226954,0.026925907,-0.7469546,0.070588134,-0.5109033,-0.6019875,-0.044462565,-0.53868544,0.13855764,-0.2853988,0.1740341,0.33763605,-0.23909447,-0.63740575,0.20874275,-1.0633239,-0.08704705,-0.51162595,-0.4012715,1.2287463,-0.7835397,-0.14294244,-0.023063956,0.23147632,-0.20457998,1.3876957,0.21714924,0.6136902,-0.5451033,-0.11829988,0.54383475,-0.10172216,-0.36999914,-0.6796726,0.08172577,0.87372595,0.52907836,-0.40328202,0.22983067,0.3694558,0.42195776,0.020758975,1.2074798,0.7286459,-0.5389448,-0.49172407,-0.4136661,0.20349541,-0.61943626,0.61654085,-0.5613537,1.078861,-0.11843818,0.5687678,-0.34372976,-0.10796309,0.67111105,0.38216045,-0.17010234,0.22407062,-0.32899192,0.09426703,0.20879531,-0.048365064,0.0738755,0.057691846,0.20149602,-0.43309662,0.42665687,-0.024178144,-0.022525359,0.031004667,0.5319354,-0.26115748,-0.19170766,-0.42652416,0.07253019,0.039751496,0.6903661,-0.44925913,0.5753573
MIM1,-0.53020096,0.108644634,-0.6562828,0.060906615,-0.30872747,-0.41163552,-0.4373593,0.18944687,0.6838351,0.5058052,0.435972,0.12471217,0.6778054,0.40516832,0.16538934,-0.05645488,0.7818493,-0.28889892,-0.06328848,-0.20664094,-0.26794395,-0.47740173,0.19064723,-0.28672722,0.23366286,-0.12417572,-0.05990394,0.15832956,0.07520293,-0.47402146,0.2669401,0.18135886,0.22373404,-0.16082548,-0.2977674,-0.50978166,0.051427107,0.32773247,-0.45183668,0.23819344,0.04416981,-0.34310484,0.52084106,-0.42645916,-0.49077657,-0.07577161,-0.12437874,0.50970614,0.60088986,-0.49700102,0.52657956,-0.25317416,0.05639368,-0.5599178,0.219851,0.5083913,-0.14800437,0.4531273,-0.42685175,0.24005996,0.53386647,-0.3809215,-0.16747038,-0.42823446,1.0641471,-0.15920322,-0.057832386,0.011907333,0.6189812,-0.048375305,0.08810297,-0.61765593,-0.08710533,-0.04840785,-0.24771257,-0.27355465,0.027531506,0.0009656066,-0.5595283,-0.5702441,0.05256922,-0.08310609,-0.38737702,-0.1876037,-0.16712244,-0.28692004,0.23850769,-0.6166201,-0.24136,0.45138875,0.15524401,0.14658771,-0.51623476,-0.2800333,0.1630068,-0.24475004,0.24042344,0.51371634,0.4370633,0.065227516,0.2667053,-0.009680494,-0.5179792,0.2276374,-0.31678367,-0.53525317,-0.27287328,0.8727245,-0.13825037,-0.4480809,0.39496863,-0.19367307,-0.27074647,0.35818136,-0.26475385,0.2468989,0.54850894,0.1421828,-0.19720004,-0.8941937,0.23455553,0.098086536,-0.39245737,0.14546001,0.41098133,-0.09302334,-0.2136095,-0.32808915,-0.14596881,-0.62813884,-0.35290286,0.093469776,0.047169905,0.083470225,-0.43786785,0.03126615,0.39429843,0.04630348,-0.25513747,1.1290125,0.24404858,0.4693701,0.053543612,-0.29237142,0.11757988,0.51338834,-0.72185904,0.1493485,-0.25401238,-0.17207898,0.72181153,0.7802632,0.1302417,-0.29378524,-0.0050142487,0.06536207,-0.15145339,0.20339203,-0.16120912,0.026247209,0.5711202,-0.679327,0.7865675,0.1946987,0.19167204,0.3448075,-0.14579612,0.0044353926,0.17119038,0.8394849,0.3563862,-0.46332052,0.23643702,0.37562382,0.08894575,0.1452497,0.03156707,-0.67300177,0.064390235,-0.4613228,-0.5448733,-0.041641675,-0.49283203,0.14585301,-0.24988388,0.15429528,0.32104674,-0.20222835,-0.58175236,0.14981993,-0.9657032,-0.06906778,-0.46003628,-0.35005736,1.1086138,-0.72198486,-0.091597944,-0.0028326015,0.19571711,-0.20570703,1.2679044,0.2096817,0.5428957,-0.48481524,-0.09982544,0.511782,-0.11053138,-0.33048674,-0.5767746,0.10082325,0.78663975,0.4655811,-0.3731521,0.20421381,0.32948726,0.38466823,-0.0010335747,1.0966159,0.64516336,-0.49916777,-0.45440698,-0.3785671,0.1833884,-0.5877325,0.58388996,-0.49814686,0.98572373,-0.12606438,0.51719934,-0.2992837,-0.10902027,0.59207374,0.35663947,-0.15063351,0.20513637,-0.3106911,0.0631636,0.18058078,-0.052563813,0.0717259,0.06193244,0.18960877,-0.3816268,0.39736882,-0.025886053,-0.030730015,0.047127906,0.47894657,-0.21929961,-0.19000971,-0.38639188,0.0821502,0.014157784,0.6495673,-0.40616015,0.54406667
WEHI-539,-0.53183526,0.117679656,-0.67484397,0.06730083,-0.30446535,-0.4018202,-0.4460946,0.17983527,0.6787068,0.5138941,0.43137667,0.117741175,0.6813444,0.40747043,0.1665046,-0.057354555,0.7849348,-0.28350183,-0.053775787,-0.20619409,-0.27117702,-0.48057318,0.1944098,-0.29842502,0.23013107,-0.12974785,-0.057298504,0.15933532,0.07672655,-0.48244122,0.27248093,0.18388931,0.23099078,-0.16442339,-0.29673165,-0.5088838,0.067279905,0.32719228,-0.44306654,0.23878483,0.05693902,-0.339194,0.50943255,-0.41555074,-0.48562297,-0.073610984,-0.121461116,0.5036207,0.6004386,-0.49792305,0.517473,-0.27004716,0.06159052,-0.57338005,0.2070531,0.5050061,-0.15329951,0.46422878,-0.43949914,0.24865332,0.5255394,-0.385232,-0.17121492,-0.42477965,1.0826868,-0.15991156,-0.0670212,0.013838836,0.6286375,-0.043784447,0.08109556,-0.6138326,-0.0736558,-0.041823525,-0.24172778,-0.27496248,0.022119053,-0.0074294596,-0.5522983,-0.56383765,0.061509933,-0.08978159,-0.40101895,-0.18187663,-0.17512982,-0.28654698,0.23624873,-0.6022569,-0.24167289,0.4562709,0.14751445,0.15151334,-0.5238322,-0.27949646,0.15558529,-0.24667048,0.24590145,0.52755654,0.44440043,0.06453431,0.2623015,-0.005237005,-0.5237695,0.21312095,-0.31963173,-0.52492213,-0.28191397,0.8877978,-0.137758,-0.45182303,0.407354,-0.19648682,-0.2769324,0.35910526,-0.2559468,0.24688241,0.5618385,0.14635965,-0.19081648,-0.88743305,0.23533228,0.09939361,-0.3836973,0.13470085,0.40756053,-0.076577604,-0.21246234,-0.32203913,-0.14429869,-0.6137364,-0.35195515,0.094716504,0.042482328,0.08406896,-0.4388018,0.046035264,0.3912409,0.056025855,-0.25545847,1.1396679,0.24667753,0.46139425,0.044863626,-0.2929319,0.11743322,0.5302904,-0.73294896,0.15289477,-0.25623673,-0.17419474,0.73135644,0.79925525,0.13990183,-0.29728463,-0.009996657,0.063834116,-0.14646396,0.20354803,-0.16606823,0.0313121,0.5724015,-0.6760785,0.7843039,0.18233779,0.1917443,0.3489415,-0.15047058,-0.010148499,0.17586787,0.8318122,0.36296412,-0.46714908,0.21797056,0.37970793,0.08965529,0.15263073,0.027996285,-0.674021,0.060912143,-0.45510158,-0.5459842,-0.03433052,-0.4943024,0.15315154,-0.24184479,0.16110805,0.32328478,-0.20631634,-0.58793396,0.1654081,-0.9757937,-0.07615637,-0.4619565,-0.34917098,1.1181189,-0.71293205,-0.09782497,0.018824799,0.21141028,-0.19554608,1.2762072,0.22501352,0.5490804,-0.48951432,-0.10144599,0.50917053,-0.09931222,-0.3358974,-0.5791389,0.10498039,0.78629404,0.4676455,-0.36002344,0.2022138,0.3414515,0.39618275,0.008989907,1.1029226,0.6456247,-0.4896778,-0.45092648,-0.3828343,0.18093689,-0.5868928,0.5869378,-0.502614,0.99443734,-0.117072456,0.5161563,-0.2820744,-0.11872973,0.5901954,0.36589897,-0.14692722,0.2036768,-0.30883354,0.050021566,0.18402511,-0.056041125,0.069785856,0.054471046,0.18948811,-0.38770553,0.3976881,-0.014110885,-0.035925984,0.037487984,0.48593876,-0.2153616,-0.18033837,-0.3834321,0.07641452,0.0145879835,0.64561635,-0.40740004,0.5432329
HKMTI-1-005,-0.5043134,0.12500274,-0.632013,0.06444402,-0.29181316,-0.38382828,-0.42158428,0.17977454,0.6453164,0.47013435,0.41506007,0.110978305,0.65141124,0.388105,0.16158217,-0.060840886,0.74029124,-0.26428133,-0.07064874,-0.1895738,-0.25138134,-0.45430112,0.17145658,-0.2763708,0.23732212,-0.12378658,-0.044859063,0.14931475,0.056653928,-0.43927106,0.26768163,0.16472776,0.21430527,-0.1518999,-0.27466723,-0.50578576,0.0636508,0.3135904,-0.42801616,0.22280644,0.049542315,-0.32943934,0.5020736,-0.39992705,-0.47039354,-0.07509355,-0.13252349,0.47215468,0.5662366,-0.46525306,0.5092943,-0.2479047,0.07272035,-0.5300292,0.20140424,0.49375644,-0.12083616,0.45397496,-0.4034668,0.22781558,0.50676876,-0.3792098,-0.16066135,-0.39406615,1.023699,-0.16112515,-0.06299338,0.0034583902,0.5848042,-0.045651034,0.08247943,-0.58428234,-0.08460438,-0.024479054,-0.24407741,-0.26655322,0.02205989,-0.0037656205,-0.5213498,-0.53953964,0.03386689,-0.087540485,-0.36734694,-0.1776911,-0.16026641,-0.26431632,0.22010699,-0.5716257,-0.22928336,0.4334375,0.15620005,0.15401237,-0.49704248,-0.25852823,0.14006409,-0.23838945,0.22247995,0.4972448,0.4107385,0.06619289,0.24867788,-0.013552105,-0.49068913,0.2227258,-0.29660985,-0.49724677,-0.2565795,0.8200765,-0.13303083,-0.41345245,0.37299624,-0.17662685,-0.25449055,0.3404514,-0.25069615,0.24296997,0.52234817,0.13282956,-0.17369908,-0.8471454,0.21973932,0.083871625,-0.34721884,0.13633594,0.39035448,-0.08918241,-0.20394675,-0.30646273,-0.12689023,-0.58586836,-0.3304386,0.07926374,0.03548032,0.0776472,-0.4148027,0.023790874,0.3802633,0.046991494,-0.25258526,1.0702202,0.23320833,0.44602612,0.045395724,-0.26070923,0.107499875,0.48285398,-0.6844401,0.14032647,-0.24261619,-0.15893833,0.6923258,0.7478592,0.13832909,-0.26649535,-0.019105999,0.058759946,-0.15470064,0.20993353,-0.14862213,0.0205345,0.5373251,-0.646174,0.7475231,0.19653656,0.18746069,0.33879516,-0.1361065,-0.010303337,0.1642482,0.7739204,0.33229694,-0.43621477,0.2135205,0.35026294,0.08098143,0.13335377,0.034739867,-0.628703,0.045164227,-0.4224715,-0.5106051,-0.041917715,-0.46874526,0.14798585,-0.23118329,0.15267971,0.30398187,-0.19360578,-0.55840945,0.13346986,-0.91545236,-0.07018048,-0.4311396,-0.32172436,1.0426248,-0.6749056,-0.0795182,0.012300492,0.17897359,-0.20157833,1.2100481,0.21452907,0.5036194,-0.4548227,-0.084252246,0.4935431,-0.09909186,-0.31090128,-0.52200305,0.10296726,0.7437593,0.4257552,-0.344291,0.18577033,0.32198152,0.3748219,-0.013583565,1.0363317,0.6042964,-0.47032568,-0.4285051,-0.35552472,0.17540874,-0.5649748,0.57004887,-0.47261223,0.9401242,-0.12898567,0.480671,-0.2624078,-0.10767982,0.54828703,0.35101244,-0.12931257,0.19269569,-0.3106272,0.046144843,0.16873108,-0.0515654,0.06929679,0.053131938,0.17943211,-0.35626477,0.3725028,-0.016147822,-0.033266984,0.060626324,0.45710576,-0.19568837,-0.1847118,-0.3665037,0.075477995,0.0090246815,0.62134594,-0.38272086,0.52753246
ICL-SIRT078,-0.517358,0.12710018,-0.6719903,0.07116878,-0.29250225,-0.3804929,-0.4423245,0.16488124,0.65288097,0.49960616,0.416892,0.10644516,0.6654924,0.39941293,0.1641066,-0.058880832,0.76387495,-0.2691588,-0.04793276,-0.19734704,-0.26197386,-0.46919882,0.18502416,-0.29865712,0.22589193,-0.1324825,-0.050946217,0.15637945,0.06984594,-0.47165543,0.27057964,0.17856875,0.22760206,-0.16057616,-0.28432867,-0.5031611,0.0793524,0.31819716,-0.42417476,0.2307611,0.064600974,-0.32680637,0.49208084,-0.39569533,-0.4726258,-0.07055149,-0.120050564,0.47989768,0.582273,-0.48184013,0.49980626,-0.27709663,0.06831005,-0.56613,0.19163167,0.4919375,-0.14260745,0.4672591,-0.43531954,0.24530907,0.5059594,-0.38410524,-0.17094402,-0.40790108,1.0675899,-0.15730068,-0.07419133,0.012431971,0.61297446,-0.03949533,0.074689955,-0.59155816,-0.06709354,-0.026432851,-0.23442663,-0.270554,0.017409017,-0.012949888,-0.52721786,-0.5422248,0.05946675,-0.095013626,-0.39910898,-0.17166895,-0.1757303,-0.27267998,0.223456,-0.5709315,-0.23608553,0.4461089,0.14159453,0.15577433,-0.51736385,-0.27132535,0.14498556,-0.24177483,0.24012388,0.5247358,0.43682984,0.06386774,0.249007,-0.0041023735,-0.51176167,0.20103651,-0.31015643,-0.49949816,-0.27721986,0.8705546,-0.132846,-0.43705976,0.40163225,-0.19171818,-0.27419323,0.34937006,-0.24353626,0.24329774,0.554917,0.14397104,-0.17731604,-0.8542184,0.22583841,0.09351729,-0.35776153,0.12400495,0.39320886,-0.06489777,-0.20636424,-0.30546826,-0.13563508,-0.5817734,-0.3398595,0.08859221,0.035053443,0.081643954,-0.42529094,0.052137405,0.38015798,0.060776178,-0.25098997,1.1129138,0.24197213,0.4436078,0.037585057,-0.27700058,0.113193795,0.52292526,-0.7209519,0.15069379,-0.2531412,-0.16866064,0.7189132,0.79121023,0.14799032,-0.28638893,-0.020882381,0.061058503,-0.14521751,0.20484877,-0.16248329,0.032296978,0.55468917,-0.65604085,0.76055515,0.1726449,0.18894608,0.345888,-0.14853808,-0.022795012,0.17376065,0.79435766,0.3549109,-0.45606568,0.19498481,0.36670613,0.08584988,0.15183476,0.029751182,-0.6527647,0.054325126,-0.43306288,-0.52767533,-0.030128237,-0.48221382,0.15919618,-0.22643083,0.1635212,0.31547496,-0.20163871,-0.5782444,0.1673389,-0.95326954,-0.07894748,-0.44797933,-0.3335183,1.0897185,-0.68466824,-0.09444292,0.03846279,0.2135815,-0.18604335,1.2479929,0.23573382,0.5342903,-0.477508,-0.09499805,0.4947569,-0.08938351,-0.32727268,-0.5526554,0.10904915,0.7591128,0.44889963,-0.33748138,0.19243655,0.34098148,0.39449748,0.0113561675,1.0751431,0.6244275,-0.4645896,-0.4363192,-0.37493038,0.17381202,-0.57514846,0.5783703,-0.49022865,0.9741125,-0.11054848,0.4982346,-0.25665393,-0.123863794,0.56491685,0.36769673,-0.13536601,0.19558182,-0.30341977,0.03569053,0.17912786,-0.05967976,0.0646862,0.04699783,0.18455677,-0.3778919,0.3860207,-0.0029788266,-0.04045615,0.03561741,0.4760135,-0.20160241,-0.17029864,-0.36840802,0.07100968,0.013600388,0.6257423,-0.39412612,0.531697
UNC0638,-0.5018817,0.123554304,-0.61108303,0.05964961,-0.29609913,-0.39226857,-0.41197652,0.19261411,0.64927405,0.45525184,0.41981286,0.11631405,0.6499049,0.38581222,0.16147253,-0.06311858,0.733726,-0.2657556,-0.087735556,-0.18668456,-0.24718249,-0.4498929,0.16370836,-0.26349777,0.24814062,-0.11861967,-0.042200997,0.14645085,0.048353836,-0.42286268,0.26797006,0.1576719,0.20724949,-0.14709078,-0.27177027,-0.51412123,0.052017838,0.31520358,-0.4371409,0.22043033,0.03800565,-0.33567208,0.5169657,-0.40915355,-0.47588468,-0.07953928,-0.14256826,0.47407928,0.56287295,-0.4605203,0.523395,-0.22930816,0.07507383,-0.5114007,0.21228103,0.5014088,-0.107448556,0.4496713,-0.38617772,0.21760482,0.5151756,-0.3804804,-0.15559709,-0.39078236,1.0050391,-0.1652965,-0.054635294,-0.0022081167,0.572244,-0.051345307,0.08982112,-0.58749735,-0.09982469,-0.024315817,-0.25443974,-0.26687232,0.026463838,0.0037682797,-0.5252794,-0.5452534,0.016098624,-0.0827549,-0.34914556,-0.18465582,-0.15074667,-0.26224613,0.22086053,-0.58193874,-0.22837755,0.42954323,0.16912751,0.15418395,-0.4889944,-0.2534865,0.14034683,-0.23900656,0.21300204,0.48305327,0.39789647,0.06881312,0.25206244,-0.020672897,-0.4819225,0.2419993,-0.2912207,-0.5037706,-0.24477655,0.79537374,-0.13441539,-0.40272084,0.3568043,-0.16907674,-0.24408154,0.3390284,-0.26002085,0.24606793,0.50566846,0.12648739,-0.17462295,-0.85402286,0.21829997,0.07824071,-0.34570074,0.14775729,0.39426973,-0.109023444,-0.20553803,-0.31172055,-0.12324016,-0.59783584,-0.32855704,0.07397525,0.036823977,0.07633476,-0.41301757,0.0033542414,0.38611498,0.036783714,-0.25624126,1.0541885,0.23033877,0.45463666,0.052437652,-0.25333068,0.10533269,0.45991546,-0.6680349,0.13489415,-0.23860331,-0.15476501,0.6822649,0.7260185,0.13232027,-0.2562034,-0.017584573,0.058109812,-0.16373526,0.21588917,-0.14049946,0.012286463,0.5327559,-0.6483225,0.74857587,0.21636939,0.18916726,0.3376089,-0.12909201,0.00010949799,0.1591825,0.7718088,0.32050908,-0.4280856,0.2310499,0.34272766,0.07900052,0.12226713,0.03886694,-0.6207635,0.040801328,-0.4222696,-0.50597626,-0.050679658,-0.46566647,0.14125228,-0.23833692,0.14650097,0.30057344,-0.18990636,-0.55175203,0.11058913,-0.9008142,-0.06422891,-0.42497748,-0.3183316,1.0241393,-0.6784166,-0.06925969,-0.007721667,0.15654776,-0.21593586,1.1990201,0.20121512,0.4891368,-0.4450244,-0.07756417,0.49909085,-0.1089497,-0.3036577,-0.50814843,0.09957009,0.7426616,0.41580313,-0.35531485,0.18422818,0.3113593,0.36485547,-0.032061998,1.0232008,0.5986937,-0.48157743,-0.42983374,-0.34698188,0.17906158,-0.5659642,0.5711335,-0.46605167,0.9283865,-0.14392316,0.4754325,-0.27267736,-0.09722882,0.54437244,0.34333533,-0.12774469,0.19337185,-0.31960505,0.05570717,0.16309695,-0.046588674,0.07350334,0.05888025,0.17798564,-0.34578952,0.36859187,-0.02668156,-0.028299248,0.07912865,0.44925493,-0.19505326,-0.1983497,-0.37030122,0.08083814,0.0060537476,0.6269406,-0.37977624,0.53152514
AGK2,-0.538306,0.11430269,-0.6828585,0.06895015,-0.3080496,-0.40528747,-0.45171988,0.18356118,0.6881773,0.52829224,0.43280098,0.12080581,0.687096,0.40916833,0.16549635,-0.056049965,0.795867,-0.28772354,-0.047894083,-0.21172428,-0.2790753,-0.48494807,0.20404805,-0.30626675,0.22495924,-0.13061757,-0.059533715,0.16325703,0.084654994,-0.49610388,0.27404448,0.18917789,0.23946305,-0.1705411,-0.30368128,-0.5033878,0.0683824,0.32757628,-0.4450042,0.24312466,0.06220081,-0.33965886,0.5020359,-0.41503254,-0.48584992,-0.07440671,-0.115008816,0.5105534,0.60507464,-0.5043338,0.51472473,-0.27748093,0.057577252,-0.5825457,0.20755023,0.5028317,-0.16679668,0.4644144,-0.447453,0.25698334,0.52426326,-0.3819079,-0.17296425,-0.4314136,1.0956192,-0.15953691,-0.07053951,0.01803409,0.6411041,-0.043369208,0.079109736,-0.6199195,-0.065381385,-0.051819813,-0.23586224,-0.2750745,0.018834779,-0.012992968,-0.5583999,-0.56835496,0.07516157,-0.08945224,-0.41121286,-0.18179354,-0.17958888,-0.29425403,0.24300155,-0.607933,-0.23992386,0.46152705,0.14124157,0.14839263,-0.52774864,-0.28109038,0.15717195,-0.24916284,0.25261462,0.5343464,0.45231774,0.06050389,0.2648751,-0.00019862382,-0.5349715,0.20602547,-0.32523364,-0.5271561,-0.29302284,0.9048096,-0.13877496,-0.46472234,0.42053235,-0.20177187,-0.2822208,0.36052498,-0.25120547,0.24383397,0.5726706,0.14973158,-0.19484113,-0.8951282,0.23973432,0.103195414,-0.39361507,0.13169654,0.4087118,-0.07014354,-0.21429558,-0.3241788,-0.15083502,-0.61943513,-0.35749188,0.10180271,0.046284057,0.086153865,-0.44523308,0.055061825,0.39330536,0.060576975,-0.2547205,1.1548728,0.25051236,0.46114275,0.041767728,-0.30363333,0.12066098,0.5474211,-0.7417393,0.15713815,-0.25777933,-0.17741089,0.739446,0.8112115,0.13630311,-0.30723128,-0.004605859,0.06724121,-0.13835785,0.19876607,-0.17298515,0.0357577,0.58035374,-0.683547,0.7906908,0.17268807,0.19099806,0.3488894,-0.15536572,-0.013745438,0.17839663,0.84758973,0.37117466,-0.47440174,0.21738921,0.39047292,0.093572386,0.15898947,0.025172325,-0.68610966,0.06407258,-0.46419272,-0.554367,-0.031417545,-0.50060904,0.15224841,-0.24508938,0.16453312,0.32436618,-0.21346119,-0.5952886,0.18132702,-0.9918017,-0.081114925,-0.469467,-0.35703784,1.1369419,-0.7196997,-0.10934011,0.018789116,0.22342242,-0.18931755,1.2919488,0.22674075,0.5638716,-0.49965766,-0.10832187,0.50976133,-0.09472212,-0.34354216,-0.5996616,0.10067327,0.79674554,0.48073095,-0.36131948,0.20652741,0.34875673,0.40332764,0.019831426,1.118169,0.6568193,-0.4931003,-0.454153,-0.38933346,0.18373471,-0.5868406,0.5865047,-0.513633,1.0071932,-0.111331716,0.5238342,-0.2855157,-0.119854696,0.60262996,0.3687398,-0.15249124,0.20584828,-0.30482593,0.05222326,0.19083606,-0.054508157,0.071263395,0.05261705,0.18937251,-0.39840433,0.4027043,-0.010921675,-0.03365419,0.028707538,0.49289992,-0.22307903,-0.1757995,-0.38961557,0.073351465,0.018628359,0.6490514,-0.41275483,0.543989
Foretinib,-0.51290417,0.121805556,-0.6418666,0.064975664,-0.29702318,-0.39159393,-0.42689076,0.18271513,0.65755457,0.48250562,0.42057544,0.11398119,0.6605483,0.39355868,0.1623675,-0.060179733,0.7537427,-0.27101794,-0.06817122,-0.1946085,-0.2576449,-0.4621194,0.17834198,-0.28064033,0.23527634,-0.12465864,-0.048437864,0.15165208,0.061954893,-0.45127437,0.2691744,0.17040808,0.21906593,-0.15567924,-0.2814062,-0.5073719,0.06268808,0.3179159,-0.43390623,0.22741067,0.049619976,-0.33342353,0.5063872,-0.4062895,-0.47569275,-0.07566254,-0.13055272,0.48345503,0.57590765,-0.47581387,0.5151618,-0.25158826,0.06895229,-0.5410499,0.2054244,0.4981792,-0.13034436,0.45577323,-0.41230342,0.23284833,0.5141702,-0.3810627,-0.16342999,-0.4040755,1.0398105,-0.1610816,-0.062397853,0.0066097183,0.597403,-0.046679206,0.083146766,-0.5940347,-0.08320994,-0.03138421,-0.24502517,-0.2693832,0.023033766,-0.0042184284,-0.53273815,-0.54819757,0.040815078,-0.08698548,-0.37584314,-0.18051364,-0.16368183,-0.272159,0.22694689,-0.584468,-0.23282893,0.44015768,0.15551619,0.1525455,-0.5037416,-0.2640183,0.14526942,-0.24155976,0.22899924,0.5035734,0.419334,0.06622579,0.2547534,-0.012200905,-0.5002726,0.22255507,-0.3038539,-0.50778764,-0.26362225,0.83827084,-0.13501479,-0.4254981,0.38220292,-0.18131196,-0.25996044,0.34627795,-0.25378937,0.24461095,0.53236115,0.13590823,-0.17940505,-0.86140543,0.22476722,0.0881992,-0.35903832,0.1377514,0.39703795,-0.08793274,-0.20732027,-0.31292182,-0.13245396,-0.5979788,-0.3375281,0.08381791,0.03865543,0.07946531,-0.42294905,0.02749822,0.38528806,0.047968894,-0.25384367,1.090495,0.2373816,0.4526315,0.046530277,-0.2707782,0.11052734,0.49505094,-0.697148,0.14341043,-0.24624433,-0.16272156,0.70338094,0.7606176,0.13730796,-0.2746878,-0.014897341,0.060667418,-0.15275103,0.20795313,-0.15304916,0.02286337,0.54832757,-0.6558047,0.7599812,0.19476715,0.18902296,0.341459,-0.13983963,-0.008112464,0.16683601,0.7934966,0.34025526,-0.44474652,0.21850352,0.35897502,0.084282234,0.13784178,0.032629255,-0.6425777,0.049224842,-0.43371052,-0.521534,-0.040491257,-0.4758145,0.14755632,-0.2356823,0.15454032,0.31010774,-0.19772072,-0.5664392,0.14033246,-0.93327487,-0.07115376,-0.44022924,-0.33131474,1.0649623,-0.6887121,-0.083625376,0.010537302,0.18647693,-0.20133086,1.230001,0.21489786,0.51678497,-0.46430585,-0.08924829,0.4994048,-0.100758284,-0.31803474,-0.53987676,0.10207116,0.7581126,0.4383845,-0.35182062,0.19148616,0.32654762,0.38039503,-0.009587762,1.0559247,0.61694807,-0.479319,-0.43580386,-0.36303806,0.17906173,-0.57208383,0.5748277,-0.48138887,0.9558838,-0.1279422,0.49200442,-0.27100685,-0.1093904,0.5622963,0.3541771,-0.1356739,0.19619074,-0.31098613,0.049542613,0.17293765,-0.0514575,0.07063284,0.053890683,0.18184234,-0.36533877,0.38042092,-0.01761294,-0.032682545,0.0558948,0.4654298,-0.20253584,-0.1854656,-0.37316245,0.075879395,0.010542167,0.63064057,-0.39081308,0.532506
BIBR-1532,-0.49670306,0.12233952,-0.6373808,0.06760354,-0.28216127,-0.36819518,-0.42109662,0.16575295,0.6292816,0.47706077,0.40076205,0.105184644,0.6389978,0.38195542,0.15650532,-0.05795162,0.7311366,-0.257596,-0.052404314,-0.18855923,-0.2535301,-0.44880432,0.17796089,-0.28360525,0.22012648,-0.1251481,-0.047005173,0.14917158,0.06566039,-0.44744393,0.26178542,0.16847506,0.2186609,-0.15449308,-0.2725783,-0.48381326,0.074389,0.30532637,-0.40920532,0.22196048,0.061049167,-0.31650975,0.4740454,-0.38070977,-0.45237845,-0.069420084,-0.11927563,0.46274072,0.55673146,-0.46061307,0.48393795,-0.2596098,0.06765859,-0.53737915,0.18614748,0.47456077,-0.13544744,0.44679,-0.4125238,0.23508044,0.48671627,-0.366818,-0.16056748,-0.38895497,1.0206454,-0.15439802,-0.06877165,0.010127986,0.5876027,-0.03970677,0.07376197,-0.57054853,-0.06489528,-0.028570352,-0.22760685,-0.25972134,0.01677467,-0.012269974,-0.5077195,-0.5222428,0.052224506,-0.089588985,-0.37671128,-0.16774336,-0.16601758,-0.26389128,0.21587479,-0.55080676,-0.22426233,0.42888367,0.13855861,0.1494897,-0.49298844,-0.25591478,0.1353931,-0.23383325,0.22751585,0.4995226,0.41388345,0.06118734,0.240698,-0.0054232464,-0.48997155,0.19669051,-0.29655093,-0.4804612,-0.26512316,0.8268455,-0.1293018,-0.41627944,0.38254678,-0.18116228,-0.25890845,0.3345758,-0.23486069,0.2339897,0.52829355,0.13642399,-0.1686532,-0.82472533,0.21842936,0.088688314,-0.34273595,0.121486604,0.37925556,-0.0668709,-0.19800812,-0.29626986,-0.12818557,-0.5634794,-0.32562035,0.08513525,0.035194147,0.07714904,-0.40897632,0.04459144,0.3660564,0.056736525,-0.24223115,1.0642186,0.23236965,0.42822835,0.036707588,-0.2654566,0.107303835,0.49763438,-0.68526703,0.14232615,-0.24019372,-0.16094473,0.68725425,0.7529213,0.13928998,-0.2719111,-0.016883487,0.057527628,-0.13934794,0.19777985,-0.15409009,0.028961511,0.5319574,-0.62870574,0.7305922,0.17167848,0.18156932,0.3321603,-0.14046542,-0.020835953,0.16690546,0.7619133,0.33636367,-0.43466076,0.19220394,0.35229585,0.0822614,0.14188135,0.026190069,-0.6232165,0.04748544,-0.41564274,-0.50664157,-0.030392729,-0.46140012,0.14888881,-0.2197879,0.15561923,0.30199346,-0.19440386,-0.5522095,0.15558991,-0.9117963,-0.07607919,-0.42859435,-0.32003748,1.0403327,-0.6565621,-0.089877956,0.03075015,0.199283,-0.18210453,1.1943907,0.2211618,0.5083654,-0.45487994,-0.090022,0.47798848,-0.08622994,-0.3142204,-0.528933,0.101847455,0.7307684,0.42917848,-0.32698837,0.18410034,0.3265355,0.37796584,0.006310301,1.0272177,0.598002,-0.45306218,-0.4180207,-0.3565832,0.16879863,-0.5491817,0.554774,-0.4701289,0.9310401,-0.11109158,0.47600162,-0.2469125,-0.11421892,0.54401034,0.3487564,-0.12959291,0.18810853,-0.294899,0.036609262,0.17196228,-0.053032592,0.0655179,0.045478858,0.1759145,-0.36077365,0.36885262,-0.0050854953,-0.035859294,0.039365135,0.45606056,-0.19485226,-0.16690187,-0.35656017,0.06845316,0.0114941625,0.60329086,-0.37873557,0.51136965
Pyridostatin,-0.5079167,0.11910494,-0.64470565,0.06690568,-0.29004872,-0.38180476,-0.426159,0.17437823,0.64760286,0.48692334,0.41179475,0.11130528,0.65134037,0.38928393,0.160604,-0.05648333,0.7480114,-0.26608226,-0.05715957,-0.19372973,-0.25850764,-0.45864135,0.1833003,-0.2841973,0.2245759,-0.1247595,-0.05075283,0.15152104,0.067816,-0.454216,0.26518,0.17227179,0.22091717,-0.15788609,-0.2808911,-0.4934583,0.06840975,0.31117994,-0.4222355,0.22723733,0.05688567,-0.32559335,0.48950842,-0.39589068,-0.46355617,-0.071189865,-0.12324797,0.47759902,0.572141,-0.47130662,0.49814346,-0.2580988,0.06692607,-0.54481214,0.19544792,0.48628378,-0.1394975,0.45021677,-0.41800824,0.23746718,0.50279015,-0.37251785,-0.16160944,-0.40035006,1.0375386,-0.15748584,-0.06567066,0.008941018,0.59903806,-0.041794755,0.078026995,-0.5859737,-0.069126554,-0.033920065,-0.23441106,-0.26443583,0.020330776,-0.008583721,-0.5245396,-0.53877974,0.05275779,-0.08860919,-0.38101327,-0.17361894,-0.16702409,-0.2724722,0.22309299,-0.57085913,-0.22902474,0.43862316,0.14333421,0.14936583,-0.5011402,-0.26366976,0.1417744,-0.23779355,0.23081046,0.5063053,0.42060882,0.06291326,0.24989615,-0.0062624123,-0.4989262,0.20634174,-0.30286577,-0.49812803,-0.26824132,0.8412384,-0.1330095,-0.42610642,0.38754004,-0.18398033,-0.26265362,0.34318376,-0.24504872,0.23862456,0.53560466,0.1389731,-0.17622894,-0.8488964,0.22493006,0.092102736,-0.35825863,0.12952247,0.38950002,-0.073583215,-0.20278145,-0.3076506,-0.1325437,-0.58476806,-0.33445305,0.086932905,0.03815641,0.07829783,-0.41805533,0.040644083,0.3754133,0.055140223,-0.24859156,1.0870616,0.23613785,0.44166696,0.041768327,-0.27408516,0.10927593,0.5047545,-0.69632494,0.14349437,-0.24463116,-0.16483265,0.69872594,0.7633593,0.13798687,-0.27858976,-0.012727234,0.059309706,-0.14283453,0.19958325,-0.15638746,0.027991403,0.54438806,-0.64448935,0.7494512,0.17882262,0.1841458,0.3375968,-0.14118473,-0.014389688,0.16949102,0.78677887,0.3433251,-0.4439473,0.20523857,0.36066768,0.08520006,0.14241804,0.027356,-0.638191,0.05003797,-0.4280105,-0.51948375,-0.034471676,-0.47088268,0.14860111,-0.22922115,0.15542147,0.3084481,-0.19693264,-0.56128865,0.1533747,-0.93025666,-0.074328296,-0.43969738,-0.32986596,1.0626757,-0.67721456,-0.09092354,0.020794382,0.1980884,-0.18939614,1.2193434,0.21859609,0.51910657,-0.46277085,-0.09334615,0.49053955,-0.09252012,-0.31951487,-0.5441392,0.10203054,0.75151503,0.44000122,-0.34112707,0.19099693,0.3293517,0.38171232,0.0038181113,1.0503349,0.6129363,-0.46837205,-0.42752507,-0.36265764,0.1732289,-0.56098604,0.5666121,-0.48011276,0.9490824,-0.11625566,0.48854122,-0.26128075,-0.11180324,0.56076914,0.35149553,-0.1353374,0.1932119,-0.3019356,0.044209782,0.17565964,-0.052313816,0.06692184,0.05128096,0.18137372,-0.3669998,0.37750638,-0.012093872,-0.034267936,0.042074546,0.46596992,-0.2020666,-0.17347635,-0.36626175,0.07183167,0.012570977,0.61899465,-0.3888916,0.52283365
AMG-319,-0.5045253,0.1317418,-0.6724387,0.074457794,-0.28066105,-0.3600052,-0.44002992,0.14914967,0.6293728,0.4940429,0.401129,0.09682195,0.6508276,0.3916168,0.16002542,-0.058958456,0.74614733,-0.25775033,-0.03545102,-0.19172436,-0.2582299,-0.45953435,0.18275656,-0.30309954,0.21593322,-0.13459681,-0.04783991,0.1541478,0.07024786,-0.4690303,0.26749066,0.17668977,0.22821817,-0.15887785,-0.2757282,-0.48748088,0.092489086,0.30987296,-0.40415752,0.22535504,0.07546732,-0.31357548,0.46627405,-0.37353593,-0.4555829,-0.06629405,-0.11177578,0.4607817,0.56592876,-0.47051853,0.47599,-0.2867007,0.06934123,-0.56471694,0.17449954,0.47435275,-0.14437746,0.4652169,-0.43668994,0.24730551,0.48320124,-0.376806,-0.17060795,-0.3943597,1.055609,-0.15269585,-0.081343025,0.015463345,0.6052079,-0.033999406,0.066120096,-0.57169497,-0.053320464,-0.019911265,-0.22142716,-0.2642898,0.011153367,-0.02072283,-0.5054613,-0.5200915,0.06701431,-0.09866148,-0.40160725,-0.16104509,-0.17875509,-0.26438302,0.21427691,-0.54156077,-0.23022638,0.43743733,0.12955143,0.15595162,-0.5108562,-0.26390502,0.13581558,-0.23665994,0.23951153,0.523685,0.43328738,0.060885288,0.23654479,0.00059318,-0.5037679,0.18078,-0.30486977,-0.4750007,-0.27847245,0.8629023,-0.12783614,-0.4293778,0.40260065,-0.19115286,-0.27383435,0.3404825,-0.22755983,0.2363941,0.55305946,0.1445265,-0.16718158,-0.8230066,0.21932329,0.09206875,-0.339885,0.10948548,0.37909505,-0.04760519,-0.19952826,-0.29001248,-0.13108568,-0.55081046,-0.3297471,0.08835981,0.03022468,0.080660984,-0.41452712,0.06586971,0.36634845,0.068225086,-0.24280976,1.0926541,0.23825823,0.42361733,0.02804151,-0.27017868,0.11073368,0.525251,-0.71347994,0.15094042,-0.24890502,-0.16675103,0.70896333,0.7881961,0.15257229,-0.2827036,-0.02589937,0.058348846,-0.13629359,0.199566,-0.1630277,0.036762334,0.54147446,-0.63561684,0.736747,0.15491965,0.18443328,0.33981892,-0.14993921,-0.036038723,0.17348096,0.7653507,0.35185748,-0.44789737,0.17107251,0.36037922,0.08361845,0.15592562,0.02538241,-0.63670236,0.05194275,-0.41695905,-0.5147421,-0.021235948,-0.47133186,0.16235149,-0.21198331,0.16591154,0.30915675,-0.19997515,-0.5693855,0.17953241,-0.9370407,-0.08375616,-0.43749917,-0.3230753,1.0700946,-0.65688175,-0.098200925,0.05928477,0.22443768,-0.17070071,1.2218486,0.24456412,0.5269494,-0.47103974,-0.09409611,0.4774596,-0.076547354,-0.32427695,-0.5400926,0.11020009,0.7357136,0.43968743,-0.31519377,0.18484783,0.34273782,0.39449346,0.022477832,1.0525184,0.6086833,-0.44167674,-0.42297384,-0.37034762,0.16581489,-0.5589039,0.5641055,-0.48136392,0.95618904,-0.09767742,0.4841719,-0.23400182,-0.13053182,0.5467588,0.36729005,-0.1285706,0.18922463,-0.29209048,0.022339638,0.17748643,-0.062435437,0.06084273,0.038596142,0.1789268,-0.3742017,0.37666154,0.009659628,-0.044451524,0.024100648,0.46824393,-0.19261295,-0.15609658,-0.35519096,0.06438286,0.013576489,0.60422814,-0.38363206,0.5164724
MK-8776,-0.57664496,0.109727114,-0.71078306,0.06667085,-0.33795205,-0.44858053,-0.4751727,0.21409851,0.74893296,0.56162524,0.46650338,0.13897148,0.7316129,0.43729782,0.1735765,-0.055402227,0.8554691,-0.31590113,-0.060560342,-0.22804116,-0.29745752,-0.5167975,0.22154292,-0.31808725,0.24126112,-0.13150238,-0.06867236,0.17598677,0.09172694,-0.52830476,0.28813615,0.19781193,0.25623867,-0.18360451,-0.3268421,-0.5338272,0.05752277,0.3501894,-0.4832305,0.25980508,0.056663394,-0.3650197,0.5390059,-0.45162347,-0.5218095,-0.086492196,-0.12385798,0.5517593,0.6473813,-0.53733647,0.55557984,-0.28513592,0.05699824,-0.61264974,0.23089887,0.5365743,-0.1798042,0.4864592,-0.46511415,0.2697466,0.5660214,-0.4022835,-0.17866597,-0.46437168,1.1568248,-0.1701328,-0.070597954,0.015806094,0.68018824,-0.05012304,0.09110801,-0.6678844,-0.07736767,-0.06762273,-0.25416797,-0.28849706,0.021463078,-0.009766081,-0.60458463,-0.6198324,0.08173452,-0.08785767,-0.4304861,-0.19904877,-0.185295,-0.31984848,0.2676161,-0.66663444,-0.2527364,0.49136332,0.15503173,0.15194081,-0.5573899,-0.2990449,0.17442656,-0.2683766,0.26475337,0.560064,0.47762677,0.06063896,0.28813535,6.192825e-05,-0.5702742,0.23432817,-0.34509748,-0.57415205,-0.31245,0.95701665,-0.1460832,-0.49967667,0.44534263,-0.21659012,-0.2976714,0.3837634,-0.27132747,0.25755948,0.6038801,0.15501055,-0.21464439,-0.9666023,0.25712496,0.11241808,-0.43281272,0.14976569,0.44008595,-0.08875259,-0.2321613,-0.35217997,-0.16643052,-0.67741704,-0.38570353,0.11050656,0.05298454,0.09544782,-0.47699928,0.048897978,0.4285961,0.05861633,-0.272976,1.2283618,0.2662548,0.49611688,0.050867982,-0.3296153,0.12956811,0.576275,-0.78020644,0.16675875,-0.2705184,-0.19119835,0.7821251,0.85295355,0.13213244,-0.32941186,0.0063435365,0.0745047,-0.14400686,0.20818362,-0.18220921,0.035232827,0.6193158,-0.73788494,0.846127,0.18936993,0.20141855,0.36507052,-0.16112721,-0.005987436,0.18644592,0.9226114,0.39326254,-0.50434285,0.25085962,0.42067125,0.10423837,0.16540237,0.028217489,-0.7368963,0.069768354,-0.50562614,-0.5947463,-0.04154477,-0.53688604,0.15147908,-0.27554506,0.17300738,0.34109297,-0.23002613,-0.63539225,0.19000387,-1.0560137,-0.083807014,-0.50348777,-0.38897163,1.2128276,-0.7777795,-0.12193858,-0.00498998,0.2270772,-0.20864,1.3809292,0.22757089,0.6025011,-0.53478736,-0.11562782,0.5455955,-0.10646407,-0.36537194,-0.6503764,0.09652985,0.8593214,0.5160346,-0.3979329,0.2247175,0.3653302,0.4219565,0.015298522,1.1970723,0.7104469,-0.5374547,-0.48968634,-0.41150483,0.19978954,-0.6243755,0.6244089,-0.5517749,1.07199,-0.124304645,0.5619299,-0.32560337,-0.11581643,0.6545113,0.38689274,-0.16577648,0.22234969,-0.32913026,0.07463392,0.20410061,-0.053739432,0.0761625,0.061275307,0.20116064,-0.4240694,0.43091118,-0.021808762,-0.028097982,0.03806484,0.5253765,-0.24792068,-0.1947455,-0.42294908,0.07936759,0.025433784,0.69695264,-0.44184503,0.58152956
Vinorelbine,-0.5064352,0.13249782,-0.6174912,0.06394596,-0.3005099,-0.39871237,-0.41593358,0.20022789,0.6598753,0.4582129,0.42029053,0.11468049,0.6601498,0.39165393,0.16008896,-0.07017837,0.7416734,-0.2683417,-0.0953015,-0.18658285,-0.24909833,-0.45601037,0.16184601,-0.2630353,0.25004625,-0.12158991,-0.036279105,0.1467441,0.04009386,-0.42579922,0.27375814,0.15860818,0.21167961,-0.15260655,-0.27323154,-0.5258857,0.05587691,0.31628123,-0.43839294,0.2185596,0.038157016,-0.3380834,0.52319735,-0.4090646,-0.48234606,-0.086007774,-0.15113649,0.4774993,0.5622906,-0.46553874,0.54088414,-0.23369849,0.08149874,-0.51536024,0.21433207,0.510036,-0.10309026,0.46410233,-0.3865674,0.21970195,0.5197162,-0.39130837,-0.15826625,-0.39063776,1.0210713,-0.16831526,-0.058398098,-0.000718802,0.5777784,-0.057074867,0.09195948,-0.5906641,-0.10334567,-0.021466466,-0.2621057,-0.2722532,0.025311127,-0.0010284841,-0.5306765,-0.55029833,0.015056263,-0.08607532,-0.35578874,-0.19020708,-0.15310524,-0.26520216,0.2284001,-0.59020865,-0.22967847,0.4364353,0.17567387,0.15742597,-0.49484706,-0.250108,0.13801631,-0.24581267,0.21451572,0.48716274,0.4010136,0.070481166,0.25770062,-0.024395216,-0.48898932,0.24884112,-0.2956125,-0.5043361,-0.24981844,0.8023298,-0.13688709,-0.40906343,0.36285728,-0.16450745,-0.2478911,0.34179327,-0.26169115,0.25212547,0.5101519,0.124961935,-0.17055269,-0.86154264,0.2161418,0.074800335,-0.33741707,0.14853963,0.39986005,-0.11113686,-0.20950629,-0.31290534,-0.12148931,-0.6058055,-0.3310188,0.071067,0.037315674,0.07710509,-0.41970396,-0.0021521514,0.39825928,0.034737308,-0.2619416,1.0660245,0.23577617,0.46077102,0.051685143,-0.24859181,0.10424739,0.4649351,-0.6707031,0.13762732,-0.24145825,-0.14995447,0.6927596,0.7336817,0.1355597,-0.25196418,-0.020833384,0.059385307,-0.16742879,0.2237533,-0.14021137,0.010653042,0.5375279,-0.65487623,0.7575164,0.22265762,0.19294925,0.34215152,-0.13077582,-0.0040682335,0.15754278,0.77366203,0.3184046,-0.4307722,0.23290576,0.34539437,0.08117207,0.11994932,0.038723744,-0.6264838,0.031367872,-0.42476544,-0.50774187,-0.051790114,-0.46999624,0.1425854,-0.23548463,0.15522027,0.3044082,-0.19733134,-0.56004095,0.1079851,-0.9113434,-0.068268314,-0.4266829,-0.32258025,1.0331731,-0.68808585,-0.06496927,-0.0028317166,0.15624115,-0.21736148,1.2195029,0.20669681,0.49420464,-0.44945544,-0.075085156,0.505978,-0.1090787,-0.30637804,-0.5084475,0.10020703,0.7505936,0.41515604,-0.35648027,0.18391211,0.31942868,0.37408212,-0.04024533,1.0338098,0.603324,-0.48802477,-0.43549266,-0.3492943,0.19021152,-0.57660425,0.5798202,-0.4718304,0.9427089,-0.15152316,0.4809999,-0.2680087,-0.09926138,0.5480283,0.35371366,-0.12764901,0.19524373,-0.3268726,0.053853083,0.16363026,-0.043818615,0.07529027,0.052886896,0.1756931,-0.34868428,0.37435943,-0.024355734,-0.027969565,0.08923881,0.45474294,-0.19413884,-0.20419505,-0.3781578,0.0739499,0.00602015,0.63762015,-0.38199532,0.53961813
Mycophenolic acid,-0.51085055,0.10919194,-0.6136774,0.058264982,-0.30049086,-0.40348816,-0.41267574,0.19897626,0.66403115,0.47353247,0.42446747,0.12513445,0.65313745,0.38784364,0.1614772,-0.056792375,0.74766237,-0.27502906,-0.082945,-0.19475509,-0.2553146,-0.45611256,0.17782192,-0.2640809,0.23826489,-0.115419365,-0.05200598,0.14937171,0.060948227,-0.4363825,0.26196033,0.1660496,0.21084106,-0.15433528,-0.28369832,-0.5057871,0.043028016,0.31465936,-0.44274673,0.22758123,0.035180625,-0.3372675,0.519247,-0.41888043,-0.47659686,-0.07782632,-0.13693713,0.49233285,0.57648164,-0.47019506,0.52443784,-0.22736013,0.06548632,-0.521145,0.22002448,0.5005599,-0.12610407,0.43879628,-0.39508227,0.22358333,0.5244455,-0.37198833,-0.15422563,-0.40542844,1.0151234,-0.1625816,-0.050094735,0.002015331,0.5870863,-0.051696125,0.092205845,-0.59960073,-0.09306036,-0.042003706,-0.2500929,-0.26565814,0.030115364,0.005289517,-0.5421219,-0.55642706,0.031796016,-0.07918839,-0.35687363,-0.18745758,-0.1532357,-0.27562165,0.22942351,-0.6005756,-0.23010306,0.4368589,0.1632863,0.14498012,-0.4918282,-0.26249453,0.14902909,-0.23887296,0.21996927,0.48657504,0.40710998,0.065439895,0.26053417,-0.015619366,-0.49292848,0.23774938,-0.2980197,-0.52033156,-0.25347254,0.81441814,-0.13686615,-0.41849732,0.36751834,-0.17600203,-0.24974485,0.34470975,-0.263917,0.24308412,0.51477873,0.13095576,-0.18567696,-0.8722627,0.22681427,0.0880029,-0.37105337,0.15165545,0.40003532,-0.10588396,-0.20778106,-0.32298332,-0.13316743,-0.6171546,-0.33811733,0.08238629,0.044470657,0.0765094,-0.42029262,0.009544567,0.38728786,0.038522895,-0.25419933,1.0758911,0.23428659,0.46117616,0.056876805,-0.27150142,0.108529195,0.4758017,-0.67796373,0.13634595,-0.24097502,-0.16026689,0.6871802,0.7348406,0.124039836,-0.27041155,-0.0044529834,0.061306383,-0.15551984,0.20470588,-0.14755726,0.016757503,0.5446341,-0.6556195,0.76251596,0.20838287,0.18681835,0.3362076,-0.1314343,0.009191744,0.16224861,0.80295736,0.33062133,-0.4388094,0.24149142,0.3557408,0.08492141,0.12695767,0.034493882,-0.63815665,0.04850595,-0.4380487,-0.51985687,-0.0493866,-0.47156748,0.13607235,-0.24605852,0.14504391,0.30666304,-0.19256571,-0.5542225,0.120460436,-0.918716,-0.06423843,-0.4380689,-0.33281595,1.0496644,-0.6984995,-0.07839684,-0.019116478,0.16563548,-0.21233648,1.2160496,0.19367711,0.507172,-0.45323318,-0.087908365,0.50431764,-0.112794906,-0.31160665,-0.5393852,0.09528529,0.76216364,0.43521243,-0.36750433,0.19532563,0.31279054,0.36739603,-0.021548942,1.0445843,0.613799,-0.4935848,-0.43427545,-0.35414368,0.18226802,-0.56808597,0.57089144,-0.4755558,0.94141763,-0.13870555,0.49111518,-0.2893788,-0.09356289,0.56824225,0.33806995,-0.14020452,0.1966302,-0.31417686,0.06572219,0.17005898,-0.04334578,0.07343008,0.06404764,0.18320422,-0.35691863,0.3767256,-0.03412943,-0.025393194,0.06709786,0.4596179,-0.20940267,-0.19604658,-0.3773183,0.081751145,0.0106227305,0.6341901,-0.39029437,0.5311795
Remodelin,-0.5286853,0.11279396,-0.66159093,0.0632674,-0.3068692,-0.40675455,-0.43985778,0.18644838,0.68038714,0.5081168,0.43245238,0.12152376,0.67844886,0.4049584,0.16439642,-0.057970632,0.7801887,-0.2860195,-0.058880795,-0.2062256,-0.27087587,-0.47695947,0.19199301,-0.29251572,0.2329582,-0.12565297,-0.05756093,0.15789077,0.07598994,-0.476955,0.27071863,0.18156305,0.22812748,-0.1617554,-0.29657885,-0.5053598,0.059011836,0.32747373,-0.447884,0.23754887,0.05066375,-0.34195006,0.51040554,-0.41932446,-0.48635238,-0.07597493,-0.120958485,0.50517225,0.5970821,-0.49695587,0.52013206,-0.25929525,0.05739986,-0.5626968,0.2124233,0.5052229,-0.15242179,0.45629054,-0.4301118,0.24430695,0.52610785,-0.38065925,-0.16814373,-0.423925,1.0679533,-0.15953872,-0.06181898,0.013916731,0.62244236,-0.046919666,0.08396598,-0.6148083,-0.08019273,-0.0474847,-0.24368744,-0.27304876,0.023248788,-0.0037662718,-0.5551217,-0.5652065,0.056580476,-0.08487199,-0.3909961,-0.1851827,-0.1697807,-0.28703094,0.2384851,-0.6084418,-0.23920481,0.45122576,0.15106739,0.1479998,-0.5167814,-0.275854,0.1582892,-0.2454251,0.24289612,0.51669466,0.43803734,0.06467758,0.26372987,-0.0077380845,-0.5186923,0.21949995,-0.31828982,-0.5269064,-0.27638897,0.8757237,-0.1381349,-0.4490551,0.3997974,-0.19417366,-0.27141678,0.35676417,-0.25866774,0.2453235,0.55144024,0.14371781,-0.19402225,-0.8888748,0.23446468,0.09750204,-0.38732037,0.13921328,0.40819144,-0.08632499,-0.21216302,-0.32400078,-0.14490345,-0.62001777,-0.35086006,0.09536324,0.045469154,0.08416397,-0.4381179,0.037259914,0.39199883,0.05021579,-0.25423557,1.128339,0.24444918,0.46431607,0.047498725,-0.29317522,0.11773014,0.51993287,-0.7227725,0.15155908,-0.25264725,-0.17322862,0.7244353,0.78495014,0.13202038,-0.2950829,-0.0059299776,0.06408751,-0.14715375,0.20274937,-0.16282515,0.028395232,0.5709598,-0.6764077,0.7813549,0.18903969,0.1911383,0.34415445,-0.14896187,-0.003614129,0.17264068,0.83355635,0.35816815,-0.46233273,0.22841413,0.3779884,0.088928714,0.14876917,0.028187495,-0.6707151,0.062658645,-0.45831552,-0.54459053,-0.037428893,-0.49208078,0.14703116,-0.24634211,0.15625864,0.31973198,-0.20504637,-0.5833837,0.15771994,-0.9673731,-0.07306824,-0.45838648,-0.34816235,1.1083932,-0.71306753,-0.095845126,0.0059250155,0.2025167,-0.20072503,1.2656634,0.21378367,0.54383075,-0.48654372,-0.10107608,0.5076613,-0.10371564,-0.3335337,-0.57749057,0.09998263,0.78351605,0.46610004,-0.36655384,0.20144928,0.33431786,0.38844496,0.0034981642,1.0944016,0.6444521,-0.49505037,-0.45219716,-0.3791277,0.18146805,-0.5828377,0.58084476,-0.4997301,0.985555,-0.12157623,0.51366645,-0.29114348,-0.11284115,0.5888691,0.3595193,-0.14889432,0.20521316,-0.30817267,0.057580948,0.1819956,-0.052944243,0.07311541,0.05745212,0.18648914,-0.38378057,0.39586332,-0.019173855,-0.031365637,0.042888764,0.47875232,-0.21713606,-0.18594605,-0.38548928,0.079340525,0.014018337,0.6454616,-0.40513486,0.54188913
VX-11e,-0.5387217,0.11094844,-0.68178654,0.067987055,-0.30858445,-0.40749773,-0.45074096,0.18378818,0.68990576,0.52893335,0.43369526,0.12226345,0.68598014,0.40969202,0.16588378,-0.054395743,0.79714197,-0.28964964,-0.047894303,-0.21230866,-0.27851576,-0.48580158,0.20473641,-0.30396137,0.22323772,-0.12958184,-0.06216279,0.16329224,0.08560356,-0.49627596,0.27178836,0.19009507,0.23766604,-0.170811,-0.30509686,-0.50274193,0.06496472,0.3269934,-0.44623077,0.24348767,0.05975372,-0.339723,0.50453985,-0.41837755,-0.48684254,-0.07374228,-0.11493745,0.5129684,0.6079335,-0.50526726,0.5157524,-0.27536863,0.055643886,-0.58256614,0.2100454,0.50307417,-0.16777253,0.46178752,-0.4478028,0.2561222,0.5274999,-0.38066006,-0.1723318,-0.4340485,1.0944651,-0.1583947,-0.06867818,0.018069781,0.64080095,-0.043501448,0.08059125,-0.62119114,-0.066292346,-0.053668987,-0.23618898,-0.2746086,0.020593151,-0.010983473,-0.5614541,-0.5705936,0.07630478,-0.08841765,-0.41105023,-0.182196,-0.17913975,-0.29563403,0.24333966,-0.6118827,-0.24055815,0.46197355,0.14122404,0.14653723,-0.52769357,-0.28388634,0.16035977,-0.24808496,0.25223726,0.53366125,0.45288876,0.060533363,0.26629987,-6.826123e-05,-0.53477335,0.2075648,-0.32557642,-0.53103423,-0.29212913,0.9057116,-0.1386387,-0.46609354,0.41967216,-0.2026043,-0.28302613,0.36171147,-0.253741,0.2438201,0.57191694,0.15035553,-0.19723503,-0.8975656,0.24003786,0.104605526,-0.39820364,0.13396613,0.40984052,-0.07145648,-0.21439211,-0.326163,-0.15205869,-0.62320125,-0.358927,0.10192056,0.047333676,0.085882924,-0.4452489,0.053978533,0.39362082,0.059750564,-0.25467637,1.1566476,0.25033057,0.4631182,0.04425213,-0.30525523,0.12063815,0.54718167,-0.7419864,0.15651338,-0.25842035,-0.17794079,0.73844135,0.81021816,0.13489068,-0.30840868,-0.0030003649,0.0678207,-0.13859516,0.19722664,-0.17297998,0.035742555,0.58134717,-0.6845852,0.7926814,0.17266119,0.19045028,0.34826797,-0.15453835,-0.01008402,0.17831814,0.85232264,0.37207532,-0.47561577,0.22035691,0.39084384,0.09422003,0.15851381,0.025631633,-0.68782437,0.06614349,-0.4663627,-0.5557266,-0.032364026,-0.50081694,0.15155467,-0.24631135,0.16327417,0.3253779,-0.21208291,-0.5943987,0.1797769,-0.9922249,-0.079292595,-0.47127983,-0.3587489,1.139058,-0.7238736,-0.10883377,0.015453705,0.22245918,-0.18998513,1.2930906,0.22454207,0.565507,-0.49967703,-0.10949815,0.51065326,-0.09728079,-0.34309602,-0.60219526,0.10080785,0.79865533,0.48205304,-0.3641677,0.20842007,0.34693122,0.40152922,0.02018859,1.1205449,0.65849954,-0.49438596,-0.45493293,-0.3897803,0.18345211,-0.5878936,0.5866765,-0.51356834,1.0073667,-0.11136479,0.5262901,-0.28992498,-0.11836171,0.60529274,0.36732972,-0.15426129,0.2062195,-0.3044163,0.05528828,0.19099522,-0.05477916,0.06990908,0.05533865,0.1909427,-0.3981855,0.40397963,-0.013929079,-0.033324,0.027937792,0.49339637,-0.22450936,-0.17627247,-0.389657,0.07439752,0.01929003,0.6501381,-0.41375816,0.5443388
LJI308,-0.508981,0.123885,-0.6559112,0.06848438,-0.28931186,-0.37679347,-0.43385398,0.16665365,0.6443063,0.4901329,0.410573,0.10766408,0.65466803,0.39347145,0.16035682,-0.0592329,0.75067097,-0.26579553,-0.05055757,-0.19370173,-0.25967497,-0.46125227,0.18187845,-0.292222,0.22384043,-0.1284532,-0.05032066,0.15380326,0.06830852,-0.4616201,0.2664304,0.17399763,0.22345248,-0.15825316,-0.28017664,-0.49447834,0.07600642,0.3131248,-0.41923124,0.22768629,0.062980205,-0.32290465,0.48443893,-0.38999245,-0.46473926,-0.070490666,-0.119766384,0.47426277,0.5726304,-0.47303468,0.49387643,-0.26782468,0.06667542,-0.55322844,0.19068544,0.48510075,-0.1401011,0.45867333,-0.42555758,0.24180025,0.49917194,-0.3751507,-0.1650528,-0.40016952,1.0468721,-0.15647219,-0.071301326,0.012045019,0.602683,-0.040188506,0.076185614,-0.5849051,-0.06638121,-0.029396202,-0.23147103,-0.2653372,0.016950592,-0.012218666,-0.52078253,-0.53495526,0.056091484,-0.092371024,-0.38834694,-0.17083338,-0.1708022,-0.2706272,0.2199312,-0.5649505,-0.23068495,0.43949306,0.14071018,0.15217228,-0.50687,-0.26472962,0.14198416,-0.23861969,0.23373193,0.51378924,0.42714006,0.062120523,0.24504212,-0.004163062,-0.50305146,0.2002133,-0.30467248,-0.49223647,-0.27206945,0.8515595,-0.13097103,-0.42831242,0.39272296,-0.18853982,-0.26821378,0.34361613,-0.24059582,0.23945343,0.54268324,0.1413673,-0.17453223,-0.84429353,0.22254936,0.091464885,-0.35300204,0.123970576,0.3886081,-0.067840666,-0.2029239,-0.30244344,-0.13258234,-0.5763791,-0.3345848,0.08814949,0.03610724,0.080053635,-0.4188495,0.047536,0.37528378,0.05873161,-0.24671738,1.0927953,0.23863862,0.43874547,0.037769325,-0.27292266,0.11065689,0.5123021,-0.7050935,0.147001,-0.2476805,-0.1661991,0.7049776,0.7735993,0.14230657,-0.2804542,-0.018054452,0.05960584,-0.1421977,0.20203201,-0.15883227,0.030423211,0.5464404,-0.64555573,0.7486061,0.1730081,0.18632998,0.33986607,-0.14471318,-0.020993574,0.17100821,0.7826721,0.34636685,-0.44720638,0.19550192,0.3613682,0.08429869,0.14706239,0.027216602,-0.64048576,0.051955126,-0.42804033,-0.5200554,-0.030004056,-0.4743768,0.1539152,-0.22422932,0.15969524,0.3102852,-0.19843653,-0.5672696,0.16189079,-0.9356502,-0.0780591,-0.44004515,-0.3281494,1.0691767,-0.6739295,-0.0926386,0.033186562,0.20681532,-0.18542787,1.225933,0.22811659,0.52414405,-0.46863878,-0.09321689,0.4884957,-0.08924733,-0.32277763,-0.5435528,0.10511034,0.7473815,0.4410895,-0.33444995,0.18899554,0.3344082,0.3872719,0.009241389,1.0555698,0.6148594,-0.46204868,-0.43024653,-0.36747506,0.17121154,-0.5639899,0.5681183,-0.48251823,0.9556475,-0.111319214,0.48927248,-0.2546396,-0.11815555,0.55751216,0.35920805,-0.13332973,0.19330765,-0.3005836,0.037935216,0.1763586,-0.05654969,0.06528617,0.047797356,0.18087257,-0.3706529,0.37939477,-0.004499834,-0.03770217,0.037799306,0.46689942,-0.2001064,-0.17032918,-0.36464655,0.07104124,0.012574229,0.61738056,-0.38729203,0.52453583
AZ6102,-0.49841464,0.13207872,-0.6475315,0.07064821,-0.28227416,-0.3642065,-0.42729244,0.16098261,0.6277498,0.47392997,0.40270948,0.100278184,0.6435363,0.38614517,0.15931338,-0.061323877,0.7335288,-0.25475162,-0.053888585,-0.18585199,-0.2510954,-0.45163965,0.17175546,-0.2873411,0.22602347,-0.12954372,-0.043134566,0.15033665,0.05902499,-0.44693452,0.26730195,0.16742672,0.21897261,-0.1533558,-0.26936892,-0.4961759,0.08164401,0.30778834,-0.40919268,0.22088507,0.06419214,-0.3176663,0.4795433,-0.37996224,-0.4583168,-0.0698635,-0.124275975,0.45717716,0.55769455,-0.46018344,0.48840544,-0.26708043,0.074531406,-0.5413113,0.18338516,0.4803657,-0.12579836,0.4604218,-0.41607836,0.23485376,0.48850244,-0.3775324,-0.16428243,-0.3868937,1.0313431,-0.15724881,-0.07322362,0.007535325,0.58645564,-0.039198402,0.07327366,-0.5694696,-0.06824748,-0.016184146,-0.23218372,-0.26386133,0.015341111,-0.013776703,-0.5036549,-0.52178687,0.046063658,-0.09440395,-0.38040242,-0.1662139,-0.16807248,-0.25885764,0.21161516,-0.545691,-0.2264767,0.4309938,0.14213419,0.15709709,-0.49970797,-0.25672352,0.13312839,-0.23632132,0.226569,0.5066177,0.41601127,0.063811794,0.23824261,-0.007334946,-0.490759,0.19987024,-0.29591426,-0.47683144,-0.26421764,0.8297206,-0.1290267,-0.41349408,0.38278198,-0.18060623,-0.2614406,0.3363769,-0.2357282,0.23929107,0.5322177,0.13646314,-0.16374914,-0.82308507,0.21591952,0.084517844,-0.33179227,0.12074629,0.38011092,-0.066588305,-0.19972874,-0.29271328,-0.12417942,-0.5579459,-0.32486284,0.0807537,0.030865187,0.077330366,-0.40909106,0.043699287,0.36977354,0.058140002,-0.2468457,1.0684487,0.23400757,0.42987555,0.035075642,-0.2575977,0.10653905,0.49791202,-0.6912406,0.142855,-0.24411486,-0.15995684,0.6938702,0.7610848,0.14816637,-0.26757562,-0.026673578,0.05734064,-0.14633606,0.20674382,-0.15276685,0.027618082,0.5318941,-0.63227475,0.73292994,0.17520902,0.18532036,0.33871126,-0.14071113,-0.027092153,0.16808034,0.7539355,0.33644333,-0.4359447,0.18522075,0.34850097,0.08088321,0.14213149,0.03096729,-0.62202525,0.04413136,-0.41048378,-0.50512195,-0.03123704,-0.4639916,0.15660335,-0.21593569,0.15951815,0.30348292,-0.19408733,-0.5585865,0.15372124,-0.915215,-0.0773226,-0.42800984,-0.3155292,1.0425013,-0.65486336,-0.08547435,0.04069761,0.19947872,-0.18485044,1.2028178,0.23195702,0.5070681,-0.45551363,-0.08525375,0.48151097,-0.084974766,-0.31323305,-0.51747763,0.107492976,0.7286336,0.423252,-0.32244858,0.18144003,0.33097744,0.38301706,0.0025594146,1.0308988,0.59675545,-0.44851807,-0.41974136,-0.358523,0.16833891,-0.55724823,0.5642165,-0.47139695,0.9378237,-0.11406961,0.47426426,-0.23860657,-0.11863357,0.5371957,0.35839835,-0.123625435,0.18712437,-0.30153483,0.030162077,0.17079413,-0.0572173,0.0636762,0.04348039,0.1766846,-0.35962248,0.36974722,-6.2769774e-05,-0.039028976,0.044706464,0.45791867,-0.18886052,-0.1680045,-0.35527197,0.06859735,0.010427281,0.6068887,-0.37784868,0.51850945
GSK591,-0.5020166,0.12410738,-0.62602484,0.06338955,-0.2911225,-0.3834085,-0.41760162,0.1805947,0.64295906,0.46608534,0.4146684,0.11084441,0.64895195,0.3850145,0.16092654,-0.06074253,0.735898,-0.26326373,-0.07269032,-0.18877117,-0.24956179,-0.4511477,0.17009218,-0.2733377,0.23824547,-0.12271524,-0.043805987,0.14800216,0.055744354,-0.43554488,0.26658836,0.16339375,0.2127278,-0.14963081,-0.27277836,-0.5048859,0.06171057,0.31363958,-0.42771813,0.2216234,0.046861794,-0.32945403,0.50295836,-0.39977786,-0.46912652,-0.075352915,-0.13275944,0.4710644,0.5626078,-0.46372193,0.50942886,-0.2438703,0.072505794,-0.5254971,0.20252891,0.4925023,-0.11880117,0.449912,-0.39897755,0.22433574,0.50545436,-0.37838498,-0.16037314,-0.39268762,1.0161875,-0.16086936,-0.060724627,0.0028227998,0.58058226,-0.046441145,0.082294405,-0.58182937,-0.087714516,-0.02446012,-0.24496779,-0.2660456,0.02320909,-0.0022964352,-0.519486,-0.5374409,0.030394772,-0.08594091,-0.36286616,-0.17815779,-0.15822814,-0.2623161,0.22027515,-0.57082975,-0.22901535,0.43005213,0.15798934,0.15360272,-0.4932094,-0.25649372,0.13945748,-0.2376877,0.221478,0.4918518,0.4070774,0.06686858,0.24882337,-0.015246473,-0.48718247,0.22476469,-0.2948177,-0.49698082,-0.25359514,0.81311244,-0.13306752,-0.4103965,0.3691127,-0.17431132,-0.25083795,0.33875394,-0.25088233,0.24234064,0.51809156,0.13059047,-0.17352328,-0.84404945,0.21920857,0.08291147,-0.345834,0.13725443,0.38939172,-0.09165161,-0.20369542,-0.30636555,-0.12639831,-0.5850134,-0.32866505,0.0782156,0.035527974,0.07725284,-0.41307664,0.021006286,0.37886125,0.04468193,-0.25162002,1.0629905,0.23135383,0.44511256,0.046340946,-0.25918898,0.10735918,0.4761986,-0.68001384,0.13907051,-0.2407475,-0.15758441,0.68849355,0.74165714,0.13710934,-0.2640372,-0.018630212,0.058295008,-0.15574552,0.20930825,-0.14668238,0.019276738,0.53427416,-0.6434979,0.7445859,0.19922252,0.1870492,0.3369549,-0.13503444,-0.007922826,0.16236162,0.7705364,0.3293562,-0.43301162,0.21604796,0.34738603,0.0802619,0.13184567,0.03522075,-0.6254472,0.044976376,-0.42076334,-0.50760376,-0.042881716,-0.46573782,0.14588115,-0.23194352,0.1507227,0.3022048,-0.1924165,-0.55485046,0.12934992,-0.9095956,-0.06846301,-0.42814538,-0.3204351,1.035647,-0.67253435,-0.07721954,0.008834366,0.17504169,-0.20301498,1.2023896,0.21090317,0.49859333,-0.45155263,-0.082643844,0.49198863,-0.10031588,-0.3083035,-0.5183193,0.10175021,0.7408599,0.4234942,-0.34521294,0.18507305,0.3183362,0.37139028,-0.017001115,1.0296466,0.60034627,-0.47044024,-0.42691207,-0.35287192,0.17603119,-0.5629741,0.5671351,-0.46894902,0.93445164,-0.13095354,0.47802186,-0.2636326,-0.106421486,0.54528606,0.34754872,-0.12921394,0.19187531,-0.3099298,0.047005314,0.16662724,-0.05037681,0.070736274,0.05293623,0.17832518,-0.35382017,0.37009737,-0.018069234,-0.032512344,0.0628028,0.45388958,-0.19489905,-0.18607466,-0.3655645,0.076129235,0.008082977,0.61948997,-0.38138583,0.5246387
VE821,-0.5369343,0.111297384,-0.68047047,0.06820959,-0.30707088,-0.40702868,-0.44906318,0.18389693,0.6875506,0.5285952,0.43146855,0.12167415,0.6844165,0.40936947,0.16515924,-0.054444082,0.7940146,-0.28793415,-0.047145136,-0.21184595,-0.2796442,-0.48495483,0.20486273,-0.30405924,0.22323012,-0.12842847,-0.061528854,0.16111559,0.0861165,-0.49432707,0.27258652,0.18914159,0.23802112,-0.17104861,-0.30430847,-0.49868304,0.06686981,0.32610124,-0.44462675,0.24302737,0.06065527,-0.33962822,0.50081813,-0.4164985,-0.4829075,-0.07354459,-0.114852235,0.5114009,0.60619074,-0.503683,0.51281166,-0.27436087,0.05540407,-0.5811429,0.20566991,0.50260264,-0.17015569,0.46028674,-0.44691056,0.25728253,0.5246787,-0.3787748,-0.17036197,-0.43058392,1.0930996,-0.1584955,-0.06792051,0.018080708,0.6417465,-0.04293644,0.079376414,-0.6205083,-0.06274108,-0.054172777,-0.23516454,-0.27300534,0.019638816,-0.011005605,-0.56081325,-0.5691313,0.076666094,-0.088139184,-0.40935075,-0.182496,-0.17850883,-0.29618576,0.24299142,-0.60903174,-0.23999116,0.46151355,0.13970768,0.1460209,-0.5263476,-0.28143653,0.15783116,-0.24760294,0.25234863,0.5324011,0.45113242,0.060951915,0.26617053,0.00010575191,-0.5321963,0.20359339,-0.32571837,-0.5288002,-0.29149717,0.9036251,-0.13935986,-0.46402612,0.41934094,-0.20149562,-0.28161037,0.36068434,-0.2530935,0.24303578,0.569754,0.15032178,-0.19568284,-0.8962661,0.24111311,0.10507018,-0.39699322,0.13196047,0.4088883,-0.06949143,-0.2128908,-0.32575116,-0.1505154,-0.62117004,-0.3568093,0.10278012,0.046603814,0.085283644,-0.44504812,0.054736096,0.3913674,0.060052965,-0.25436634,1.1536969,0.24991271,0.4616561,0.0421349,-0.30613938,0.11958059,0.54767895,-0.73929554,0.15639807,-0.25614125,-0.1786422,0.73678523,0.8086344,0.1345561,-0.30857384,-0.001118016,0.06562872,-0.13661483,0.19592497,-0.17264834,0.03610729,0.5808569,-0.6800299,0.78931767,0.17221501,0.18935095,0.34674487,-0.15508972,-0.011778249,0.1792705,0.8491668,0.37177068,-0.4732648,0.21906039,0.39157453,0.09380681,0.1582056,0.022855459,-0.6843179,0.06434663,-0.46428484,-0.5555964,-0.031074626,-0.49890554,0.150057,-0.24513529,0.16194868,0.32492095,-0.21155974,-0.59241873,0.17991784,-0.99002767,-0.080032274,-0.4695765,-0.35764307,1.1356595,-0.7193744,-0.10943706,0.017226825,0.22269545,-0.18931805,1.2871718,0.22292313,0.56325394,-0.4972343,-0.1103134,0.5088104,-0.095545374,-0.3440766,-0.6019168,0.100297876,0.79736066,0.48125565,-0.36303928,0.20719378,0.34732416,0.40068907,0.020328922,1.1159072,0.65676475,-0.4945594,-0.45249322,-0.38790494,0.18155406,-0.58368343,0.5840898,-0.51192164,1.0036985,-0.10983217,0.52388674,-0.2871066,-0.119115755,0.60427547,0.36572966,-0.15359566,0.20632403,-0.3029222,0.053322144,0.19071911,-0.053886935,0.0708508,0.05376698,0.18921399,-0.39709917,0.40253383,-0.012850661,-0.033648357,0.026442358,0.49267113,-0.22397019,-0.17530157,-0.38833487,0.074182585,0.01867845,0.6476298,-0.4131827,0.54172134
POMHEX,-0.5463832,0.09479185,-0.6156515,0.04863996,-0.33465555,-0.45916182,-0.4213314,0.2436031,0.7302087,0.49906984,0.46370152,0.15276481,0.6983556,0.4101663,0.16779248,-0.058654517,0.7970499,-0.30846244,-0.108691536,-0.21354988,-0.27878028,-0.4835561,0.19457622,-0.2631541,0.26260787,-0.10755648,-0.06098752,0.15418088,0.06966678,-0.45470324,0.2761192,0.17280911,0.22050603,-0.16056694,-0.30966237,-0.530223,0.015999908,0.34209102,-0.49585646,0.24551079,0.015589743,-0.37447056,0.56745416,-0.46874633,-0.5127015,-0.091164015,-0.14780341,0.547495,0.61706907,-0.5077794,0.57719105,-0.20455699,0.05527403,-0.5305087,0.25786415,0.5408589,-0.14300928,0.44060782,-0.39709726,0.2292711,0.574514,-0.3825442,-0.15321986,-0.43954465,1.0508981,-0.1754693,-0.032181133,0.0020099946,0.62275654,-0.065761484,0.10982133,-0.65794647,-0.115950085,-0.074096255,-0.27513272,-0.27888197,0.039869845,0.01956585,-0.60332453,-0.61259145,0.02305175,-0.06679498,-0.3533389,-0.21649611,-0.14776324,-0.30825084,0.26158127,-0.67831564,-0.24337688,0.46177885,0.18779266,0.14092204,-0.5070427,-0.27384552,0.16901164,-0.25548583,0.22911596,0.4901522,0.4187441,0.0703143,0.29258043,-0.0228679,-0.51905143,0.27760127,-0.3200656,-0.58052903,-0.260233,0.84423316,-0.15006934,-0.44716233,0.37550014,-0.18301506,-0.25019965,0.36812764,-0.2967656,0.25587422,0.52504563,0.13347411,-0.21500708,-0.9591699,0.2497619,0.09552686,-0.42493147,0.18084586,0.43879327,-0.14495905,-0.2247379,-0.36449313,-0.14945129,-0.69762915,-0.36588046,0.09415766,0.05908716,0.08360561,-0.45544624,-0.016381262,0.42193624,0.023462366,-0.27028757,1.1340469,0.24588345,0.5090577,0.072714135,-0.30458087,0.118077055,0.48384827,-0.70026076,0.14107394,-0.24618638,-0.17274906,0.7188545,0.7482958,0.10489135,-0.2896921,0.019630188,0.06583349,-0.16460384,0.21033989,-0.15125181,0.009199403,0.58725446,-0.70903,0.82092154,0.24613261,0.19762945,0.34645054,-0.13490804,0.036677986,0.16587988,0.8877597,0.34392568,-0.4599791,0.30284423,0.38477418,0.0926432,0.124348596,0.03169581,-0.6836219,0.05736086,-0.48948815,-0.5628117,-0.062415957,-0.5020812,0.11966444,-0.2872112,0.13788727,0.32370278,-0.20532386,-0.5803917,0.10515885,-0.96995646,-0.05836563,-0.46623918,-0.36655334,1.1094226,-0.7627012,-0.08165077,-0.0712794,0.14951484,-0.24566035,1.2829858,0.16584866,0.5335729,-0.47916126,-0.09772007,0.54385084,-0.13790932,-0.33196455,-0.5922602,0.08286322,0.8283297,0.47277135,-0.42546847,0.21443793,0.31388706,0.37173894,-0.041566916,1.1060194,0.6635928,-0.562092,-0.4718605,-0.3689299,0.20169806,-0.59803075,0.59677714,-0.50522393,0.98880154,-0.1643189,0.527342,-0.3503367,-0.079010904,0.6240035,0.3364505,-0.16301307,0.21828999,-0.3375662,0.10008538,0.17869188,-0.032431576,0.09217868,0.08126595,0.19119623,-0.37600777,0.40183762,-0.06107937,-0.012312491,0.08601787,0.48034486,-0.23906855,-0.23065495,-0.4186907,0.09787877,0.009560161,0.68799496,-0.42094854,0.566223
5-azacytidine,-0.52892125,0.1076094,-0.64079005,0.058824405,-0.31132162,-0.4177189,-0.429597,0.20143329,0.6875241,0.49830896,0.43791407,0.12884319,0.6770396,0.40188622,0.16488382,-0.057331465,0.77695537,-0.28871685,-0.07515898,-0.20566101,-0.26791936,-0.47387618,0.18908134,-0.2792039,0.2402323,-0.11970822,-0.0570043,0.15509363,0.071093194,-0.46302783,0.26923245,0.1764478,0.22196554,-0.15968572,-0.2965401,-0.51154524,0.045215365,0.32778287,-0.4573604,0.23685116,0.038587764,-0.34751227,0.5265049,-0.43085435,-0.4907185,-0.07935232,-0.13079375,0.5116607,0.59713507,-0.49317646,0.5342575,-0.24030301,0.05867053,-0.5465546,0.22479032,0.5121567,-0.14352277,0.4485635,-0.41478506,0.23547526,0.5370635,-0.3797883,-0.16251266,-0.4240191,1.0523865,-0.16332483,-0.052500375,0.008223759,0.61390156,-0.052002467,0.09153395,-0.6203836,-0.09204942,-0.051375095,-0.2523048,-0.27276748,0.028980872,0.0038090001,-0.5627846,-0.5739599,0.043521278,-0.07958017,-0.37561426,-0.19274127,-0.16120246,-0.28827035,0.2416907,-0.622506,-0.23886941,0.45028448,0.16251947,0.14546841,-0.50935847,-0.27367282,0.15939425,-0.24603428,0.2350738,0.5041246,0.42736995,0.06618983,0.2699697,-0.013008915,-0.5131426,0.23720068,-0.3137694,-0.53839326,-0.26747087,0.8558522,-0.140396,-0.44193757,0.3869639,-0.18727103,-0.26202175,0.35653335,-0.26882187,0.24731249,0.5376128,0.13808416,-0.19717036,-0.9000445,0.23591112,0.09502421,-0.39219213,0.15154298,0.41296655,-0.10366279,-0.21445365,-0.33268338,-0.14370362,-0.63662297,-0.35148636,0.09176793,0.04812334,0.08243587,-0.43787462,0.019029424,0.39770502,0.04114997,-0.25795662,1.1183698,0.24218144,0.47344276,0.055889666,-0.29037917,0.11581958,0.50134957,-0.70861566,0.14568675,-0.24907936,-0.16948776,0.71471065,0.76603556,0.12473534,-0.28822097,-0.0004432008,0.064416826,-0.15366465,0.20476043,-0.15702292,0.021254523,0.568316,-0.6791924,0.7865806,0.20614329,0.1916098,0.3429638,-0.14162405,0.009141292,0.16817823,0.8389582,0.349121,-0.4568967,0.24825694,0.37385365,0.088719234,0.13837835,0.03170365,-0.6670546,0.058795936,-0.46062967,-0.54231685,-0.046457034,-0.48972186,0.13893497,-0.2553043,0.14959875,0.31753793,-0.20197903,-0.5762059,0.1371486,-0.9569523,-0.06719801,-0.45570886,-0.34926704,1.0958096,-0.72224355,-0.08808979,-0.01709322,0.18197195,-0.21339148,1.2592394,0.19896027,0.53348756,-0.47730312,-0.09722561,0.51495415,-0.11408078,-0.3271328,-0.57179254,0.09570101,0.7888716,0.4605286,-0.38001028,0.20347607,0.32440808,0.37954164,-0.012503197,1.0861301,0.64147913,-0.5087511,-0.45249733,-0.37126994,0.18658584,-0.5843744,0.582667,-0.4950667,0.976997,-0.13523893,0.51234066,-0.3044242,-0.10161983,0.59193975,0.34981728,-0.15005772,0.20575295,-0.31557205,0.068814464,0.17811969,-0.04678061,0.07668797,0.06408327,0.18738566,-0.3759971,0.39305598,-0.032474186,-0.026494602,0.05797382,0.47503775,-0.22028697,-0.19798285,-0.39063466,0.0837811,0.012648719,0.6524867,-0.40523762,0.5443397
A-366,-0.5050698,0.12653303,-0.61381537,0.060856003,-0.29841292,-0.39573762,-0.4139186,0.1955954,0.6546678,0.45617715,0.4221407,0.116290934,0.65481424,0.38865483,0.1622801,-0.06518866,0.73837596,-0.26734123,-0.091879874,-0.18680145,-0.24707468,-0.45303664,0.16271955,-0.26274934,0.2502292,-0.11979059,-0.04040882,0.14708328,0.044811968,-0.42359433,0.26984742,0.15813462,0.20819592,-0.14868854,-0.27270934,-0.5217373,0.052487273,0.3167355,-0.4391977,0.22050309,0.036674064,-0.33736464,0.5239231,-0.4116331,-0.48044515,-0.08167984,-0.14732315,0.47680643,0.56496894,-0.46279013,0.5321562,-0.23042518,0.07816218,-0.5135568,0.21491997,0.5063793,-0.10400323,0.45560932,-0.38663134,0.21717876,0.5199688,-0.38634118,-0.15698124,-0.39236572,1.0124654,-0.1671201,-0.055159155,-0.0028458089,0.574181,-0.053474184,0.091582365,-0.59016925,-0.10335358,-0.022048132,-0.25885704,-0.26964423,0.027387738,0.0034754544,-0.52848464,-0.54910624,0.014012733,-0.084246576,-0.35133597,-0.18713135,-0.15125632,-0.26301536,0.22324216,-0.58715147,-0.23055446,0.4332151,0.17320281,0.15616085,-0.49239638,-0.25421092,0.14042985,-0.2419651,0.21334712,0.48549458,0.39966393,0.06985659,0.2549005,-0.022487605,-0.484961,0.24724413,-0.2924244,-0.5069689,-0.24588113,0.7986453,-0.13540386,-0.40469167,0.35832465,-0.16760355,-0.24560387,0.34131226,-0.26267508,0.24954802,0.5081288,0.12554465,-0.17378236,-0.85929877,0.21813458,0.07718055,-0.34383067,0.14984418,0.3975837,-0.11141693,-0.20806588,-0.31357664,-0.122680634,-0.602756,-0.3303863,0.07206205,0.03670467,0.07667051,-0.4156333,0.0001964147,0.3916827,0.03544348,-0.2594004,1.0608863,0.2325496,0.45874238,0.05376197,-0.25128856,0.1048575,0.4604768,-0.67079157,0.13534075,-0.24066083,-0.15335067,0.6869642,0.72992903,0.1344438,-0.25452995,-0.019447092,0.05876163,-0.1672139,0.21970938,-0.14008473,0.010960176,0.5350721,-0.6526554,0.75452465,0.22059761,0.1913081,0.3406013,-0.12887959,0.00019885211,0.15859936,0.7746358,0.32001615,-0.43016124,0.23341249,0.3429941,0.07974694,0.12108628,0.040257663,-0.6242257,0.037710764,-0.42371342,-0.5072556,-0.05235374,-0.46824977,0.14247791,-0.23864369,0.14945108,0.3028084,-0.19178273,-0.55561614,0.10756969,-0.90576524,-0.06486096,-0.42657793,-0.32053038,1.029248,-0.68489295,-0.06635899,-0.0074798106,0.15490796,-0.21838053,1.2093321,0.20359065,0.49088407,-0.44652268,-0.07565484,0.5037742,-0.11086609,-0.30402622,-0.5077333,0.100799374,0.7477781,0.4158276,-0.35758218,0.18526392,0.31370598,0.3682724,-0.036682148,1.0295948,0.6009343,-0.4851524,-0.43288612,-0.34821388,0.18366598,-0.5727535,0.57719964,-0.46845424,0.9355201,-0.1482035,0.47862497,-0.2728693,-0.097592436,0.5468421,0.34747458,-0.12764852,0.19391109,-0.32407722,0.05562879,0.16282995,-0.046054576,0.0737556,0.058000837,0.17881332,-0.3467865,0.371359,-0.027484102,-0.028773367,0.0842172,0.45258114,-0.19523294,-0.20169409,-0.37378836,0.07951868,0.006027468,0.6330376,-0.38157392,0.5360117
CPI-637,-0.50143933,0.13369238,-0.6533498,0.07166288,-0.28311193,-0.36468858,-0.43163025,0.16042095,0.6301731,0.47805223,0.40294236,0.1008772,0.647278,0.38991585,0.15986677,-0.061910406,0.7382757,-0.2558866,-0.05279709,-0.18648636,-0.25312218,-0.4550763,0.17398427,-0.29051232,0.22519986,-0.13058738,-0.04418139,0.15159126,0.059893135,-0.45054758,0.26805606,0.16831505,0.2208029,-0.15587257,-0.27103755,-0.4981982,0.08454515,0.30846417,-0.408827,0.22260869,0.067381606,-0.31688985,0.4798435,-0.378831,-0.4589466,-0.06980352,-0.12514542,0.4593958,0.5615823,-0.46152744,0.48913947,-0.2708075,0.07573806,-0.5467951,0.18259974,0.4815239,-0.12738416,0.46582434,-0.42086312,0.23877989,0.49071184,-0.3786032,-0.16421701,-0.3880186,1.0398597,-0.15806386,-0.0757946,0.008410059,0.5919821,-0.038544256,0.074044034,-0.57281995,-0.06455889,-0.01616864,-0.23109812,-0.2644457,0.014668528,-0.015423726,-0.5054476,-0.5239102,0.049237214,-0.09684245,-0.38515493,-0.1661396,-0.17028376,-0.261474,0.21130636,-0.5466551,-0.22806667,0.43579546,0.14123753,0.15797867,-0.5041172,-0.25856614,0.132572,-0.23774388,0.22713959,0.513157,0.4200246,0.062688224,0.23757078,-0.0053228056,-0.49542466,0.1980423,-0.29753196,-0.4776478,-0.26811343,0.8369311,-0.12838033,-0.41590694,0.38706756,-0.18326302,-0.26529512,0.3385601,-0.23518828,0.2402772,0.53769696,0.13868922,-0.16346434,-0.82724833,0.21664828,0.08590188,-0.33244115,0.11950857,0.3818198,-0.06394492,-0.20028943,-0.2933966,-0.12453024,-0.5585485,-0.32702568,0.08147388,0.030191513,0.07804384,-0.410866,0.046959955,0.3718459,0.060832158,-0.24710712,1.0768199,0.23644987,0.43028504,0.034251574,-0.2589673,0.10652922,0.50445646,-0.6962539,0.14407705,-0.24597982,-0.1612454,0.6978879,0.76804495,0.14997056,-0.26965797,-0.026818123,0.057333414,-0.14516908,0.20733565,-0.1548787,0.028857147,0.53470117,-0.63454854,0.7368328,0.17271236,0.18632191,0.34121057,-0.14116903,-0.029551528,0.16990362,0.75696295,0.33837378,-0.43938902,0.18231931,0.35131842,0.08154095,0.14334406,0.029361611,-0.62550086,0.04313663,-0.41232166,-0.5079378,-0.02916707,-0.46741065,0.15822555,-0.2151089,0.16232188,0.30653423,-0.19571497,-0.56193113,0.1573712,-0.9210521,-0.07982259,-0.4307974,-0.3176229,1.0495136,-0.6577074,-0.08726296,0.045003656,0.20330547,-0.18305692,1.2117416,0.23667048,0.51166534,-0.4588069,-0.08604103,0.48401007,-0.08407731,-0.31637275,-0.5213625,0.109039955,0.73242337,0.42540002,-0.32109487,0.18219906,0.33500794,0.38786468,0.005050177,1.0381414,0.6002893,-0.449481,-0.42144257,-0.36092585,0.16885039,-0.55978066,0.5681055,-0.4745423,0.94397295,-0.11214974,0.4771162,-0.2365658,-0.12014008,0.54126185,0.3617055,-0.123684615,0.18776724,-0.30341917,0.028291505,0.17243,-0.057904962,0.062469807,0.043440178,0.1784408,-0.36234418,0.37186643,0.0016070104,-0.040858213,0.04298194,0.46224064,-0.18990487,-0.16736318,-0.35688,0.067728765,0.010593227,0.60894203,-0.37924132,0.52140504
UNC0379,-0.50552773,0.11969897,-0.6193762,0.06046444,-0.29686326,-0.39340183,-0.41581577,0.19020838,0.6529861,0.4654454,0.42000473,0.11730831,0.65193504,0.38828093,0.16158125,-0.06050357,0.74079,-0.2683019,-0.080585815,-0.18981229,-0.2515071,-0.45407823,0.17055437,-0.26834437,0.24212983,-0.11904255,-0.046379294,0.14811133,0.05498708,-0.43276697,0.26681277,0.16215119,0.21093918,-0.15049866,-0.27600735,-0.5091508,0.053599093,0.31541583,-0.43626624,0.22362159,0.041222617,-0.3347003,0.51254964,-0.4092493,-0.47447607,-0.07775506,-0.13752073,0.47901428,0.568741,-0.4655837,0.5191563,-0.23479794,0.0711273,-0.5210539,0.21067685,0.49906152,-0.11785296,0.4485456,-0.39508104,0.22313036,0.51571923,-0.37782317,-0.15650417,-0.39634383,1.0149176,-0.16332671,-0.055951815,0.000990853,0.5813769,-0.049365126,0.08838528,-0.59083784,-0.09264352,-0.030043444,-0.24992846,-0.26633427,0.02599767,0.0020992772,-0.5294072,-0.54760975,0.026362706,-0.08319401,-0.3574126,-0.18312559,-0.15449955,-0.2677366,0.2232092,-0.5847384,-0.22943777,0.43362817,0.16329534,0.15174334,-0.49281636,-0.25797525,0.14317472,-0.2392219,0.21784312,0.48916495,0.4049648,0.06723183,0.25332683,-0.01666057,-0.48794225,0.23487166,-0.29563138,-0.507134,-0.25142005,0.80973417,-0.13423909,-0.41115314,0.36533532,-0.17436193,-0.2496471,0.34179237,-0.25835264,0.2443784,0.51401097,0.13022418,-0.1776431,-0.85836875,0.22156037,0.08339704,-0.3542881,0.14527585,0.39565986,-0.10192599,-0.2057592,-0.31376538,-0.12727672,-0.60005116,-0.33254766,0.078590155,0.038272776,0.07735639,-0.41617998,0.011976977,0.38512412,0.040895417,-0.25463402,1.06673,0.23246837,0.4541643,0.051462777,-0.26193535,0.106921084,0.47245938,-0.6768253,0.13724557,-0.240748,-0.15872307,0.68765867,0.7362449,0.13181037,-0.26401907,-0.0137876915,0.05890329,-0.15810397,0.21064243,-0.14501934,0.016263852,0.53862476,-0.6504996,0.75246906,0.20766576,0.18819919,0.337675,-0.1321779,-0.00086990074,0.16223535,0.782729,0.32782727,-0.4338279,0.2285366,0.3495158,0.08144811,0.12750839,0.03549734,-0.62852967,0.044890776,-0.42783868,-0.5124881,-0.047125,-0.4688496,0.14178652,-0.23893036,0.14778976,0.30391952,-0.19179586,-0.5552126,0.12128382,-0.91150796,-0.06610257,-0.4310564,-0.32423207,1.038525,-0.68285626,-0.07550681,-0.004550212,0.16688022,-0.21075295,1.2082362,0.20331743,0.49939185,-0.45130405,-0.083023876,0.4989705,-0.1067935,-0.30893812,-0.5222344,0.09901119,0.7493443,0.42503875,-0.35573217,0.1880277,0.31537834,0.36886945,-0.02301412,1.0348595,0.6060726,-0.48214516,-0.43147483,-0.35214928,0.17815524,-0.56613564,0.57117724,-0.47157866,0.93615335,-0.13745384,0.48167285,-0.2751607,-0.09948603,0.5532808,0.34473237,-0.13158694,0.19454533,-0.31579152,0.055853214,0.16708095,-0.0477987,0.07226551,0.059096698,0.18004566,-0.35256454,0.37273258,-0.025553884,-0.029039327,0.06938111,0.4550758,-0.19953488,-0.19349386,-0.37144345,0.07992392,0.008138961,0.62794477,-0.38423193,0.5308977
AZD6482,-0.50735164,0.122423664,-0.6409468,0.06630453,-0.2905216,-0.38153592,-0.42518222,0.17508481,0.64607364,0.479846,0.4137595,0.110666946,0.6519157,0.38924584,0.1617463,-0.0583549,0.74538624,-0.26512143,-0.062957756,-0.19173236,-0.25488245,-0.4571756,0.17801322,-0.2813501,0.23001125,-0.12508863,-0.04845442,0.15104035,0.062584,-0.448256,0.26598322,0.16945209,0.21784335,-0.15522534,-0.2779721,-0.50090873,0.06745488,0.31266385,-0.42427117,0.22574009,0.054141443,-0.3264713,0.49704066,-0.39749032,-0.4673272,-0.07220068,-0.12806183,0.47541866,0.5705898,-0.46857974,0.5034107,-0.25482544,0.07034314,-0.54003537,0.19845675,0.48967177,-0.13013034,0.4535202,-0.41335276,0.23314981,0.5057676,-0.37679133,-0.16202779,-0.39840233,1.0336053,-0.15939887,-0.06489137,0.0063148933,0.59316593,-0.043199338,0.080149055,-0.58530945,-0.075995825,-0.027847683,-0.23858514,-0.2659085,0.021584157,-0.0066105067,-0.52272373,-0.53867537,0.04424863,-0.08925403,-0.37639874,-0.17483021,-0.16476656,-0.2683132,0.22062722,-0.5707069,-0.23043552,0.43721688,0.14945951,0.15226747,-0.50081897,-0.26271838,0.14098565,-0.23829551,0.22730128,0.5041865,0.4174662,0.06434348,0.24876437,-0.009137066,-0.49633935,0.2135454,-0.29970637,-0.49829084,-0.26349252,0.8335351,-0.1325831,-0.42035854,0.38163894,-0.18143691,-0.25983018,0.34277454,-0.24769814,0.24137808,0.5316358,0.13655992,-0.17487237,-0.84799945,0.22259955,0.088392146,-0.35249355,0.1325252,0.39017445,-0.07963588,-0.2040142,-0.30706602,-0.1301077,-0.5843108,-0.3331503,0.08296434,0.03632257,0.07796759,-0.41640434,0.034016144,0.3778558,0.05223826,-0.25032628,1.0817578,0.23545247,0.44365245,0.04371884,-0.2674898,0.10857517,0.49569082,-0.69347894,0.14182259,-0.24485679,-0.1622255,0.69676083,0.75891274,0.13991506,-0.2730624,-0.016893174,0.059383843,-0.1490304,0.20463961,-0.15335721,0.024758762,0.5412319,-0.6455851,0.7500706,0.18608001,0.1863883,0.33953837,-0.1385589,-0.012694606,0.16735564,0.78089446,0.33872476,-0.44166422,0.20747451,0.3552867,0.083443426,0.13900028,0.031487383,-0.6346988,0.047928292,-0.425065,-0.5154221,-0.037202656,-0.470368,0.1496571,-0.22929975,0.15483828,0.30762702,-0.19505428,-0.56060505,0.14462835,-0.92476314,-0.07273976,-0.43642774,-0.32633618,1.0555551,-0.6772864,-0.08508143,0.018684464,0.19041608,-0.19445546,1.2175086,0.21917655,0.512876,-0.45921913,-0.08854537,0.49291107,-0.09587508,-0.31557924,-0.53366476,0.10375044,0.7484146,0.43357763,-0.3418313,0.18929927,0.32651463,0.38006845,-0.0038569705,1.0457191,0.60868835,-0.46844372,-0.42794052,-0.36025494,0.17439154,-0.564821,0.5699632,-0.47670048,0.9467906,-0.12182904,0.48566234,-0.2608298,-0.11087597,0.55523914,0.3522857,-0.13236843,0.1922562,-0.30656803,0.043881405,0.17232949,-0.052736558,0.06716034,0.052212723,0.18166797,-0.3627694,0.37540388,-0.013674638,-0.035065845,0.049975045,0.4632623,-0.1990692,-0.17821167,-0.36602646,0.073766656,0.010937932,0.6205753,-0.38641867,0.52542293
AT13148,-0.5227341,0.11766706,-0.67481047,0.070069894,-0.29616427,-0.38637036,-0.444845,0.1701094,0.6634654,0.5149598,0.41801646,0.112322636,0.66866803,0.40000543,0.16186395,-0.05620021,0.7736174,-0.2758622,-0.041184183,-0.20372209,-0.27123773,-0.47279695,0.19661683,-0.30399755,0.21818347,-0.13068964,-0.055963967,0.1598239,0.08077416,-0.48517987,0.26905394,0.18449801,0.2350306,-0.16604257,-0.29312107,-0.49119693,0.0763872,0.31836173,-0.42674083,0.23606023,0.067394964,-0.32760286,0.48296115,-0.39683285,-0.4706313,-0.07064792,-0.111175865,0.49020213,0.5875079,-0.4893564,0.49519145,-0.27978614,0.059607092,-0.57328486,0.19376668,0.48756275,-0.16109675,0.4598403,-0.44200534,0.25317395,0.50473696,-0.3753106,-0.17035042,-0.41604632,1.0743355,-0.15561672,-0.07376068,0.017783826,0.62538326,-0.03939579,0.07362713,-0.59888995,-0.058669254,-0.042893093,-0.22741586,-0.26827106,0.015346507,-0.01634364,-0.53628415,-0.54717827,0.07485055,-0.09169244,-0.40581903,-0.17263058,-0.17829987,-0.28309914,0.23152465,-0.5806547,-0.23397064,0.45013115,0.13349073,0.14864594,-0.51773566,-0.2733311,0.1491784,-0.24289942,0.24725324,0.5272122,0.44326,0.059132483,0.25313497,0.0014031201,-0.5208793,0.19338451,-0.31641096,-0.5046721,-0.2875007,0.88580567,-0.1338337,-0.4508185,0.41289523,-0.19796848,-0.27831295,0.35092112,-0.2399743,0.23841849,0.5628743,0.14752723,-0.18414415,-0.8635656,0.23161969,0.09955785,-0.37406617,0.12210917,0.39492807,-0.06019498,-0.20740819,-0.3097483,-0.14368807,-0.5911294,-0.34538347,0.098099045,0.04158024,0.0838852,-0.43143016,0.060685597,0.38022602,0.063732825,-0.24793912,1.1262978,0.24488163,0.4441938,0.036059618,-0.29190394,0.11628136,0.5388497,-0.7271337,0.15417726,-0.25266626,-0.17384115,0.72352606,0.79829764,0.1397285,-0.2982938,-0.010635268,0.06376707,-0.13421871,0.19594277,-0.16927761,0.036698107,0.56368566,-0.6615986,0.7652998,0.16233769,0.18652047,0.34216487,-0.1530111,-0.022086646,0.17615157,0.8151133,0.36301324,-0.4624282,0.19885787,0.3786762,0.0901,0.15817282,0.023591662,-0.6648612,0.060434494,-0.44570014,-0.53818387,-0.026852475,-0.4870304,0.15432237,-0.23181729,0.16405596,0.31656823,-0.2077355,-0.582237,0.18293117,-0.967041,-0.08226264,-0.45602,-0.34357864,1.1078247,-0.6922729,-0.10709782,0.032874852,0.2248206,-0.17975983,1.2583132,0.23093008,0.5492495,-0.48723572,-0.103858635,0.4937301,-0.086591974,-0.33582667,-0.5779124,0.1023161,0.7702361,0.46550944,-0.34233832,0.19825287,0.34490588,0.3976385,0.023860151,1.0885222,0.63676447,-0.47159478,-0.44015655,-0.38084552,0.17538339,-0.57122636,0.5729155,-0.5003189,0.98245203,-0.10392323,0.50689644,-0.2659916,-0.12225118,0.58063024,0.3650821,-0.1439988,0.19870216,-0.29656646,0.042263076,0.18610412,-0.05659877,0.06681573,0.04730392,0.1840333,-0.3886019,0.39163116,-0.0028957443,-0.03641379,0.024084918,0.48129562,-0.21258622,-0.16583076,-0.37508705,0.06935929,0.017728085,0.62825274,-0.40008995,0.5295821
BMS-754807,-0.5106163,0.13232201,-0.65465903,0.06974467,-0.29132724,-0.37931812,-0.43303472,0.17089061,0.6469352,0.4811615,0.41624904,0.1052317,0.66014564,0.39358112,0.16377272,-0.06230928,0.7506927,-0.2641369,-0.06176541,-0.19164145,-0.25427544,-0.46131578,0.1740015,-0.28785008,0.23526569,-0.13076654,-0.043804657,0.1524821,0.05836391,-0.45268962,0.27249002,0.17040506,0.22075915,-0.15482226,-0.27658087,-0.51103,0.07512543,0.31682384,-0.42549375,0.22502232,0.05782343,-0.32873887,0.5002423,-0.39656383,-0.47392026,-0.07341665,-0.12991428,0.47184646,0.57139236,-0.47237968,0.5079975,-0.2651702,0.075282544,-0.54735327,0.19530705,0.4957373,-0.12480912,0.46660492,-0.41834065,0.23472407,0.5056882,-0.38774174,-0.16840422,-0.39841828,1.0481342,-0.16098219,-0.07034804,0.0060353517,0.5960794,-0.043076288,0.077481925,-0.5852319,-0.079169534,-0.018051252,-0.2426755,-0.2711577,0.01907368,-0.009577341,-0.52055544,-0.5387735,0.04126419,-0.093162276,-0.38335973,-0.17457703,-0.16846573,-0.26409936,0.22042689,-0.5672642,-0.23330264,0.43908584,0.15203379,0.15909149,-0.5087767,-0.26333666,0.13969487,-0.24145447,0.23079579,0.51193196,0.42248702,0.0669247,0.24836686,-0.0113336705,-0.50010824,0.21450843,-0.30212143,-0.4952357,-0.26533228,0.84293437,-0.13352896,-0.42223528,0.38590193,-0.18113984,-0.26318145,0.34445375,-0.24722038,0.24588804,0.53867877,0.13681784,-0.17185573,-0.84724426,0.22097829,0.08512455,-0.34395096,0.12961169,0.3911799,-0.07766319,-0.20602123,-0.30344135,-0.12853447,-0.5799134,-0.33318478,0.08056836,0.033120178,0.079267085,-0.41961327,0.035761874,0.3816686,0.05318898,-0.25431553,1.0898201,0.2375008,0.44483447,0.040412396,-0.26275894,0.10982455,0.49973062,-0.7032514,0.14516428,-0.24868149,-0.16119471,0.7076152,0.7709146,0.1480513,-0.27198243,-0.025661137,0.05983212,-0.15450655,0.21261412,-0.1540333,0.024869937,0.54386425,-0.6512066,0.7538185,0.18842778,0.18995473,0.34523374,-0.14204574,-0.019587329,0.16830227,0.7764154,0.34162563,-0.44484946,0.20128922,0.35477152,0.08221615,0.1415401,0.03530966,-0.6382369,0.04636591,-0.42308724,-0.51599586,-0.03719545,-0.47487423,0.1566996,-0.22632541,0.1599987,0.30928364,-0.19790776,-0.57001543,0.1470554,-0.93327093,-0.07465865,-0.43737045,-0.3243252,1.063138,-0.67745376,-0.08319252,0.029933572,0.19410141,-0.19546004,1.230026,0.22970219,0.51533103,-0.4644705,-0.08599639,0.49532998,-0.09334048,-0.31691518,-0.5284604,0.1086955,0.7487097,0.43240288,-0.33812192,0.18676458,0.33282351,0.3863082,-0.0054223947,1.0532264,0.61077607,-0.4649276,-0.4319483,-0.3645301,0.1759075,-0.5735699,0.57767624,-0.4800865,0.95827127,-0.12315952,0.48703334,-0.25366288,-0.11821033,0.5506687,0.36308697,-0.12896837,0.19292463,-0.31023937,0.036959384,0.17227916,-0.056551173,0.06709553,0.047378503,0.18109174,-0.365275,0.37829947,-0.0070139724,-0.038136657,0.052972566,0.46598873,-0.19429518,-0.17864355,-0.3665374,0.07223765,0.010128242,0.6245663,-0.3871224,0.5316957
JQ1,-0.53823364,0.11436737,-0.6684112,0.065439895,-0.31224886,-0.41416076,-0.44468728,0.19317193,0.6931868,0.5152816,0.4392482,0.12462636,0.6879892,0.4096966,0.1670953,-0.05823468,0.7930038,-0.2900894,-0.06418288,-0.20912746,-0.27346784,-0.4836317,0.1954841,-0.29355314,0.23522347,-0.12741649,-0.05790734,0.16074629,0.075192235,-0.48194665,0.2737612,0.1841829,0.23110823,-0.16632514,-0.30140802,-0.51704776,0.05762808,0.33007145,-0.45447186,0.24104685,0.04972974,-0.3458833,0.52303046,-0.42701736,-0.4947721,-0.0778272,-0.12706883,0.514234,0.60604614,-0.5021581,0.5326772,-0.26165032,0.061176237,-0.5691809,0.2192907,0.51359946,-0.15127864,0.4640901,-0.4345358,0.24645299,0.5374178,-0.38764784,-0.17033945,-0.43130198,1.084515,-0.16308792,-0.062620826,0.012279969,0.63052994,-0.04897757,0.0870857,-0.6241661,-0.08227037,-0.047637645,-0.24862893,-0.277801,0.02517413,-0.004391582,-0.5643772,-0.5757627,0.0571481,-0.08668868,-0.3973115,-0.18874648,-0.1720039,-0.29162613,0.24303173,-0.62027407,-0.24239507,0.4599526,0.15560381,0.15006466,-0.5244067,-0.2805242,0.159703,-0.25005546,0.2445076,0.5243329,0.4434815,0.06481022,0.26956928,-0.008109995,-0.52833825,0.22646032,-0.32111895,-0.53727347,-0.28132212,0.8866018,-0.1405449,-0.4558686,0.4058559,-0.19491817,-0.27503002,0.36207783,-0.26370564,0.2497907,0.55983895,0.14441676,-0.1961685,-0.90420216,0.23810072,0.098285876,-0.39228863,0.14412896,0.4147036,-0.08879059,-0.21705633,-0.33059594,-0.1472826,-0.63289607,-0.35739288,0.09480007,0.04677201,0.08441702,-0.44453466,0.035123307,0.40077356,0.050537452,-0.25968498,1.1464496,0.2490129,0.4724951,0.050485175,-0.29545823,0.1187608,0.5266627,-0.73178685,0.15198101,-0.2572537,-0.17302158,0.73372227,0.79565495,0.13431272,-0.29735133,-0.005918538,0.066952236,-0.1507505,0.20643333,-0.16523859,0.027853172,0.577916,-0.6876607,0.7968691,0.19314745,0.19415444,0.35096344,-0.14863369,-0.0021213312,0.17403027,0.84767735,0.3615432,-0.46987498,0.23392422,0.38255078,0.091873534,0.14855398,0.031347264,-0.6818179,0.0602347,-0.46429855,-0.551191,-0.040258158,-0.49931705,0.14884713,-0.25058386,0.15997149,0.32478058,-0.20869695,-0.5912325,0.15710391,-0.98207444,-0.07426812,-0.46608067,-0.35489452,1.1253202,-0.72898316,-0.09592007,0.0024674197,0.20265177,-0.204164,1.288935,0.21754867,0.55229926,-0.4912895,-0.101269834,0.5185761,-0.10675477,-0.33640197,-0.58585,0.101296246,0.7984485,0.47132447,-0.3731709,0.20646061,0.33942035,0.39578006,0.0006638448,1.1119932,0.6529338,-0.5037487,-0.45732298,-0.38351014,0.1882928,-0.5945156,0.59286916,-0.50758153,1.0020287,-0.12659213,0.5227547,-0.29555517,-0.11203951,0.60017025,0.36462188,-0.151329,0.2064942,-0.3154209,0.060034994,0.18491146,-0.051779725,0.07319346,0.05877411,0.1907221,-0.38906538,0.40152782,-0.021995008,-0.031204004,0.047068734,0.4884685,-0.22152689,-0.18979153,-0.39279404,0.07890539,0.0155541375,0.6577151,-0.41180047,0.55085385
PFI-1,-0.5460701,0.10959133,-0.6712504,0.064461835,-0.31739113,-0.4251455,-0.44673774,0.2015915,0.7064635,0.5249916,0.44569746,0.13084732,0.6955648,0.41419575,0.1691757,-0.05554087,0.8041211,-0.2955512,-0.06612983,-0.21380442,-0.2802306,-0.49027804,0.20328207,-0.29488865,0.23704578,-0.12503825,-0.061672654,0.16127764,0.08067892,-0.48695335,0.27657002,0.1861465,0.23452468,-0.17029305,-0.3083929,-0.5171688,0.053906143,0.33333513,-0.46302906,0.24609847,0.048555594,-0.35239705,0.52881247,-0.43658397,-0.4976996,-0.07849658,-0.12824652,0.5260158,0.61704654,-0.5088071,0.538258,-0.25905454,0.058955584,-0.5739954,0.2230543,0.52015024,-0.16048741,0.4622546,-0.43827757,0.25122228,0.54643315,-0.38660327,-0.1680163,-0.43792152,1.0954739,-0.16568686,-0.05940953,0.011794603,0.64208245,-0.049125016,0.08923491,-0.6369764,-0.07901086,-0.056681853,-0.25029042,-0.2786793,0.026406875,-0.0023458693,-0.5777477,-0.58816224,0.06107803,-0.08453349,-0.39919487,-0.19339724,-0.17238748,-0.30121335,0.24921636,-0.634022,-0.24439567,0.46806514,0.1557358,0.14780061,-0.52831095,-0.28427267,0.16212894,-0.2527108,0.24738652,0.52860445,0.44718874,0.06454513,0.27653542,-0.006686166,-0.5345412,0.22841765,-0.3263156,-0.5498995,-0.285462,0.89675164,-0.1438,-0.4630252,0.41132388,-0.19773442,-0.2765771,0.36723527,-0.26914403,0.25071087,0.56452143,0.14697416,-0.20183074,-0.9234109,0.24567647,0.10322699,-0.40721658,0.1480073,0.4217048,-0.09086243,-0.21889411,-0.3401886,-0.15078117,-0.64874643,-0.36346507,0.09927327,0.049415145,0.08492339,-0.45193574,0.034919705,0.40472436,0.050968718,-0.2634147,1.1623195,0.2515093,0.4802235,0.05241346,-0.30630466,0.119470656,0.53501505,-0.7374396,0.15273696,-0.25755206,-0.17774104,0.74010795,0.802347,0.13070884,-0.30507356,0.0023756104,0.06679555,-0.14841248,0.20373327,-0.16813946,0.028535314,0.58767796,-0.69589496,0.80856276,0.19564836,0.19413666,0.352623,-0.1496625,0.0015843265,0.17777473,0.86748606,0.36780357,-0.47545663,0.24353285,0.39223322,0.09428651,0.14938165,0.02788159,-0.6913001,0.06147347,-0.4739828,-0.56234956,-0.041615393,-0.5052675,0.14544554,-0.2587244,0.15797108,0.3285997,-0.21119428,-0.5957653,0.15894479,-0.9951413,-0.0742858,-0.4744165,-0.36346138,1.1406978,-0.7409076,-0.101129256,-0.005896952,0.20333226,-0.20771265,1.302822,0.21236944,0.56029195,-0.4962649,-0.10659653,0.526172,-0.10891429,-0.34249994,-0.6023268,0.09892431,0.8153581,0.4817842,-0.38344648,0.21188349,0.34237424,0.397933,0.002078762,1.1265659,0.6645112,-0.51708376,-0.46185353,-0.38651034,0.18962342,-0.5969462,0.59784657,-0.51522785,1.0119076,-0.12753934,0.53085446,-0.30584583,-0.1094228,0.61569506,0.36301303,-0.15635131,0.21067987,-0.31813544,0.06579587,0.18907994,-0.049379796,0.07562619,0.062596776,0.19386859,-0.39443585,0.40665993,-0.027028553,-0.029404992,0.045004163,0.49632832,-0.22918157,-0.1923228,-0.40004864,0.081120186,0.016439067,0.6671137,-0.42003724,0.55586314
IOX2,-0.5067952,0.11806941,-0.6463922,0.067141935,-0.28900173,-0.3795813,-0.42688566,0.17095073,0.6447271,0.48861265,0.4100065,0.11021907,0.6499573,0.38878542,0.15948357,-0.056144178,0.74696004,-0.26616445,-0.052754775,-0.19453074,-0.25881973,-0.45775175,0.18403903,-0.286466,0.22171839,-0.12511998,-0.05188895,0.15177692,0.0701566,-0.45772335,0.26324958,0.1738562,0.22144005,-0.15800732,-0.28096616,-0.48927614,0.06927337,0.31049436,-0.4202725,0.22690307,0.05813775,-0.3231817,0.48461962,-0.3930961,-0.46187454,-0.07059192,-0.11886777,0.47645897,0.57098365,-0.4717216,0.4933006,-0.2603601,0.06415058,-0.5468044,0.19364716,0.48265967,-0.14261614,0.44887134,-0.4200031,0.23855351,0.4995327,-0.37032893,-0.16273005,-0.40075207,1.0367482,-0.15496786,-0.06704274,0.011546516,0.5997373,-0.041236963,0.07654654,-0.58397454,-0.06705762,-0.034649607,-0.23083414,-0.26335233,0.019419458,-0.009655899,-0.52300435,-0.53572476,0.05674023,-0.08879321,-0.38360342,-0.17194088,-0.16828194,-0.2719739,0.22265412,-0.5681379,-0.22878665,0.4364823,0.1407604,0.14808339,-0.50112826,-0.26378983,0.14302054,-0.23629618,0.23266211,0.50645137,0.42294458,0.06206028,0.24782535,-0.0047861547,-0.49976915,0.20149037,-0.30344158,-0.49543664,-0.2693243,0.84435654,-0.13204786,-0.4278593,0.38954204,-0.18591656,-0.26401252,0.34201828,-0.24229455,0.23665954,0.5368151,0.13991068,-0.17738003,-0.8446376,0.22396302,0.092664406,-0.35871014,0.12696506,0.38751382,-0.07028273,-0.2020402,-0.30541977,-0.13423917,-0.5809393,-0.3342841,0.088413514,0.0381223,0.07875021,-0.4175622,0.044407707,0.37333977,0.056300707,-0.24566309,1.0860835,0.23624462,0.438748,0.040218823,-0.27556762,0.11075222,0.50743437,-0.6979701,0.14512037,-0.24490523,-0.16517292,0.6986049,0.76467884,0.13722041,-0.28082183,-0.012720206,0.059888765,-0.14052166,0.19726641,-0.15784177,0.029957643,0.5441514,-0.64302534,0.747113,0.17400661,0.18359134,0.33599764,-0.14312975,-0.015283121,0.16906765,0.78601336,0.34485784,-0.44468594,0.20224199,0.36130396,0.08543098,0.14490074,0.027188014,-0.6390706,0.05279734,-0.42846185,-0.5188356,-0.032064836,-0.4707859,0.1489951,-0.22743464,0.15569118,0.30812722,-0.1970466,-0.5613294,0.15793659,-0.9305612,-0.07525759,-0.439189,-0.32945108,1.0637119,-0.6753492,-0.09273792,0.023649646,0.2024207,-0.186049,1.2174834,0.21955277,0.5214994,-0.46447164,-0.09488095,0.48705053,-0.091459304,-0.32037693,-0.5469142,0.1016994,0.7483997,0.44149414,-0.33883664,0.19073954,0.32941297,0.3819326,0.0075463424,1.0499943,0.6129374,-0.46457407,-0.42699793,-0.36404467,0.1721563,-0.55945563,0.56320405,-0.4796503,0.9489716,-0.11213256,0.4887593,-0.26059866,-0.11394624,0.5595466,0.35199052,-0.13644034,0.19307311,-0.29769337,0.042932764,0.17586406,-0.053384386,0.06650459,0.050032023,0.18055168,-0.36860353,0.37711528,-0.010033659,-0.034924384,0.037830405,0.4647865,-0.20224462,-0.1711816,-0.3645554,0.07155008,0.013306158,0.61528057,-0.3877412,0.52005494
CHIR-99021,-0.53640085,0.11170535,-0.6836829,0.06846843,-0.30628723,-0.40340027,-0.45144153,0.1797467,0.68554974,0.52901757,0.43050346,0.12021503,0.68376124,0.4089219,0.16508175,-0.05441289,0.7947508,-0.28788733,-0.044029076,-0.21144244,-0.2780956,-0.48472118,0.20476818,-0.30591252,0.22073223,-0.13028839,-0.061873943,0.16327931,0.08634748,-0.497348,0.2710333,0.19020489,0.23833615,-0.1705356,-0.30385384,-0.49918094,0.06817008,0.32580546,-0.4419125,0.24276023,0.0625327,-0.3369699,0.49851277,-0.41354087,-0.48347166,-0.07280023,-0.11236508,0.509465,0.60543555,-0.5039848,0.510339,-0.2786814,0.055311102,-0.5841311,0.20598893,0.49925858,-0.16923483,0.46188068,-0.44942254,0.2572592,0.5226242,-0.37930387,-0.17257796,-0.4318691,1.0936817,-0.1570735,-0.0706365,0.019224491,0.64041847,-0.042018645,0.07857498,-0.6174761,-0.063138664,-0.052841306,-0.23321813,-0.27330855,0.019155895,-0.012667253,-0.5571376,-0.56637627,0.078975305,-0.08942674,-0.4127856,-0.17978458,-0.18024705,-0.29435703,0.2416647,-0.60605204,-0.23986834,0.46075994,0.13793494,0.14655526,-0.52718574,-0.2830979,0.15911658,-0.24719758,0.25288442,0.5346619,0.45345804,0.05980413,0.26369458,0.0013040924,-0.53381443,0.2027938,-0.3252931,-0.52614695,-0.29327497,0.90661544,-0.13731547,-0.46561083,0.420902,-0.20342594,-0.2841652,0.36039057,-0.25015733,0.24231654,0.5729623,0.15095825,-0.1953948,-0.8915169,0.23879178,0.10501822,-0.3953528,0.13033867,0.40715316,-0.06714266,-0.21293269,-0.3228394,-0.15147623,-0.6166127,-0.35720214,0.10234487,0.04635577,0.086234555,-0.443353,0.058249567,0.39080918,0.061705876,-0.25271794,1.1543784,0.24976161,0.45879793,0.042050738,-0.3047027,0.12028161,0.5491873,-0.7420781,0.15726973,-0.25801033,-0.17837068,0.7376427,0.8113143,0.1360025,-0.30863813,-0.004026141,0.067069426,-0.13618118,0.1958734,-0.17354856,0.037112996,0.5795446,-0.6809349,0.7878687,0.16799973,0.18947224,0.34696552,-0.15542337,-0.013273597,0.17863041,0.84745044,0.3724189,-0.47473067,0.2147572,0.3902958,0.09375512,0.16021018,0.024011936,-0.6856859,0.06643995,-0.46397853,-0.5540136,-0.030068744,-0.49938568,0.15264145,-0.24337614,0.16435578,0.32455322,-0.21207206,-0.593594,0.18393722,-0.99034256,-0.080525935,-0.4698301,-0.35730195,1.1369959,-0.7183373,-0.1103018,0.020925779,0.22622965,-0.18623832,1.2892332,0.22709472,0.56524986,-0.49993122,-0.109717995,0.50676,-0.09429702,-0.34332547,-0.60096025,0.10129628,0.79438245,0.481437,-0.35932523,0.20697238,0.3479468,0.40200734,0.023728533,1.1178752,0.65653855,-0.48946875,-0.45315325,-0.3897766,0.18152678,-0.5848348,0.58394456,-0.5125998,1.0049958,-0.10770446,0.5241997,-0.2855126,-0.12038183,0.6023698,0.36799604,-0.15308738,0.20535472,-0.3017225,0.05232443,0.19102052,-0.055907805,0.06881432,0.053500265,0.19001897,-0.39829457,0.40301055,-0.010820885,-0.034497567,0.024402691,0.49243432,-0.2229556,-0.17279315,-0.38707435,0.07286614,0.019378813,0.6457915,-0.4119858,0.5414622
SGC0946,-0.54571664,0.10826582,-0.6559286,0.05990837,-0.32362744,-0.43337792,-0.441629,0.21466014,0.7132317,0.51548845,0.4500925,0.13513166,0.69658095,0.41277924,0.16738077,-0.05699704,0.8037516,-0.2988724,-0.07831093,-0.21268725,-0.2771052,-0.4868115,0.19947937,-0.28822303,0.24551117,-0.12150912,-0.059025683,0.16214631,0.0751117,-0.4803706,0.2773475,0.1800057,0.23406322,-0.16742209,-0.30597344,-0.5227539,0.045311444,0.33639663,-0.46999747,0.24391016,0.041296452,-0.3561489,0.53507304,-0.44063607,-0.5033871,-0.085422754,-0.13266517,0.5262415,0.6120564,-0.50627875,0.5477006,-0.25016093,0.060758848,-0.56222886,0.23108795,0.5230442,-0.15146601,0.4607927,-0.42392588,0.243951,0.54912275,-0.38870823,-0.16606912,-0.4364017,1.082549,-0.16846618,-0.05706934,0.007653665,0.6328371,-0.053743053,0.093711436,-0.63835233,-0.09223732,-0.058210503,-0.25666493,-0.27810806,0.026685908,1.8861563e-05,-0.57826215,-0.5936743,0.05144473,-0.080281004,-0.388343,-0.19792694,-0.16623014,-0.29922014,0.25350922,-0.64241683,-0.24199192,0.46382365,0.16495529,0.14813927,-0.52271104,-0.2788482,0.16312468,-0.25611848,0.24190977,0.5183421,0.43944597,0.06385595,0.2783193,-0.010569559,-0.5312768,0.2450314,-0.3222763,-0.5530429,-0.28107756,0.88136405,-0.14270903,-0.45929712,0.4035371,-0.19435908,-0.26978603,0.3646081,-0.2710278,0.25143054,0.55560565,0.14036313,-0.2028223,-0.92668235,0.2431794,0.09887247,-0.40532103,0.15495612,0.42377478,-0.10615591,-0.2221191,-0.34152764,-0.15104505,-0.6559675,-0.36326388,0.09664125,0.050093543,0.087330654,-0.4516902,0.02194674,0.412587,0.043775193,-0.2656986,1.1509092,0.24957903,0.48319826,0.05613985,-0.30170742,0.11991285,0.51946294,-0.725872,0.15149704,-0.2539032,-0.17525329,0.73511237,0.78874016,0.12417613,-0.29882786,0.003784658,0.06845176,-0.15216342,0.20798227,-0.16300753,0.023056153,0.58364826,-0.7023955,0.8078289,0.20748611,0.19536969,0.34961206,-0.14552276,0.005910466,0.17228612,0.86854446,0.35987628,-0.47000438,0.25657165,0.38892522,0.094398186,0.14369407,0.032082614,-0.6894103,0.058968544,-0.47654027,-0.5588183,-0.049094945,-0.5056265,0.13953622,-0.26726338,0.15698402,0.32238346,-0.21303196,-0.5960576,0.1492035,-0.98712206,-0.07206533,-0.4704461,-0.3633306,1.1299332,-0.7426708,-0.09892496,-0.022387357,0.18888612,-0.21669178,1.3001478,0.20401914,0.5523836,-0.49484238,-0.10061755,0.5277933,-0.11311289,-0.33786324,-0.59594744,0.092287645,0.8154753,0.47674602,-0.3901675,0.21054187,0.33609897,0.39170367,-0.010103821,1.1212535,0.66489995,-0.5238253,-0.46594796,-0.38132873,0.19444649,-0.59793866,0.5983725,-0.5146061,1.0068352,-0.13785103,0.5272311,-0.3158885,-0.101572976,0.61408436,0.36038426,-0.15439576,0.21176259,-0.32506377,0.07581401,0.18584909,-0.046028357,0.07867347,0.06390362,0.1909413,-0.3898617,0.40438262,-0.032274503,-0.023972813,0.059452254,0.4908995,-0.23087278,-0.20186841,-0.40532175,0.08223148,0.0172409,0.67075604,-0.41746908,0.5587317
GSK2830371,-0.5400516,0.11012702,-0.6543827,0.059714694,-0.31956685,-0.42825603,-0.4392161,0.20684597,0.7044522,0.5084367,0.44795367,0.13154456,0.6929309,0.41058815,0.16745058,-0.059824128,0.7947606,-0.2968632,-0.07714983,-0.21064818,-0.2731176,-0.48404714,0.19184414,-0.2846445,0.24586728,-0.12308975,-0.05766553,0.15950459,0.07186747,-0.47434273,0.27514133,0.18060715,0.22680266,-0.16263162,-0.3032877,-0.52328473,0.04409126,0.3355636,-0.46889606,0.240969,0.03790153,-0.3560447,0.53779936,-0.44100937,-0.5042075,-0.082695484,-0.1322122,0.52245194,0.6085245,-0.506066,0.5480862,-0.24603336,0.05875785,-0.5574348,0.23228754,0.52384347,-0.14571726,0.45836604,-0.42192084,0.239553,0.5481289,-0.38879445,-0.16799323,-0.43465763,1.0735099,-0.16562238,-0.05425051,0.009643325,0.6252872,-0.054569744,0.09350115,-0.6331672,-0.0979863,-0.053240675,-0.25923198,-0.27988335,0.029109208,0.003506366,-0.5756172,-0.5868324,0.04433175,-0.07983612,-0.38366467,-0.19773829,-0.16466631,-0.29348028,0.2490677,-0.63825923,-0.24324133,0.4579142,0.1669597,0.14854516,-0.51990473,-0.2789462,0.16521683,-0.25133106,0.24084418,0.5129697,0.4366133,0.06755812,0.2765113,-0.014943388,-0.524683,0.24499172,-0.3214583,-0.54959,-0.27293518,0.8744756,-0.14343357,-0.45378697,0.39516723,-0.19090153,-0.26776415,0.36339244,-0.27430388,0.2526681,0.54848427,0.14035936,-0.2028745,-0.91867816,0.23907153,0.09588392,-0.40069735,0.1553379,0.4218462,-0.10857699,-0.21934189,-0.3386038,-0.14804484,-0.6517346,-0.3593966,0.093400285,0.0504714,0.08497351,-0.44821948,0.017626023,0.4078222,0.040014125,-0.26359046,1.141179,0.24720347,0.48442304,0.057549123,-0.2955347,0.11953807,0.5106872,-0.7235297,0.15040018,-0.25451553,-0.17178115,0.7313699,0.781118,0.12605236,-0.2942419,-0.001630729,0.0673435,-0.15821454,0.21082787,-0.16009842,0.021669539,0.5807989,-0.69700444,0.80363595,0.21190897,0.19601354,0.34934652,-0.14588366,0.010132006,0.1703491,0.8580867,0.35640964,-0.4670708,0.25570992,0.38173068,0.090482995,0.1412209,0.03388802,-0.6834887,0.061777018,-0.47264627,-0.55377775,-0.04868436,-0.5014438,0.14163049,-0.26175871,0.15403746,0.32327077,-0.20810746,-0.59056336,0.1400704,-0.97811013,-0.06779979,-0.46558076,-0.35684878,1.1199504,-0.73947036,-0.09008487,-0.018917138,0.18506725,-0.21846896,1.288321,0.20235607,0.5461357,-0.49045402,-0.09927236,0.52519333,-0.11714403,-0.33383113,-0.5842995,0.09713488,0.80464524,0.47099662,-0.38921705,0.20712098,0.33086836,0.38660195,-0.013238696,1.1106597,0.65687597,-0.51954055,-0.46507388,-0.3804003,0.1925594,-0.59834254,0.59394515,-0.5065498,0.99950147,-0.1392756,0.52482545,-0.3133412,-0.10375203,0.6034317,0.358697,-0.15447202,0.21117076,-0.3218297,0.07256155,0.18207957,-0.04777752,0.07895187,0.065003715,0.18989752,-0.38446778,0.40298164,-0.032715514,-0.025517926,0.061260592,0.4832663,-0.22459517,-0.2035036,-0.40033093,0.08478412,0.013247077,0.6673725,-0.41336188,0.55740994
glutathione,-0.55082977,0.0793209,-0.61068165,0.046370793,-0.34033212,-0.47094077,-0.41866428,0.25454855,0.7444545,0.5132953,0.46408764,0.1614777,0.6973184,0.40937215,0.16423984,-0.051941533,0.80674875,-0.3171411,-0.104025915,-0.22102833,-0.28642577,-0.48639432,0.20847483,-0.26284564,0.25131735,-0.10252857,-0.06890552,0.15649743,0.082482055,-0.46645036,0.27168107,0.17745198,0.22638121,-0.16807583,-0.3191703,-0.51374793,0.0060380152,0.33906323,-0.49931836,0.24958453,0.013738608,-0.3740511,0.5580974,-0.47361714,-0.5089637,-0.0925737,-0.13923171,0.5585722,0.6220397,-0.51311123,0.573069,-0.20259364,0.044070944,-0.53310025,0.26259965,0.53490525,-0.16356644,0.4267636,-0.39844757,0.23519365,0.57512456,-0.3696575,-0.15020955,-0.44878793,1.0512623,-0.17162418,-0.029486224,0.006402932,0.63242656,-0.06614973,0.11036185,-0.66531265,-0.106918335,-0.09584229,-0.26714998,-0.27384242,0.03871755,0.01788276,-0.6160549,-0.6223748,0.042461395,-0.059490878,-0.35841674,-0.21876125,-0.14838725,-0.32106572,0.2730813,-0.6933837,-0.2393682,0.4653173,0.17965728,0.12966523,-0.50407416,-0.27631575,0.17619747,-0.25547093,0.23388803,0.48756728,0.42245236,0.06380709,0.2997537,-0.016999293,-0.5268397,0.27252,-0.3252787,-0.59045076,-0.27017656,0.8560642,-0.15069343,-0.4627672,0.38608867,-0.18822041,-0.2531948,0.36753917,-0.29408038,0.24854979,0.5285294,0.13532585,-0.2247541,-0.9702795,0.25611058,0.10359094,-0.44761354,0.18184447,0.44043526,-0.14194903,-0.22550543,-0.37101886,-0.15992339,-0.712638,-0.37309545,0.104037344,0.06665981,0.085741326,-0.46205693,-0.010760991,0.42337975,0.02454767,-0.26800814,1.144084,0.24733064,0.5091937,0.074036494,-0.3220052,0.120371304,0.4978033,-0.7002698,0.14354542,-0.24341395,-0.17656195,0.7181188,0.7493063,0.09178513,-0.30284208,0.035848465,0.070410654,-0.15138873,0.19723175,-0.15771618,0.0138933435,0.59466547,-0.7147811,0.8257884,0.23520055,0.19233984,0.3386453,-0.13767162,0.04180274,0.16666089,0.9147808,0.3523247,-0.46532512,0.31314102,0.3982934,0.09886337,0.12800865,0.02700143,-0.6963042,0.06393294,-0.50424314,-0.5726251,-0.06262313,-0.5060266,0.10995714,-0.2966158,0.13624877,0.3224966,-0.21150884,-0.58160675,0.11921229,-0.9810464,-0.059295513,-0.47520584,-0.38013512,1.1258156,-0.7746562,-0.09687371,-0.08572473,0.1564654,-0.23990047,1.2915618,0.15475276,0.5493186,-0.4870808,-0.10927044,0.54182917,-0.1370707,-0.3379383,-0.62255,0.07261869,0.8422785,0.48922306,-0.43403825,0.22269364,0.3151599,0.3699996,-0.030039217,1.118504,0.67770183,-0.5703567,-0.47377443,-0.3719408,0.20469494,-0.59163624,0.5885727,-0.51453054,0.99372613,-0.15805611,0.5376331,-0.36657622,-0.07353972,0.6438197,0.33032408,-0.17351855,0.22120745,-0.32887426,0.11367011,0.18603437,-0.02763388,0.09286552,0.08348886,0.19063109,-0.38498196,0.4070167,-0.06623989,-0.0058970577,0.07500832,0.4854613,-0.25269204,-0.22614498,-0.42578706,0.09512702,0.01656737,0.69002354,-0.42712712,0.5612148
alpha-lipoic acid,-0.61689925,0.06861901,-0.6733492,0.04788064,-0.38442275,-0.53784543,-0.46234974,0.2937977,0.84299,0.5879861,0.5167696,0.19009948,0.773597,0.45520988,0.17930925,-0.049284786,0.9077681,-0.3627785,-0.108670406,-0.25473097,-0.327535,-0.544645,0.24747562,-0.29187116,0.26676795,-0.10654205,-0.08682997,0.17552342,0.10768747,-0.53205705,0.2958425,0.20360224,0.2577192,-0.19478065,-0.3670089,-0.55091184,-0.0056285653,0.3734704,-0.56024,0.28290334,0.012086582,-0.4158735,0.6105917,-0.53376913,-0.561506,-0.10345737,-0.14379014,0.6351016,0.70021987,-0.5769548,0.6309341,-0.22130883,0.03365308,-0.59587646,0.2966986,0.5883983,-0.20747204,0.4571005,-0.4454309,0.2686367,0.6411109,-0.39542642,-0.1621935,-0.5102494,1.1688662,-0.18561488,-0.028101815,0.012787736,0.7154558,-0.073544316,0.12367108,-0.7495666,-0.10830569,-0.13258632,-0.28710803,-0.2973846,0.043057982,0.020349689,-0.7011523,-0.7041994,0.06986777,-0.05828786,-0.4037716,-0.24606065,-0.16469347,-0.37270415,0.31594667,-0.7895084,-0.26305822,0.52176726,0.18958956,0.13009293,-0.55734456,-0.3120644,0.20614298,-0.28274974,0.2659521,0.5395867,0.4753085,0.06430105,0.3418406,-0.011505727,-0.5933318,0.29580364,-0.36873496,-0.6691084,-0.30999538,0.9668777,-0.16805,-0.5318846,0.44046238,-0.2162428,-0.28579798,0.40882817,-0.32623136,0.2673777,0.5903105,0.15380396,-0.26228818,-1.0931273,0.29270646,0.12530448,-0.52709764,0.20376275,0.49191484,-0.1547436,-0.25094226,-0.421342,-0.19013442,-0.8108353,-0.42305136,0.12800427,0.08277819,0.097661056,-0.52092177,-0.004841722,0.4712664,0.027968263,-0.29495934,1.2843333,0.27641004,0.5674767,0.08449682,-0.37992218,0.13635814,0.5698161,-0.7789523,0.16293299,-0.2683161,-0.20241725,0.7971379,0.8334829,0.085902594,-0.3535252,0.05943642,0.08239464,-0.15318872,0.20261769,-0.18277414,0.020880843,0.6712272,-0.80106765,0.9236918,0.24882396,0.2075776,0.36675528,-0.15671128,0.054183032,0.18690695,1.0499626,0.40240276,-0.5231629,0.36080956,0.45842966,0.11647544,0.14683704,0.023980694,-0.7885855,0.08067807,-0.5788587,-0.649164,-0.06949551,-0.5671901,0.11170435,-0.34084174,0.14746077,0.35734347,-0.2396663,-0.64748985,0.14779769,-1.1032814,-0.066376604,-0.53835624,-0.43795303,1.2705944,-0.87533325,-0.12409716,-0.11281886,0.18233667,-0.26082775,1.4437476,0.15771474,0.62914634,-0.55010086,-0.1358036,0.5990365,-0.1531681,-0.38298544,-0.7280922,0.06929284,0.9526296,0.56392425,-0.49427417,0.25781202,0.3501583,0.4080895,-0.01948727,1.2583665,0.76984763,-0.6436269,-0.5289671,-0.41716352,0.22882597,-0.6498759,0.64508206,-0.58263236,1.1094567,-0.16687138,0.60960996,-0.42851806,-0.0757415,0.7392769,0.35965112,-0.20589358,0.2500163,-0.35415685,0.14152215,0.21476758,-0.026037322,0.10394066,0.097652696,0.21202125,-0.43778694,0.45920065,-0.08083422,-0.0002022435,0.068849064,0.54513925,-0.29735625,-0.2465998,-0.48089936,0.10498055,0.026170924,0.7691471,-0.48208973,0.6177405
N-acetyl cysteine,-0.57541275,0.06287636,-0.62613255,0.044686522,-0.35910767,-0.50153226,-0.42977372,0.27544045,0.7870861,0.5481561,0.4812046,0.1777452,0.72051585,0.42328233,0.16588937,-0.045552455,0.84637964,-0.33881205,-0.101758935,-0.23743828,-0.30585214,-0.50702715,0.23263764,-0.27150247,0.24669556,-0.099530116,-0.08163475,0.16432232,0.10120739,-0.49698544,0.27533957,0.18945494,0.24097362,-0.18201348,-0.34152955,-0.51204175,-0.0054350076,0.34833285,-0.5209297,0.26377782,0.01149594,-0.3868718,0.5674721,-0.49632916,-0.5218691,-0.09702934,-0.13365826,0.59244955,0.6507335,-0.5381916,0.5880321,-0.20623955,0.031520166,-0.5557177,0.2773919,0.5463655,-0.19454035,0.42450032,-0.4149274,0.2501372,0.5969384,-0.36717302,-0.15152736,-0.47606954,1.0883973,-0.17294769,-0.026111882,0.012177587,0.6667905,-0.06884185,0.115137175,-0.6980448,-0.10012301,-0.12549391,-0.2670904,-0.2772334,0.039729945,0.017697768,-0.6532483,-0.6557646,0.066425025,-0.052963216,-0.3765033,-0.22901575,-0.15402964,-0.34823066,0.29588962,-0.73628014,-0.24421033,0.48595744,0.17643154,0.12082396,-0.51817006,-0.2895586,0.19142643,-0.26436874,0.24785705,0.5013586,0.44188276,0.058879144,0.31874797,-0.010577802,-0.5539669,0.27593255,-0.34329358,-0.6242944,-0.29097372,0.9003372,-0.1563712,-0.4971419,0.41161522,-0.20180054,-0.26567778,0.38064942,-0.30203408,0.2487416,0.5512842,0.14257486,-0.24457602,-1.0183928,0.27330062,0.117572404,-0.49139944,0.18967235,0.4587617,-0.14348647,-0.23436883,-0.39286107,-0.17803884,-0.7557548,-0.3949842,0.11969268,0.07779115,0.09143198,-0.4859387,-0.004043258,0.4395317,0.026646748,-0.2739123,1.196679,0.25769645,0.52765197,0.07874784,-0.35518265,0.1273584,0.5312826,-0.7256342,0.15122283,-0.24887757,-0.18850702,0.7424054,0.77672523,0.079480685,-0.32939515,0.057072856,0.07745781,-0.14095883,0.18763767,-0.17053175,0.019968396,0.6248964,-0.7460038,0.86063176,0.23063827,0.19304912,0.34120926,-0.14567105,0.05043005,0.1737931,0.9798809,0.37471324,-0.48789138,0.33674628,0.42805785,0.10974153,0.1372995,0.021268573,-0.73560315,0.07476705,-0.54005986,-0.6051767,-0.06413006,-0.52806985,0.10190568,-0.31851774,0.13823614,0.33358186,-0.22519176,-0.60273206,0.13945425,-1.0285081,-0.062011145,-0.50249785,-0.41012925,1.185237,-0.81596106,-0.117419936,-0.1061007,0.1705786,-0.24190228,1.3458811,0.14638583,0.5868071,-0.51326686,-0.12668748,0.5585707,-0.14176783,-0.35740143,-0.6808687,0.06305453,0.8887539,0.5265795,-0.46039358,0.24080834,0.3267671,0.38059536,-0.017795509,1.1728687,0.71821344,-0.60115373,-0.49292064,-0.38872176,0.2148132,-0.60466284,0.5994644,-0.54293597,1.0337279,-0.15581188,0.56876934,-0.39999384,-0.06963466,0.6906624,0.3336832,-0.19253716,0.2325675,-0.330223,0.13371783,0.20072481,-0.02315316,0.097216465,0.0898434,0.19717441,-0.40916553,0.42757946,-0.075610235,0.0010655569,0.063680336,0.50872993,-0.27810007,-0.22913821,-0.44889012,0.0964729,0.024775606,0.7167249,-0.45006782,0.57458544
