ModelID,0,1,2,3,4,5,6,7,8,9,10,11,12,13,14,15,16,17,18,19,20,21,22,23,24,25,26,27,28,29,30,31,32,33,34,35,36,37,38,39,40,41,42,43,44,45,46,47,48,49,50,51,52,53,54,55,56,57,58,59,60,61,62,63,64,65,66,67,68,69,70,71,72,73,74,75,76,77,78,79,80,81,82,83,84,85,86,87,88,89,90,91,92,93,94,95,96,97,98,99,100,101,102,103,104,105,106,107,108,109,110,111,112,113,114,115,116,117,118,119,120,121,122,123,124,125,126,127,128,129,130,131,132,133,134,135,136,137,138,139,140,141,142,143,144,145,146,147,148,149,150,151,152,153,154,155,156,157,158,159,160,161,162,163,164,165,166,167,168,169,170,171,172,173,174,175,176,177,178,179,180,181,182,183,184,185,186,187,188,189,190,191,192,193,194,195,196,197,198,199,200,201,202,203,204,205,206,207,208,209,210,211,212,213,214,215,216,217,218,219,220,221,222,223,224,225,226,227,228,229,230,231,232,233,234,235,236,237,238,239,240,241,242,243,244,245,246,247,248,249,250,251,252,253,254,255
ACH-000769,0.0,0.6282761,0.0,0.0,0.0,0.0,0.13419983,0.0,0.0,2.6951075,0.0,0.28867134,0.46901405,0.0,0.0,0.020050429,0.13457187,0.0,0.4924486,1.7495282,0.0,0.0,0.8217575,0.0,0.03340949,0.0,1.2726007,0.0,1.301557,0.18556389,0.0,0.0,0.0,0.0,0.0,0.36940446,1.5994592,1.3247197,0.69601583,0.0,1.3471402,0.3431811,0.0,0.0,0.0,0.0,0.0,0.06226645,0.0,0.6456674,0.0,0.0,0.0,1.0470133,0.0,0.0,1.1977181,0.0,0.0,0.0,0.0,1.3515879,1.5667483,0.0,0.0,0.0,0.0,0.0,0.0,0.46905538,0.0,0.0,0.0,0.1848809,0.41578504,0.2559507,0.0,0.0,0.0,0.36780545,0.2986056,0.0,0.44406387,1.5287292,0.0,0.0,0.0,0.76229066,0.73448324,1.8638613,0.0,0.0,1.1999112,0.0,0.0,0.0,0.0,0.0,0.66086876,0.0,0.0,0.0,0.97078055,0.10625189,0.8614455,0.88231474,0.0,1.4639125,0.0,0.0,0.6073909,0.0,0.8607002,0.0,0.092785604,0.0,1.1097817,0.0,1.1934745,0.0,0.9236952,0.0,0.0,0.08747728,0.57194805,1.848259,0.0,0.38250023,0.9678602,0.052092258,0.054693207,0.67653155,0.13771039,0.0,0.0,0.08979093,0.0,0.0,0.070816346,0.36475536,0.0912993,0.0,0.0,0.0,0.442945,0.0,0.0,0.0,2.1359663,0.33660072,0.0,0.25263447,0.0,0.0,0.0,0.0,1.2158571,0.8697233,0.0,1.1749775,0.25090817,0.0,0.2791035,0.3862613,0.23521157,0.0,0.0,0.8111665,0.80176276,0.0,0.16995247,0.0,0.0,0.0,1.0104553,0.0,0.0,0.0,0.7276926,0.0,0.0,0.9301106,1.0609179,0.0,0.40994504,1.3299264,0.11492167,0.0,0.29104766,0.14728363,0.13023786,0.07131904,0.1291322,0.42108333,0.0,0.42533258,0.0,0.0,1.1856786,0.0,0.0,0.0,0.0,0.7484661,1.2015156,2.1425676,0.47755063,0.7096171,0.0,0.0,0.0,0.0,0.0,0.0,0.0,0.0,0.0,1.4719961,0.45976686,0.0,1.3130592,0.0,1.2862577,0.0,0.63263965,0.056369428,0.8200396,0.497618,0.91869515,0.7889213,1.3608677,0.115887344,0.0,1.5539894,0.5582714,0.0,0.6184475,0.0,0.34847352,0.6664055,0.0,0.4049985,0.0,0.0,2.7272856,0.49289662,0.0,0.0,0.97079694,0.0,1.7714069,2.2121494,0.0,0.0,0.0,0.4697266
ACH-000528,0.47203496,0.34565672,1.7711403,0.0,0.0,0.0,0.7269804,0.0,1.2363666,0.46480188,0.0,0.29796135,0.3567226,0.0,0.0,0.0,0.0,0.0,1.1739897,0.65665555,0.38492575,0.5294486,1.8863611,0.0,0.0,0.32249045,0.31928647,0.0,0.01735572,0.4049081,0.0,0.32920283,0.0,0.0,0.21289591,0.0,1.641312,0.76779246,0.027039783,0.36878198,0.0,2.4485118,0.0,0.0,0.070223056,0.68504506,0.7431475,0.077358715,0.0,0.0,0.0,0.0,1.0262325,0.15847659,0.0,0.5413228,0.0,0.0,0.0,0.0,0.0,1.9554598,0.0,1.7577308,0.0,0.0,0.0064559793,0.0,0.0,1.379303,0.45701444,0.0,0.0,0.8650771,0.0,0.0,0.0,1.0237349,0.66397226,0.8264144,1.6336255,0.17488421,0.45910868,1.4414684,0.0,0.0,0.0,1.529269,0.23253189,0.0005423302,0.0,0.10784431,0.15710784,0.0,0.0,0.101424515,0.25646847,0.0,0.0,0.43191564,0.922901,0.0,0.76075655,2.0369024,0.6496703,1.4189914,0.0,1.4338338,0.0,0.0,0.8893254,0.21774116,0.0,0.86369896,1.0374776,0.3465876,0.88397217,0.4328794,0.0,0.0,0.51486945,0.0,0.6117273,0.11212771,0.0,0.0,0.20862348,0.3076781,0.062430397,0.1363774,1.4277992,0.0,0.0,0.0,0.0,0.0,0.9783348,0.0,0.0,1.265523,0.0,0.0,0.0,0.0,1.1578933,0.0,0.0,0.43379015,0.0,0.0061244676,0.0,0.0,0.0,0.0,0.0,0.24044435,1.5043715,0.0,0.0,1.2349092,0.37715337,0.0,0.014422213,0.018946901,0.28216177,0.0,0.0,1.4493171,0.20307557,0.0,0.43971127,0.0,0.0,0.15445688,0.8454464,0.0,1.5978723,0.22546282,0.81754184,0.0,0.0,0.0,0.03261785,0.0,1.36489,1.4153508,1.3428752,0.07813943,0.20702805,0.0,0.0,0.32841757,0.0,2.5510027,0.0,1.6647487,0.0,0.0,0.0,0.0,0.0,0.24528052,0.0,0.0,0.071688764,2.498906,0.0,0.67978853,0.0,0.39923644,0.0,1.0130013,0.0,0.0,0.0,0.0,0.9006093,0.87782097,0.0,0.5778908,0.72400606,0.0,0.60248077,0.0,0.0,0.0,1.0517279,0.0,0.0,1.585452,0.0,0.39735475,0.0,0.52840316,0.70422024,0.0,0.5214551,0.0,0.0,1.2368014,0.037411764,1.1933604,0.527362,0.0,1.0188307,0.0,0.0,0.0,1.6173372,0.20657222,0.0,0.8177566,0.0,0.0,0.8443699,0.55650926
ACH-000585,0.0,0.0,1.9510534,0.0,0.0,0.0,0.0,0.0,1.2799696,0.632516,0.0,1.0374342,0.35741344,0.29570666,0.0,0.68875283,0.48987296,0.0,0.0,1.3934731,0.0,0.8842828,0.37863716,0.0,0.12750755,0.051928665,0.0,0.0,0.09062175,0.0,0.0,0.22918133,0.0,0.0,0.033383053,0.0,0.9733878,0.6471842,0.0,1.2498242,0.61147267,0.8813163,0.0,0.8388503,0.0,0.0,0.8131662,0.0,0.0,0.0,0.0,0.48020023,0.5251621,0.0,0.0,1.349174,0.0,0.0,0.0,0.0,0.0,1.6277032,1.043288,0.6962388,0.0,0.0,0.24662577,0.0,0.0,0.0,0.1275099,0.0,0.0,1.6298336,0.0,0.0,0.30660406,0.6830201,0.0,0.6015933,0.53809977,0.0,0.0,1.2777039,0.0,0.0,0.0,0.0,0.50115216,0.70349175,0.09759547,0.12755586,0.72225153,0.0,0.06844899,0.50463504,0.0,0.0,0.051088184,0.0,0.0,0.0,0.457142,0.68609095,0.3804452,1.2209148,0.0,1.8324506,0.0,0.11588599,0.11895551,0.0,0.0,1.540369,0.4359777,0.050994996,0.9719048,0.0,1.0738659,0.0,0.58633167,0.0,0.0,0.0,0.31631377,0.0,0.48175862,0.0,1.1106328,0.0,0.0,0.0,0.8104721,0.0,0.0,0.4225624,0.0,0.0,0.0,1.2050383,0.8631917,0.0,0.0,0.0,1.5816798,0.0,0.66988987,0.47734046,0.39552724,0.51194566,0.0,0.0,0.0,0.0,0.0,0.4763198,0.83047354,0.85404557,0.0,0.48719773,0.0,0.08217018,1.6829505,0.09691407,0.0,0.19482175,0.06576387,0.50499165,0.086985424,0.0,0.6358955,0.0,0.0,0.0,0.6281078,0.23869628,1.2315748,0.0,0.23230875,0.0,0.0,0.0,0.72484285,0.0,0.39139655,0.59038305,0.3135622,0.0,0.0,0.0,1.3835036,0.30191344,0.06519374,0.0,0.20393072,0.0,0.0,0.0,0.0,1.0252203,0.7990779,0.7533872,0.0,0.088995054,0.43885234,1.0995555,0.114342414,0.17437112,0.0,0.0,1.3700905,0.2940512,0.0,0.0,1.0520114,1.3131505,0.14961207,0.76089305,0.020795982,0.7783621,0.0,0.0,0.0,0.0,1.0137872,0.0,1.381189,0.062258903,0.80119073,1.1040373,0.15510401,0.09434468,0.0,0.67811465,1.5754515,0.0,0.0,0.2592922,1.0156927,1.8246565,0.0,0.0,0.3618376,0.86929464,0.48095044,0.0,0.0,0.0,2.068223,0.0,0.0,1.1563947,0.0,0.0,1.192438,1.1011229
ACH-000176,0.0,0.46769115,0.017019914,0.0,0.0,0.0,1.0240682,0.066668846,1.5787609,0.0,0.0,3.117545,0.0,0.25003296,0.28200462,0.0,1.1195433,0.0,0.60214263,1.9397813,0.0,0.16282512,1.4683529,0.0,0.0,0.0,0.037493624,0.92735046,1.6076616,0.56430405,1.8937167,0.07568727,0.0,0.0,0.0,0.1509814,0.0,1.3610337,0.42202535,0.0,0.0,0.0,0.0,0.21589682,0.16431956,0.0,0.33168098,0.79402786,0.0,0.22141469,0.0,0.2924633,0.72340554,0.0,0.0,0.79421675,0.0,0.49707466,0.0,0.0,0.0,0.58969355,0.94219035,0.0,0.0,0.07819161,0.0,0.0,0.0,0.6405487,0.0,0.0,0.0,1.7536066,0.0,0.0,0.0,0.72175515,0.0,0.92873627,0.522602,0.51837605,0.0,1.7749296,1.33848,0.0,0.0,0.0,1.1016958,0.4931271,0.5842349,1.3055456,0.0,0.0,0.44146693,0.0,0.0,0.0,0.8696333,0.0,0.0,0.0,1.6176363,1.6287322,1.3403419,0.36207822,0.0,2.0238626,0.0,0.0,1.5186388,0.0,0.25305885,0.32373407,0.18307953,0.54935193,0.571112,0.17098178,1.1687766,0.0,1.2943679,0.0,0.0,0.0,0.21988602,1.8805095,0.0,0.0,3.2400758,1.1835122,0.0,1.1515673,0.0,0.9368745,0.0,0.9216769,0.36385816,0.028364643,0.0,1.450227,0.27989042,0.0,0.0,0.0,0.00067814626,0.0,0.0,0.55965513,0.41952437,0.0,0.0,0.0,0.0,0.0,0.0,0.8716278,0.0,0.40260807,1.1146616,0.84102994,0.0,1.8120943,0.44247797,0.16014569,0.0,0.81304526,0.0,1.1192421,0.9745804,0.35149267,0.0,1.186825,0.13079107,0.0,0.34578508,0.09488741,1.0335689,0.4282265,0.20779699,0.0,0.0,0.0,0.80106485,0.0,0.0,0.56251836,0.42500377,0.006598733,0.7480826,0.0,0.0,1.6553376,0.0,0.0,0.03535612,0.0,0.6642231,0.0,1.2899945,0.0,0.6364424,0.039067198,0.0,0.0,0.47983757,1.5807143,0.0,0.0,0.0,0.0,0.7253475,0.3659201,0.0,0.13898009,0.0,1.5622779,0.8339983,2.4157388,0.53545964,0.0,0.4886464,0.0,0.0,0.0,0.23357992,0.0,1.060289,0.0,1.7936252,1.9600886,2.6987352,0.0,0.0,1.019056,1.9300789,0.0,0.28843665,0.27800167,0.0,0.0,0.0,0.0,0.0,0.0,1.3993582,0.0,0.06219896,0.0,0.16986893,0.0,0.0,0.13140889,0.0,0.0,1.521982,0.9478201
ACH-000587,0.0,0.08921734,0.5994359,0.0,0.0,0.0,0.0,0.0,0.43544126,0.45950815,0.0,1.0455866,0.0,0.0,0.16797522,0.0,0.48000416,0.0,0.0,0.6170577,0.0,0.178465,1.0139574,0.0,0.0,0.0,0.09859865,0.48820677,0.6190761,0.72004575,0.595784,0.0,0.0,0.0,0.0,0.0,0.1086569,0.6923274,0.0,0.0,0.1786106,0.16373648,0.0,0.0,0.0,0.0,0.0,0.0,0.7569569,0.06159902,0.0,0.07601783,0.53179866,0.0,0.0,0.0,0.14697008,0.07952923,0.0,0.0,0.0,0.7416349,0.71606886,0.61550915,0.0,0.23934662,0.0,0.0,0.2854969,0.056912918,0.5328472,0.0,0.0,0.7442192,0.0,0.0,0.20504108,0.0,0.2317287,0.64603305,0.0,0.5204543,0.0,0.5401975,0.0,0.0,0.0,0.0,1.2901236,0.51592547,0.28390813,0.7701833,0.49907705,0.0,0.0,0.0,0.0,0.0,0.42961174,0.0,0.0,0.0,0.0,0.030527778,0.41874847,0.25768262,0.0,1.6402423,0.0,0.68065125,0.0,0.0,0.0,0.0,0.0,0.56753016,1.483963,0.45844215,1.2121342,0.0,0.74146724,0.0,0.0,0.29484203,0.0,0.2889306,0.0,0.14174595,1.1816428,0.2045627,0.1729783,0.0,0.285238,0.0,0.0,0.3472042,0.051275812,0.0,0.0,0.25401947,0.0,0.0,0.0,0.0,0.7565603,0.0,0.0,0.0,0.79130536,0.8656436,0.0,0.0,0.0,0.0,0.0,1.0793183,0.0,0.33985934,0.29734156,0.0,0.0,0.17435429,0.98370284,0.0,0.0,0.0,0.024586368,0.59949607,0.17966475,0.0,0.6228788,0.0,0.0,0.46291548,0.15616587,0.0,0.36742857,0.0,0.38121125,0.0,0.0,0.0,0.43924284,0.0,0.7576007,0.85441303,0.9665538,0.44277215,0.33155447,0.0,0.0,1.1774926,0.0,0.0060843304,0.023964854,0.0,0.41871402,0.14207518,0.0,0.0,0.0,0.176171,0.0,0.0,0.49893537,0.8055522,0.0,0.14265743,0.26351488,0.27257633,0.429942,0.3158687,0.0,0.111866124,0.0,0.96657556,0.8941878,1.0038848,0.46444947,0.0,0.5588478,0.0,0.0,0.09117938,0.8287971,0.0,0.85360426,0.0,0.8286587,0.7203575,1.1158884,0.0,0.0,0.0,1.4165455,0.0,0.62421644,0.041079815,0.18117118,0.0,0.0,0.05528207,0.12869774,0.08076001,2.0101168,0.0,0.0,0.0,1.1166147,0.0,0.0,0.86067253,0.0,0.0,0.35862902,0.5793335
ACH-000627,0.0,0.15123789,0.9911781,0.0,0.0,0.0,0.0,0.0,1.3758045,0.77248955,0.0,2.5804455,0.8295829,0.43021828,0.96777976,1.0134652,1.4609742,0.0,1.8196293,2.3721316,0.0,0.3964068,0.5018052,0.0,0.0,0.0,0.23148344,0.0,1.5603791,0.34485057,1.0109155,0.0,0.0,0.0,0.0,0.35271633,0.0,0.0,0.0,0.0,0.0,0.18923515,0.6296699,0.0,0.0,0.0,0.0,0.0,0.52995247,0.52204525,0.0,0.0,0.0,0.0,0.0,1.0055234,0.0,1.1308738,0.0,0.4333953,0.0,0.71442336,1.2370822,0.7393352,0.0,0.0,0.7869738,0.0,0.0,0.407535,0.12760398,0.0,0.0,0.7372265,0.17118262,0.12072075,0.19411385,0.89922714,0.51761013,1.272069,0.40590563,0.9363966,0.0,0.8926103,0.11958481,0.32988426,0.0,0.0,2.3390262,1.8706448,1.3468941,0.18690012,0.0,0.015691984,0.0,0.0,0.0,0.0,0.0,0.0,0.0,0.0,0.42324656,2.0646489,0.9127012,0.0,0.0,1.9396805,0.0,0.7415041,0.7243136,0.0,0.0,0.0005030327,0.25767875,0.6199176,1.8632506,0.32436514,1.9243737,0.0,1.7407658,0.0,0.0,1.1176202,0.26231256,1.8030725,0.19097315,0.0,2.11773,0.8359193,0.0,0.0,0.5579527,1.0981808,0.0,1.1428671,0.0,0.4187866,0.0,0.93087023,0.1716692,0.0,0.0,0.0,0.0,0.0,0.2684457,0.15282159,1.2253836,0.0,0.0,0.0,0.0,0.0,0.07894485,0.9891554,0.8888247,0.753632,0.99177104,0.3223344,0.0,0.4037133,0.019597922,0.0,0.67818046,0.33667213,0.0,1.1545163,0.49830946,0.0,0.9219786,0.0,0.0,0.0,1.0658975,0.0,0.0,0.66202515,1.2199625,0.0,0.0,0.0,1.3504875,0.0,0.3213296,0.4261089,0.44765472,0.7861898,0.7503911,0.0,0.0,0.76331115,0.0,0.0,0.0,0.0,1.825818,0.0,0.35851178,0.0,0.0,0.0,0.0,0.0,0.049535673,0.47948933,0.40719083,0.18576969,0.0,0.0,0.6146187,0.5773823,0.0,0.0,0.0,1.0019729,1.319466,2.7935736,1.6886219,0.0,0.98463255,0.0,0.0,0.29246235,0.11411518,0.0,0.3038774,0.7249532,1.2707813,2.496789,0.93707395,0.0,0.0,0.1522245,0.9214381,0.0,0.41290066,0.6936562,0.0,0.0,0.0,0.0,0.082249746,0.15298657,1.1284896,0.56604046,0.0,0.0,0.92129874,0.0,0.0,0.0,0.0,0.0,0.0,0.0
ACH-000392,0.0,0.63123363,0.9490593,0.0,0.0,0.0,0.23383602,0.28121412,0.0,2.3608,0.0,0.1870639,0.980656,0.0,0.0,0.0,0.6558005,0.0,0.0,2.1132042,0.33328924,0.0,1.8896478,0.0,0.0,0.48975614,1.3208504,0.0,0.0,0.0,0.0,0.0,0.0,0.7591244,0.0,0.0,1.9902815,0.0,0.0,2.2630353,1.4672574,0.36421382,0.0,0.5584099,0.0,0.08471037,0.0,0.95841414,0.0,0.4223758,0.50166255,0.040022787,1.2968578,1.1539863,0.81804556,0.0,1.0565826,0.0,0.0,0.0,0.0,2.8770294,2.5096169,1.8796215,0.0,0.0,0.0,0.0,0.0,1.4551004,0.0,0.0,0.42982244,0.587723,0.0,0.030448265,0.27689195,0.9716265,0.0,0.15393749,1.7694075,0.22569364,1.1940019,1.9084842,0.5810269,0.17622754,0.0,0.19416492,1.0197846,2.0007694,0.0,0.0,1.6390787,0.0,0.0,0.020912435,0.30947524,0.0,0.06983693,0.0,0.0,0.0,1.1724203,1.336733,0.0,1.8909988,0.0,2.2522738,0.0,0.2921557,0.044529658,0.0,1.7340598,2.269027,1.4589038,0.31037018,0.0,0.0,0.0,0.0,2.19098,0.0,0.19005997,0.23875402,0.0,1.372276,0.0,1.0561649,0.0,0.9981238,0.0,0.0,0.67688453,0.0,0.0,0.09282465,0.0,0.0,0.0,2.522972,1.4970448,0.1436331,0.0,0.0,2.09645,0.0,0.24635655,1.3701013,1.4122281,0.0,0.5199317,0.0,0.0,0.0,0.0,0.0,2.5405424,2.1158,0.0,0.2678384,0.0,0.0,1.3075225,0.0,0.0,0.19117457,0.05289148,2.5814595,0.46357843,0.0,0.7484803,0.0,0.0,0.0,2.295356,0.0,2.7831745,0.0,1.2788125,0.0,0.0,0.0,1.0614741,0.0,0.7701928,2.319213,0.0,0.0,0.0,0.17775618,0.56766516,0.0,0.0,2.1435637,0.0,0.0,0.054384347,0.0,0.4291887,0.0,0.0,0.0,0.0,1.0055639,1.1300944,2.8533087,1.3082905,0.87604636,0.0,0.3805793,0.6423337,0.6023964,0.0,0.0,0.494117,0.40040508,0.43731344,0.0,0.68367565,0.0,0.0,0.0,0.23865108,0.0,1.068107,0.5900464,1.7468739,0.16682193,0.0,0.93357646,1.6484927,0.0,0.0,1.1323197,2.1285963,0.0,0.0,0.5661562,0.44449294,3.4541774,0.0,0.0,0.26507688,0.9308736,1.7890233,0.0,0.0,0.0,0.82259357,0.0,0.0,1.3802923,0.0,0.0,0.0,1.3433284
ACH-000035,0.76085234,0.70487565,2.3956301,0.0,0.0,0.0,1.5211512,0.0,0.114479184,0.0,0.0,0.571322,0.0,0.5150159,0.2858726,0.0,1.2166185,0.0,0.18820855,3.0901554,0.0,0.29919013,1.936198,0.0,0.0,0.39158028,0.0,1.1938452,0.16732638,0.6958656,1.2229457,0.029309401,0.0,0.4705411,0.0,0.0,0.41039446,0.33245155,0.0,0.13745837,0.41887638,0.98855734,0.0,0.0,0.36277026,0.0,0.0,0.58783567,0.0,0.0,0.0,0.48979032,0.9599318,0.0,0.0,0.37186992,0.5117581,0.0,0.0,0.0,0.0,1.3450179,0.871832,0.0,0.69122773,0.0,0.8537405,0.0,0.0,1.6253989,1.1156172,0.0,0.0,0.5771455,0.11780096,0.13140804,0.2993772,0.12758791,1.1940926,0.0,0.9662639,0.0,0.0,2.7352924,0.0,0.0,0.0,0.0,1.014422,0.0,0.088917926,0.8884159,0.15641005,0.0,0.0,0.12806383,0.04994607,0.0,0.0,0.48007238,0.0,0.0,2.6204014,0.33658543,1.251856,0.22736154,0.0,3.0463135,0.0,0.17229049,0.04960541,0.0,0.0,0.3987275,1.9283146,0.0,2.2492166,0.3014237,1.4948145,0.0,1.3562671,0.0,0.0,0.0,0.0,0.0,0.0,0.0,1.7555147,0.9729354,0.0,0.0,0.5818428,0.0,0.0,0.0,0.29148132,0.0,0.0,2.1132746,0.0,0.0,0.0,0.0,2.2710156,0.0,0.3831673,0.50433236,1.7059419,1.2411293,0.0,0.0,0.0,0.0,0.0,0.51515317,0.07142515,0.62127006,0.72177243,0.8074984,0.0,1.0388058,0.4716381,0.53065264,0.38785955,0.06508058,0.0,0.42019603,0.0,0.0,0.0,0.0,0.0,0.0,0.9226495,0.0,1.3809111,0.12553528,0.9701521,0.24147798,0.68424684,0.0,1.3655558,0.0,0.592726,1.0687816,1.7554748,1.2569559,0.49373245,0.024650615,0.36985797,0.8116867,0.0,1.360634,0.0,0.0,0.78659016,0.0,0.0,0.0,0.4115001,0.2659844,0.032197803,0.0,0.079167165,2.782171,0.75010437,0.0,0.0,0.57697403,0.92849046,1.1901714,0.0,0.0,0.0,1.0054028,2.2220109,1.0708355,0.37331915,0.3160595,1.1930062,0.0,0.0,0.0,0.65979946,0.0,1.218436,0.0,1.2588333,1.6747462,2.2056906,1.358109,0.0,0.53395104,3.8877962,0.0,0.9878202,0.33674997,0.16377607,2.5244079,0.900437,0.0,0.0,1.4508709,0.43420818,0.0,0.0,0.0,2.994546,0.0,0.0,1.6586657,0.0,0.33846053,2.8092608,1.6902366
ACH-000894,1.0417491,0.0,0.07923049,0.0,0.0,0.0,0.6747633,0.57713366,0.2858876,1.7047795,0.0,0.8383794,0.5696406,0.0,0.501361,0.18894508,0.0,0.0,1.5809604,0.0,0.0,0.0,1.7337872,0.0,0.0,0.0,2.5331702,0.0,0.0,0.76888245,0.0,0.39406765,0.0,0.0,0.0,0.0,2.263571,0.0,0.0,1.5839072,1.0421447,2.059842,0.0,0.0,0.0,0.0,0.0,0.0,0.0,0.0,1.1604061,0.0,0.21439496,0.0,0.0,0.0,0.2872933,0.0,0.0,0.0,0.0,3.926484,0.5438817,2.94031,0.36939454,0.0,0.12759636,0.0,0.0,0.35815763,0.0,0.0,0.0,0.48908925,0.0,0.1406501,0.16308717,1.1209089,0.0,0.0,0.59284216,0.54715943,1.6840457,2.5572019,0.056215357,0.0,0.0,0.0,1.6082109,0.99159527,0.0,0.8966664,0.0,0.0,0.8052649,0.0,0.0,0.0,0.56163585,0.0,0.0,0.0,0.47974887,2.508762,1.0587417,1.6644927,0.0105631035,2.517573,0.0,0.0,1.7871348,0.0,0.0,2.401783,0.026790092,0.3488597,1.2837945,0.0,1.1742043,0.0,0.0,0.0,0.0,0.0,1.2808074,0.0,0.0,0.0,0.0,0.8323328,1.2532722,0.0,2.5519235,0.0,0.0,1.5048656,1.0067574,0.0,0.0036458767,2.9769535,1.2910177,0.0,0.0,0.0,2.3666866,0.0,0.0,0.7388908,3.7985828,0.15340534,0.0,0.0,0.0,0.0,0.21322769,0.0,1.2199018,2.3014994,0.0,0.0,1.3391562,0.0,1.4189143,0.0,0.0,0.29374993,0.28273404,1.8159397,1.2305146,1.0156529,0.0,0.0,0.0,0.76347643,1.7470306,0.448342,1.6963308,1.0067706,1.658965,0.0,0.0,2.0279026,0.9473462,0.0,1.7677639,1.7173973,1.5036072,0.0,0.20248732,0.0,0.0,0.0,0.0,4.522094,0.7530615,0.3221786,0.0,0.0,0.0,0.0,0.0,0.0,0.0,0.37650847,0.20835555,4.7919292,0.27125934,1.0886946,0.0,0.0,1.0687658,0.0,0.0,0.0,0.0,1.2629519,0.0,0.85341406,0.06116676,0.23144236,0.93468106,0.40051308,0.0,0.0,2.4145858,0.78550506,2.0253701,0.0,0.0,0.27845362,1.3902614,0.13604116,0.0,0.20149177,0.71917695,0.0,0.0,0.6948806,0.36711514,4.134376,0.0,0.9396525,0.0,0.0,2.5801153,0.0,0.0,0.0,3.0560927,0.0,0.018643556,2.0828452,0.3314814,0.0,0.22338025,0.5716593
ACH-000638,0.33854315,0.0,1.9035165,0.0,0.0,0.0,0.0,0.0,1.7259978,1.3090872,0.0,0.20832801,0.09204699,0.0,0.0,0.0,0.1353134,0.0,0.16303787,1.5489196,0.0,1.2944041,2.919453,0.0,0.0,0.6919508,0.0,0.0,2.46817,1.2443104,0.24862032,0.0,0.0,0.0,0.8744688,0.0,2.9927366,0.0,0.0,0.43449512,0.8292387,1.5996383,0.19473681,0.0,0.0,0.0,0.33248964,0.0,0.55151194,0.0,0.0,0.0,0.37984738,0.3891257,0.0,0.0,0.0,0.0,0.0,0.27890977,0.0,2.3072886,1.3406652,1.5614855,0.0,0.0,0.0,0.0,0.0,0.68904597,0.24292605,0.0,0.0,0.0,0.23313461,0.0,0.0,1.2818887,0.0,1.0346059,0.0,0.43148664,0.0,1.9785657,0.0,0.0,0.0,0.0,2.381085,1.0834641,0.35083026,0.05155146,0.5103682,0.0,0.0,0.0,0.18138152,0.0,0.5458845,0.0,0.0,0.0,1.9709945,2.0085762,0.1400477,1.2462013,0.0,3.8479939,0.0,0.0,0.9350951,0.0,0.0,2.2490466,0.0,1.398272,2.5970476,0.0,2.069109,0.0,0.7228722,0.0,0.0,0.0,0.85090715,0.0,1.4555199,0.0,0.0,1.5846637,0.0,0.0,1.7014209,0.0,0.0,0.0,0.0,0.0,0.0,1.9773464,0.0,0.0,0.0,0.0,4.1259947,0.0,0.0,0.29951572,1.7824991,1.0464188,0.0,1.2189175,0.0,0.0,0.13031483,0.0,2.2037532,2.4566138,0.63984525,1.2045095,1.5682523,0.0,1.1362079,0.0,0.0,0.0,0.0,1.7871116,0.0,0.0,1.6617546,0.0,0.0,0.0,1.4194415,0.0,2.2185893,0.13188031,1.0546623,0.0,0.0,1.1525016,0.20825122,0.0,2.2370949,0.0,0.0,1.0178275,0.37497556,0.22111855,1.4930336,0.4090738,0.0,2.5342667,1.074427,0.0,0.0,0.0,0.0,0.0,0.06578489,0.0,0.0,0.35672176,0.0,3.911598,1.3193396,0.77901614,0.0,0.0,1.0263982,0.0,0.0,0.0,0.0,2.515402,1.5370457,0.08529983,0.0,0.0,1.7011045,0.0,0.0,0.0,1.5387574,0.0,2.3358138,0.24771686,0.0,1.8446167,1.1536748,0.0,0.0,0.62866354,3.4310505,0.0,1.4090049,0.0,0.3775546,3.9107916,0.0,1.5158292,0.0,0.0,2.3492422,0.0,0.0,0.0,3.7587984,0.0,1.3574585,1.801134,0.33022174,0.0,0.33688465,1.7576005
ACH-000596,0.0,0.0,0.7295849,0.0,0.0,0.0,0.0,0.0,0.0,0.6974689,0.0,0.48551106,0.65439874,0.0,0.3979404,0.0,0.0,0.0,0.16264874,1.013031,0.0,0.8043821,2.1083825,0.0,0.38791984,0.34325907,0.76581067,0.0,1.0866269,1.4073269,0.0,0.0,0.0,0.0,0.0,0.0,1.595104,0.0,0.0,0.7192876,0.84506834,0.96999025,0.0,0.0,0.0,0.0,0.0,0.0,0.0,0.21918796,1.159603,0.0,0.17545982,0.31849697,0.0,0.0,0.0,0.0,0.0,0.0,0.0,1.9824628,1.8878669,0.9861317,0.0,0.0,0.0,0.0,0.0,0.0,0.4428424,0.0,0.0,0.21870494,0.13648771,0.0,0.0,1.3391584,0.23814502,0.0,0.0,0.06458245,0.47080055,1.9317362,0.0,0.0,0.0,0.18357646,1.2333072,0.93453866,0.20107841,0.0,1.1046349,0.0,0.355589,0.0,0.0,0.0,1.09675,0.0,0.0,0.0,0.49935138,1.3790952,0.791804,0.7797887,0.0,1.9059044,0.0,0.0,0.06023146,0.0,0.0,1.0812654,0.0,0.631266,1.7373306,0.0,1.6871756,0.0,0.28284246,0.0,0.0,0.0,0.88251185,0.0,0.54579407,0.0,0.0,0.7438967,0.048189417,0.0,1.2770447,0.0,0.0,0.0,0.0,0.0,0.0,0.86753774,0.16122498,0.0,0.33480778,0.017217953,1.6411355,0.0,0.0,0.0,1.6370499,0.37647203,0.0,0.5697266,0.0,0.0,0.19804528,0.0,1.0010384,1.9066886,0.0,0.87959886,0.5588099,0.0,0.8181851,0.0,0.0,0.0,0.1227658,1.3742568,0.67175746,0.0,0.3544212,0.0,0.0,0.8551493,1.1081417,0.51560587,0.5710377,0.0,0.23271316,0.0,0.0,1.3178836,0.13701631,0.0,1.3255566,0.9439112,0.70883274,0.0,0.0027279193,0.292066,0.41675043,0.08049767,0.0,1.6403868,0.20226397,0.0,0.0,0.0,0.0,0.0,0.0,0.077183805,0.0,0.09571253,0.0,2.2243965,0.0,1.0785863,0.0,0.0,0.75547034,0.0,0.0,0.0,0.0,1.1650614,0.088557124,0.0,0.0,0.0,0.78159916,0.32173467,0.72492033,0.0,0.51195186,0.5278666,1.0581489,0.7427271,0.58087176,0.8262331,0.9475317,0.41457283,0.0,0.7113905,2.3672802,0.0,0.7854488,0.82146233,0.0279832,1.4494951,0.0017873514,0.28847745,0.0,0.17590334,1.9605144,0.0,0.0,0.0,1.7423354,0.0,0.6896483,1.0016814,0.04589561,0.0,0.053807896,0.34990668
ACH-000481,0.94756657,0.6271044,0.0,0.0,0.0,0.0,0.979682,0.19365706,1.087093,0.16535355,0.0,0.19051746,0.0,0.0,0.65440667,0.0,0.0,0.0,0.55299944,0.87830627,0.32576773,0.0,1.4620651,0.0,0.4422559,0.065591305,1.0303642,0.0,0.020775864,0.3699464,0.0,0.0,0.0,0.81409883,0.0,0.86172366,3.4116018,0.0,0.0,1.2627004,1.5113387,1.350935,0.0,0.0,0.0,0.0,0.4775217,0.55202854,0.45596963,0.0,0.013954452,0.0,0.0,0.16271952,0.0,0.4363961,0.0,0.0,0.0,0.0,0.43032813,1.7332417,1.0499753,0.9198368,0.0,0.0,0.10420775,0.0,0.63136417,1.0752869,0.0,0.14947957,0.21325922,0.0,0.0,1.1198423,0.41311038,0.0,0.0,0.0,1.0602646,0.56682825,0.1481115,1.4986358,0.0,0.14125443,0.0,0.0,1.8533452,1.7511195,0.21199699,0.27941152,0.24862157,0.0,0.0,0.6937499,0.0,0.0,0.56426835,0.0,0.0,0.0,0.78546727,0.9112791,0.0,1.166789,0.0,1.5563687,0.0,0.12493341,0.0,0.0,0.0,1.5190977,0.00028792894,0.0,0.36880147,0.08773561,0.20422773,0.0,0.0,0.0,0.0,0.79393846,2.0892367,0.49250036,0.0,0.0,0.33992416,0.0,0.31607264,0.0,1.4550601,0.0,0.0,2.4988778,0.0,0.0,0.0,1.868378,0.38764736,0.0,0.0,0.0,0.69661653,0.0,0.55536777,0.0,0.67863995,0.4925394,0.0,0.0,0.0,0.0,0.57351834,0.1899727,1.7723256,0.8468515,0.0,0.17045434,0.52936846,0.0,1.148737,0.0,0.0,0.0,0.0,2.9850872,1.8105311,1.1686893,0.5646817,0.0,0.0,0.3675741,2.0111473,0.28353438,0.0,0.7993068,0.6085102,0.0,0.0,0.31104892,0.7951747,0.0,0.7340829,1.6620888,0.6482682,0.2660203,0.0,0.0,0.0,0.0,0.0,1.6139657,0.76462144,0.12573971,0.0,0.0,0.0,0.8296516,0.0,0.09203964,0.0,0.82375616,0.33176276,1.6285254,0.7252186,0.93794626,0.0,0.0,0.6714952,0.0,0.0,0.0,0.74736476,1.2949941,0.0,0.9923154,0.0,0.0,1.258234,0.0,0.10447627,0.0,1.5507641,0.08660251,0.0,0.50349355,0.0,1.4047049,0.4594472,0.4083681,0.0,0.0,0.32707667,0.0,0.49208203,1.3407693,1.2461147,1.6523503,0.0,0.54520243,0.0,0.0,1.4460028,0.0,0.0,0.0,2.0790145,0.08922324,0.0,0.41045216,0.0,0.0,0.036174875,0.0
ACH-000858,0.031068018,0.38850406,0.7013303,0.0,0.0,0.0,0.4193752,0.72077227,0.4803318,2.224204,0.0,0.76096076,1.1293598,0.0,0.048067484,0.0,0.0,0.0,0.0,1.0264478,0.19819252,0.0,0.67407733,0.0,0.0,0.0,0.8823307,0.0,0.0,0.170068,0.0,0.0,0.0,0.0,0.0,0.0,2.1309044,0.5557092,0.0,1.5353627,0.5977208,0.4743786,0.0,0.0,0.0,0.0,0.0,0.29078093,0.0,0.64406544,0.0,0.0,0.4528025,0.0,0.0,0.07458863,0.0,0.0,0.0,0.0,0.0,2.6461625,1.2300254,1.3080966,0.0,0.0,0.0,0.0,0.0,0.0049602063,0.0,0.0,0.0074113547,0.6790667,0.0,0.0,0.5635864,0.31555745,0.0,0.4580605,0.37916103,0.2683257,0.740067,1.5781214,0.13906428,0.0,0.0,0.0,0.68202966,2.0812888,0.7057579,0.0,0.6504718,0.0,0.0,0.23507223,0.0,0.0,1.0605135,0.0,0.0,0.0,0.8250505,0.9737972,0.0,2.8722777,0.0,1.4486443,0.0,0.0,0.6887788,0.0,0.48099828,0.94104314,0.3827682,0.52739966,0.08791376,0.0,0.297174,0.0,0.98056394,0.0,0.46430832,0.77159435,2.5246625,0.8306974,0.0,0.53773177,0.0,0.49827453,0.32282734,0.0,0.61771876,0.0,0.0,1.4354472,0.07753707,0.0,0.0,1.6953402,1.2781008,0.0,0.0,0.0,0.86494243,0.0,0.49406186,0.7673921,0.8807605,0.0,0.6207044,0.0,0.0,0.0,0.36728448,0.0,2.1266596,2.4172447,0.0,0.06951691,0.0,0.0,1.1276991,0.0,0.10011159,0.0010162444,0.30447236,2.573047,1.1457661,0.6105639,0.70481277,0.0,0.0,0.17849413,2.0965,0.27752385,1.3801407,0.0,0.4978884,0.0,0.0,0.0,1.5002003,0.0,0.93277544,1.4310871,0.22527987,0.0,0.0,0.98046947,0.039922144,0.31875834,0.0,1.8311192,0.0,0.0,0.0,0.0,0.12450646,0.1521028,0.0,0.0,0.0,1.1594136,0.79584104,2.1924577,0.6121947,0.27171364,0.0,0.0,0.0,0.0,0.0,0.0,0.0,0.2600103,0.0,0.61531067,1.0943531,0.3001929,0.0,0.27132148,0.01251359,0.0,2.3580086,0.0,0.85855204,0.0,0.23292822,1.2202773,1.1121405,0.18307656,0.0,0.48289898,1.1949186,0.0,0.6429868,0.89173627,1.0079625,2.158988,0.0,0.5697056,0.0,0.30587187,2.4219546,0.4721858,0.0,0.0,1.2435588,0.0,0.48177877,0.85899025,0.0,0.0,0.035762202,1.9036553
ACH-000787,0.0,0.8391569,0.31896114,0.0,0.24474,0.0,1.497153,0.096736394,0.3828628,1.3537453,0.0,1.3390572,0.0,0.049457833,0.23180658,0.4868861,0.36557832,0.0,0.09596015,2.0318418,0.040952582,0.7688378,1.1818594,0.0,0.0,0.0,0.1939243,0.0,0.0,0.0,0.0,0.0,0.0,0.118908145,0.0,0.0,0.0,0.3799471,0.30833226,0.0,0.0,0.88744724,0.0,0.1443024,0.0,0.0,0.31510767,0.0,0.0,1.4340827,0.0,0.0,0.12015761,0.91659427,0.0,0.0,0.006673642,0.42837775,0.0,0.0,0.0,0.79533106,1.2286829,0.25772542,0.0,0.0,0.7706751,0.0,0.0,0.900441,0.28346482,0.0,0.0,0.568979,0.25007522,0.0,0.0,0.0,0.48333284,1.0138267,0.014865857,0.0,0.0,1.6297905,0.0,0.0,0.0,0.0,1.3267993,1.1124821,0.0,0.0,0.8715537,0.0,0.22443914,0.5741627,0.0,0.39192805,0.0,0.0,0.0,0.0,1.6718965,0.9202736,0.10109587,0.051830735,0.05383652,0.8407444,0.0,0.025341304,1.1729567,0.0,0.25096166,0.0,0.0,0.5281356,1.5684463,0.004370417,0.996585,0.0,1.2660632,0.0,0.0,0.16310896,0.0,1.3734682,0.0,0.00044792867,1.3878466,1.1363935,0.0,0.47196332,0.066322215,1.2917472,0.0,0.0,0.27274263,0.0,0.84343946,1.1295476,0.42480808,0.0,0.0,0.0,0.0,0.0,0.0,0.42859405,0.7269366,0.96219265,0.0,0.0,0.0,0.0,0.0,0.26672024,0.8127865,0.568756,0.2330884,0.6963807,0.29943323,0.22439344,0.7233709,0.24515608,0.0,0.0,0.0,0.22087121,0.07188399,0.0,0.013498083,0.038882118,0.25845695,0.0,1.7458031,0.0,0.5843535,0.0,0.6121224,0.0,0.0,0.3809937,0.60700196,0.0,0.21082939,0.83916044,0.0,0.48895267,0.18359768,0.0,0.60670656,0.05548756,0.474422,0.0,0.0,0.28558168,1.069302,0.0,0.47281677,0.0,0.62638354,0.6699301,0.0,0.0,0.8261059,1.0117012,0.5623541,0.0,0.0,0.5772326,0.79369736,0.7218806,0.0,0.779702,0.0,0.42506224,0.6614773,1.6420456,2.1621425,0.0,0.0,0.3328519,0.48162213,0.0,0.56318456,0.0,1.2604375,0.0,0.83177555,2.1722767,1.9373956,1.455121,0.0011335841,0.7485119,0.20231053,0.0,0.0,0.83726126,0.0,0.0,0.0,0.0,0.0,0.0,2.1376886,0.0,0.0,0.0,0.43684658,0.034650333,0.19505942,0.0,0.0,0.0,0.4081377,0.0
ACH-000672,0.37080956,1.6602076,0.39601374,0.0,0.0,0.0,0.0,0.1750294,0.1565082,1.5723299,0.38556075,1.1909741,0.35917404,0.0,0.44625422,0.0,0.0,0.0,1.6797891,3.594364,0.0,2.3903842,1.3780051,0.0,0.10744938,0.44968283,0.37036166,0.0,0.96653277,0.73290485,0.0,0.0,0.6443481,0.122564875,0.0,0.0,0.31926584,0.43387973,0.09683058,0.0,0.7365575,1.5808809,0.061076578,0.0,0.0,0.0,0.13282968,0.10923763,0.705723,1.052174,0.0,0.0,0.08225498,0.0,0.0,0.6193757,0.0,0.0,0.0,0.025557246,0.0,1.6689684,1.7389148,0.48437196,0.0,0.0,1.05494,0.0,0.0,0.7372826,0.19380489,0.0,0.0,0.0,0.5954918,0.0,0.0,1.3549081,0.416491,1.373361,0.55676687,1.5367728,0.0,2.0746615,0.0,0.46845758,0.0,0.14102131,2.5588374,0.75391227,0.0,0.0,1.1526159,0.0,0.2588613,0.0,0.0,0.64461577,0.19276275,0.0,0.0,0.0,0.48254326,2.6917505,0.0,0.27081454,0.0,1.2876639,0.0,0.0,1.437191,0.0,0.70721084,0.0,0.0,0.0,0.3625733,0.0,0.45357254,0.0,2.4229548,0.0,0.0,0.7524205,0.0,0.013571842,1.2304893,0.3098042,0.71246874,0.0,0.0,0.039163448,0.986736,0.09954478,0.0,0.0,0.8786094,0.0,0.0,0.7921239,0.0,0.0,0.0,0.0,0.0,0.0,0.0,0.06659239,0.3927537,0.21547863,0.0,0.0,0.0,0.0,0.29971817,0.0,0.6644022,0.23708598,0.0,1.9636972,0.56556046,0.0,1.9251444,0.08905029,0.0,0.0,1.1399152,0.6399027,0.018567009,0.0,2.1505003,0.0,0.13681701,0.8763915,1.7598414,0.0,0.67013067,0.0,0.8637387,0.0,0.0,0.46297643,0.7664845,0.0,1.2910925,1.1313211,0.0,1.024037,0.0,0.8292094,0.0,0.37535203,0.0,1.10319,0.23002325,0.0,1.7404331,0.0,1.1054889,0.0,0.76777554,0.55774695,0.111212656,0.0,0.0,2.900305,1.2656204,1.2401744,0.24227072,0.54647136,0.0,0.19662826,0.0,0.0,0.0,1.1209184,0.0,1.6256788,0.5381499,0.10310784,1.3712735,0.0,1.1149306,0.0,0.0,0.18202806,1.386352,0.0,0.013868603,1.3358315,2.3387249,0.0,0.0,0.97084934,0.55109274,0.0,0.734638,1.0691094,0.0,0.0,0.0,0.29562148,1.2852327,0.0,2.50882,0.0,0.0,0.0,0.4909505,0.0,0.59953356,0.24033473,0.0,0.0,1.7533356,0.878986
ACH-000186,0.0,0.99259037,1.4680803,0.0,0.0,0.06397051,0.39498213,0.0,2.5760722,0.71547365,0.0,1.5856495,0.6750589,0.0,0.7740545,0.0,1.069052,0.0,0.0,2.7313755,0.0,1.558105,1.7155,0.0,0.3007509,0.3838403,0.05177828,0.0,1.2667191,0.09218689,1.3663375,0.0,0.0,1.2432876,0.0,0.0,0.62886393,1.3564672,0.0,0.0,0.0,1.1020557,0.0,0.0,0.0,0.0,0.16469038,0.0,0.0,1.1376458,0.0,0.07611434,0.28386384,0.7281922,0.0,0.0,0.0,0.017527837,0.0,0.6053305,0.0,2.339212,0.44834483,1.6823426,0.46602097,0.0,0.0,0.0,0.0,0.1447272,0.003972251,0.0,0.0,1.8672739,0.8407179,0.0,0.0,1.4917494,0.0,0.6243209,0.00051433966,1.0655599,0.7339537,0.9732802,0.8875743,0.0,0.0,1.3225096,1.5716623,0.0,1.117944,0.2513761,1.0752468,0.46637133,0.9556104,0.75082064,0.0,0.0,0.3569863,0.0,0.3200348,0.0,1.6205189,1.4373877,0.15768783,1.517246,0.0,1.9602628,0.0,0.0654401,1.3872241,0.0,0.58616394,0.1923891,0.0,0.0,0.2060806,0.0,0.32952246,0.0,0.2787391,0.0,0.0,0.5902385,0.28066865,0.0,0.7410711,0.19211964,0.4864002,1.0432092,0.0,1.6275048,0.16944532,0.0,0.0,0.0,0.0,0.579072,0.0,0.7076679,0.6207835,0.0,0.0,0.0,0.7451046,0.0,0.92192084,0.0,0.044860683,0.8053612,0.0,0.0,0.0,0.0,0.4403972,0.06315164,0.5773131,0.70804566,0.6112131,2.0194402,0.46946922,1.2165103,0.9949816,0.0,0.0,0.0,0.0,1.175276,0.0,0.0,1.482804,0.0,0.0,0.0,1.095522,0.0,0.19985609,0.0,1.53534,0.0,0.0,0.62120384,0.3707668,0.1765942,1.7186922,0.37524834,0.73949564,0.26281014,0.7161769,0.0,0.95920485,2.013211,0.0,2.0469177,0.0,0.22058259,0.40929288,0.0,0.90869254,0.0,1.2064415,1.0045854,0.0,0.79148054,0.0,1.7685254,0.0,0.8178311,0.2022921,0.0,0.63147,3.2249022,0.0,0.0,0.0,2.820897,1.5957066,0.82366836,1.229279,0.0,0.58591413,0.0,0.16659392,0.31222057,0.96392214,0.55341935,0.8651354,0.0,0.5621158,1.2507765,1.697016,0.0,0.0,1.1576669,2.6149986,0.0,0.8065859,0.18883552,2.073706,0.0,0.0,0.0,1.1992738,0.0,1.1514815,0.0,0.0,0.0,2.3095737,0.0,0.551411,0.52690136,0.0,0.0,2.0968986,2.4408014
ACH-000677,0.0,2.5414488,0.0,0.0,0.59389466,0.0,1.8481961,0.0,0.63296217,0.42636928,0.0,3.4509656,0.0,0.0,0.7166142,0.1443854,0.42427224,0.0,0.0,3.0967033,0.0,0.29004773,1.5251316,0.0,0.0,0.0,0.0,0.0,0.83421403,0.92447215,1.6451403,0.0,0.0,0.90245813,0.0,0.0,0.0,0.8638616,0.7506758,0.0,0.0,0.07387429,0.0,0.0,0.0,0.0,0.0,0.90837604,0.0,0.003660654,0.0,0.0,0.0,0.0,0.0,0.0,2.0038266,0.22595797,0.0,0.0,0.0,0.32298863,1.3016269,0.74698466,0.78401023,0.0,1.5583701,0.0,0.0,1.6999539,0.0,0.0,0.0,0.0,0.09273044,0.0,0.0,0.0,2.210175,3.3029473,0.19651352,0.0,0.0,2.3162904,0.0,0.0,0.0,0.0,3.1039586,1.9145286,1.3195136,0.6630983,0.7605867,0.0,0.0,0.056519713,0.0,0.0,0.07237814,0.0,2.2049267,0.0,3.6714334,1.1611149,2.569077,0.0,0.0,1.0003083,0.0,0.11933623,1.7910801,0.34611508,0.0,0.0,0.82981575,0.0,3.5834408,1.5709565,2.8331246,0.021374863,0.42970893,0.0,0.0,0.0,3.314213,1.9367824,0.29969653,0.2763716,4.2231045,0.0,0.0,2.1032233,0.0,0.0,0.288254,0.0,0.41120186,0.86369187,0.0,1.1024275,0.57440925,0.0,0.0,0.0,0.8652745,0.0,0.0,1.224706,1.9329928,0.0,0.0,0.0,0.0,0.0,0.0,0.0,1.922463,0.0,0.0,2.7711458,1.5709004,2.3560455,2.6176932,0.4826056,0.7864581,0.0,0.0,1.4417683,1.6103044,0.0,1.9428345,0.0,0.32757348,0.0,0.5174231,0.0,0.0,0.0,2.8184683,0.0,0.0,0.0,1.4579736,0.0,0.08366816,2.5703485,1.0399592,1.9854391,1.0501966,0.09494678,0.0,1.2138422,0.4612209,0.0,0.8064021,1.3560047,3.0587487,0.0,0.46194467,0.0,1.3829776,2.6636589,0.0,0.0,0.0,2.5589626,0.0,0.0,0.0,0.0,0.0,0.38370058,0.0,0.0,0.0,0.40220153,2.3226335,3.35871,2.2576308,0.11213207,2.1364093,0.0,0.0,0.0,1.1813715,0.03541765,1.004207,0.0,1.3665727,1.8149847,2.7620246,0.26473373,0.0,1.6028745,1.3384478,0.0,1.4832969,1.0911283,0.7627581,0.0,0.0032383073,0.4774918,0.0,0.0,2.739281,0.0,0.0,0.0,0.74063486,0.0,0.41260996,1.5375737,0.0,0.0,2.1702735,0.6632478
ACH-000021,0.0,0.22092576,0.8163808,0.0,0.0,0.0,0.0,1.2220541,0.0,2.7266,0.0,2.0032065,1.1020428,0.528819,0.19160217,0.0,0.0,0.10146012,0.0,3.1911802,0.0,0.8591948,1.7399229,0.0,0.0,0.0,0.0,0.3440251,1.4405857,0.13321963,0.0,0.0,0.0,0.016111577,0.0,0.0,0.87142676,0.0,0.016825559,0.34184626,0.6342405,0.5350562,0.0,0.0,0.0,0.0,0.0,1.051378,0.32245174,0.18423891,0.0,0.0,0.0,0.0,0.0,0.0,0.0,0.0,0.0,0.0,0.5334025,0.6336826,1.2035838,1.2441494,0.0,0.0,0.0,0.0,0.0,1.3131186,0.0,0.0,0.0,0.0,0.0,0.32432154,0.47667786,0.0,0.0,0.9285095,1.121186,0.0,1.4298968,1.4488716,0.35849407,0.08570059,0.0,0.0,0.5564675,2.5822456,0.0,0.0,1.3163782,0.0,0.0,0.679246,0.0,0.05512005,0.03296721,0.0,0.59246963,0.21545412,1.0506995,1.8829136,0.0,1.9604317,0.0,4.047547,0.0,0.0,1.4319404,0.0,0.23753065,1.5541213,0.0,1.0647104,2.1018534,0.26820678,1.0012039,0.0,3.7777002,0.0,0.0,1.4806612,1.1167773,0.8913706,0.11752777,0.067851424,1.6591611,0.0,0.0,0.29980633,0.70673674,0.0,0.0,0.0,0.13209176,0.0,0.0,1.6650743,0.0,0.0,0.0,0.0,0.8455941,0.0,0.0,0.0,0.5614883,0.0,0.0,0.14983518,0.92053604,0.0,0.0,0.0,2.356544,0.92722404,0.15956715,1.2646626,0.0,0.0,0.30679494,0.0,0.0,1.1363856,0.0,0.51330996,1.1377169,0.0,0.0,0.0,1.1070256,0.0,1.9824642,0.45157775,2.5080256,0.0,1.3509578,0.0,0.7860833,1.632252,0.0,0.0,0.52070576,1.6301376,1.2055073,0.015606575,0.0,0.0,0.0,0.23942922,0.40081188,0.24398749,0.0,0.0,1.1821352,0.36063913,0.02932002,0.0,0.7093306,2.3909252,0.0,0.0,0.9263983,3.2097309,0.79832244,0.8763507,0.0,0.0,0.29417887,1.0465853,0.0,0.0,0.0,0.8251563,0.551639,1.6901997,0.74838763,0.2982128,2.3161612,0.0,0.0,0.0,0.0,0.0,2.3521583,0.0,1.8291606,2.6957264,1.5942312,0.0,0.0,1.3228015,1.1476818,0.0,0.0,0.9304525,0.0,0.0,0.0,0.21767023,0.0,0.0,2.524633,0.0,0.0,0.0,1.5904863,0.0,0.0,2.474745,0.0,0.0,0.6055818,2.6326468
ACH-000980,0.0,1.7597914,0.0,0.0,0.0,0.0,1.2536331,0.16512284,0.0,0.9714349,0.0,1.2760525,0.0,0.25613725,0.5820867,2.056065,0.0,0.0,0.0,3.598463,0.0,1.745394,1.1382945,0.0,0.0,0.0,0.0,0.0,2.044572,1.6537733,0.75131124,0.0,0.0,1.8153012,0.0,0.0,0.0,0.1811723,0.17597005,0.0,1.5667564,0.072136275,0.7762486,1.032102,0.0,0.3294758,0.19212736,0.3523401,0.54671305,0.8072017,0.0,0.0,0.0,0.0,0.0,0.0,0.25563475,0.14418183,0.0,0.0,0.21669695,0.07067518,2.0982802,1.099811,0.0,0.19767939,0.0,0.0,0.56715643,1.6666539,0.31045166,0.0,0.0,0.0,0.0,0.0,0.24191104,0.0,0.6189185,1.6113232,0.12546007,0.0,0.86931837,0.56258464,0.21034195,0.0,0.0,0.0,1.9479822,1.4320568,0.9040625,1.4574331,1.3784,0.0,0.0,0.0,0.0,0.0,1.2366385,0.0,0.3269944,0.0,2.1126714,1.8647408,0.7726464,0.9018056,0.0,0.9532409,0.0,0.0,1.064016,0.0,0.6148674,0.0,0.3949094,0.0,2.3781338,2.1386552,1.9911261,0.0,2.3956077,0.0,0.0,0.0,1.7061433,1.0340588,0.56502104,0.1281804,1.7625145,0.0,0.0,0.030706594,0.23313205,0.0,0.0,0.0,0.54771346,0.8975415,1.5049115,0.49729103,1.3615756,0.0,0.0,0.0,1.2542558,0.0,0.0,0.0,1.2371076,1.1025058,0.0,0.0,0.0,0.0,0.53756386,0.0,1.6703707,0.29695544,0.0,0.0,0.0,0.8118493,1.3794316,0.9395648,0.49936986,0.0,0.0,0.0,0.0,0.0,2.4318326,0.0,0.37419564,0.0,0.37488958,0.0,0.2920569,0.5359713,1.3127987,0.0,0.0,0.75021154,0.7851989,0.0,0.10862373,1.2185732,0.76814437,1.6235385,0.0,0.0,0.0,2.2729783,0.0,0.0,0.0,0.0,1.7612959,0.0,0.2693943,0.0,1.2912958,1.2130058,0.0,0.0,0.8779387,1.9406904,1.0492984,0.0,0.0,1.0474719,0.31693462,0.0,0.0,0.0,0.07757578,1.3552866,0.0,1.9245812,1.5715098,0.0,1.9987622,0.0,0.29297513,0.0,1.416307,0.0,0.94568366,0.7902774,0.0,0.89280033,1.271562,0.661765,0.0,0.14639771,1.7433512,0.0,1.6653347,0.7402043,2.028316,0.0,0.0,0.2753702,0.0,0.0,2.491192,0.0,0.0,0.0,1.403347,0.0,1.8341808,1.9701688,0.0,0.0,0.39645103,0.60513824
ACH-000012,0.9939826,0.15413491,1.7314303,0.0,0.6487996,0.0,0.0,0.0,2.079675,0.6719601,0.0,0.7150751,0.769835,0.0,0.0,0.0,1.4042715,0.0,0.6498533,1.1674408,0.59298456,0.7580385,1.2518784,0.0,0.55255735,1.0676576,0.2295457,0.13069575,1.0449148,1.231616,0.47385636,0.8118964,0.4420321,0.0,0.0,0.0,0.09322604,0.39032677,0.0,0.0,1.4039325,0.97492176,0.0,0.0,0.0,0.0,0.59983695,0.0,0.0,0.0,0.21728472,0.0,0.039359596,0.0,0.0,0.0,0.0,0.0,0.0,0.0,0.0,2.4926915,0.5531089,1.0023689,0.0,0.0,0.09412574,0.0,0.11728924,0.068884626,0.0,0.0,0.0,0.0,0.0,0.43519664,0.46955776,0.9372048,0.36584944,0.0,0.017599981,1.1683656,0.0,1.5426224,0.0,0.0,0.0,0.1720412,0.5205907,0.0,0.0,0.8260373,0.20834647,0.2709054,0.06331968,0.0,0.0,0.7507507,0.0,0.0,0.0,0.0,0.90678114,1.1339135,0.7532068,0.6827099,0.35282382,1.7385621,0.5233604,0.30062103,0.29855272,0.0,0.0,0.0,0.0,0.35880086,0.73752236,0.0,1.0792266,0.0,0.6846773,0.0,0.0,0.9339793,0.0,0.0,0.0,0.0,0.44833237,0.0,0.32209736,0.0,0.6716632,0.0,0.0,0.0,0.0,0.0,0.0,0.01187706,0.1459126,0.0,0.0,0.54831004,0.076885365,0.0,0.0,0.5740398,1.681549,0.5911391,0.0,0.5056201,0.3936276,0.0,0.0,0.0,0.33999154,0.7912742,0.0,0.92571986,0.018902445,0.0,1.006723,0.0,0.0,0.0,0.0,0.0,0.28133982,0.0,0.72018456,0.0,0.0,0.0,0.83358026,0.0,1.828434,0.0,0.65300465,0.0,0.24985935,0.5795867,0.5106121,0.0,0.83808273,0.0,0.008843323,0.0,0.17269373,0.0,0.25505823,0.0,0.22348005,1.9221017,0.6386262,0.79887444,0.19613238,0.0,0.45810282,0.0,0.0,0.10662644,0.0,0.6412522,0.0,2.550424,0.0,0.40401837,0.0,0.0,0.8579654,0.0,0.0,0.0,0.16141169,0.780133,0.66323787,0.48779204,0.0,0.0,0.0,0.0,0.37977156,0.0,1.3212765,0.8353921,0.82971895,0.75995845,0.5195105,1.3799676,0.6175134,0.0,0.0,0.0,2.3249638,0.0,0.18382096,0.37393194,1.2608154,1.0657556,0.50560987,0.0,0.049805835,0.0,0.6596488,0.0,0.0,0.0,2.5221016,0.0,0.8609454,0.81533724,0.0,0.0,0.51653755,0.8764365
ACH-000852,0.0,0.06541196,0.0,0.0,0.0,0.0,2.145021,0.0,1.4895624,2.0102046,0.0,0.28566396,1.2331518,0.0,0.71927744,0.0,0.57939917,0.0,0.5825184,2.680429,0.5443828,0.113380276,2.8106704,0.0,0.0,0.438826,0.44470805,0.0,0.076855965,0.34977415,0.0,0.0,0.0,1.1364394,0.0,0.0,0.0,0.5884299,0.16260347,0.0,1.6016828,1.5156777,0.87777174,0.0,0.0,0.0,0.0,0.09561477,0.28205034,0.0,0.0,0.7463382,0.0,0.0,0.0,0.0,1.5770769,0.0,0.0,0.0,0.0,3.088496,0.9295089,1.3716717,0.0,0.0,0.051527105,0.0,0.0,2.1323848,0.0,0.0,0.5440149,0.28569335,0.7991307,0.0,0.52748847,1.0395774,0.2910352,0.1510492,0.9755565,0.0,0.60960484,2.644745,0.01677544,0.0,0.0,0.0,0.5698884,1.3457443,0.0,0.43397683,0.0,0.0,0.0,0.0,0.35919625,0.0,0.9664787,0.0,0.0,1.0612793,0.0,1.1620768,1.9719373,0.18956903,0.0,2.7737596,0.0,0.0,1.0502061,0.0,0.0,0.0,1.463972,0.13677034,0.0,0.8090759,2.1274447,0.0,1.0692426,0.0,0.0,0.55850565,2.1881073,2.1203356,0.81384706,0.0,0.0,0.0,0.015357686,0.0,0.0,0.0,0.0,0.0,1.4603924,0.0,0.0,1.2515545,0.0,0.0,0.0,0.0,0.0605598,0.0,0.78581333,0.32475933,1.2758068,0.037001073,0.0,0.112929806,0.0,0.0,0.0,0.7659751,1.6536688,1.3051847,0.0,0.0,0.2983293,0.0,0.92387724,0.82296425,0.0,0.0,0.0,0.62381303,1.6715503,0.041571654,0.0,0.0,0.096436016,0.422859,3.4107678,0.53741205,0.1698545,0.0,1.014192,0.0,0.0,0.619466,0.47126037,0.0,2.9082587,1.6341838,0.70945424,0.0,0.0,0.0,0.0,1.3540874,0.6726335,3.2394805,0.0,0.0,0.0,0.7121377,0.0,0.0,0.0,0.0,0.0,0.0,0.0,2.1049016,0.095802,0.0,0.0,0.0,0.0,0.48579326,0.0,0.0,0.0,0.0,0.5575364,1.2930768,0.0,0.0,0.9234201,0.0,2.6651807,0.0,1.706261,0.0,0.75763863,0.0,1.1366085,1.8052101,2.3128273,0.6001063,0.0,2.439584,3.1231148,0.0,0.0,0.77996033,0.0,0.49467602,0.0,0.0,0.0,0.5724614,2.4548314,0.87054807,0.0,0.0,2.6841786,0.0,0.96320957,2.7919734,0.0,0.0,0.0,1.3742037
ACH-000448,0.0,0.5318802,2.1606486,0.0,0.0,0.0,0.25850353,0.0,1.6986281,0.6465682,0.0,0.65815973,1.0227218,0.0,0.38004047,0.0,0.0,0.0,0.46560755,1.5041904,0.0,0.26002866,1.7409195,0.0,0.18142375,0.31344205,1.2764452,0.27304834,0.0,0.13751826,0.825068,0.2342165,0.0,0.0,1.3325826,0.0,1.6648774,1.2681178,0.0,1.486017,0.0,0.035205882,0.0,0.0,0.0,0.0,0.18924828,0.105349444,0.0,0.0,0.0,0.0,0.20000294,1.1115785,0.28030136,0.5648602,0.0,0.0,0.0,0.32416517,0.0,3.2102678,1.6997685,0.21209134,0.0,0.0,0.0,0.0,0.0,0.0,0.0,0.0,0.0,0.2812237,0.0,0.0,0.18042375,0.98777485,0.0,0.37156072,0.76884854,1.325959,0.9126482,1.4405996,0.64499617,0.0,0.0,0.0,0.07193162,0.30715388,0.0,0.0,0.97168493,0.0,0.21123043,0.0,0.0,0.0,0.0,0.0,0.32839656,0.0,0.0,0.29302996,0.0,1.1290555,0.0,2.9198532,0.0,0.0,0.2924305,0.0,0.43662712,2.058528,0.602512,0.0,0.0,0.7757759,0.67929095,0.0,0.74874544,0.0,0.0,0.11442645,1.6790636,0.0,1.2838018,0.0,0.78351074,0.0,0.6979438,0.0,0.37438968,0.0,0.0,1.1242546,0.0,0.027154267,0.0,1.9867612,0.0,0.0,0.0,0.0,0.36878943,0.0,0.5802021,0.6668958,0.896816,2.0397267,0.0,0.0,0.0,0.0,0.0,0.0,2.139054,1.6938934,0.0,0.46821186,0.0,0.0,0.12752804,0.39932203,0.5398104,0.0,0.15872599,1.4694002,1.0504481,0.0,0.5534028,0.0,0.0,0.09247711,2.0489888,0.0,2.3180225,0.0,0.16056857,0.0,0.0,0.0,1.0875788,0.0,0.0,1.3228496,0.23731656,0.17517115,0.03533154,0.38212642,1.2600498,0.48081523,0.0,1.8507105,0.0,0.0,0.0,0.30205876,1.2661517,0.0,0.32063746,0.0,0.0,0.13306318,1.2698424,1.8714002,1.3058103,0.0,0.0,0.0,0.80509514,1.4785388,0.0,0.0,0.0,0.97544175,0.56258756,0.0,1.3454634,0.0,0.0,0.7254976,0.56420386,0.0,1.6280936,0.049222562,0.0,0.0,0.20263377,1.4056973,2.2038243,0.39692962,0.0,1.4793375,2.6641536,0.0,1.14467,0.0,0.52392805,2.2945297,0.08606218,0.0,0.46123424,0.0,2.33394,0.78459406,0.0,0.0,2.6759496,0.0,0.9939206,0.86921054,0.526947,0.0,0.5313675,1.2225326
ACH-000945,0.0,0.0968777,0.0,0.0,0.0,0.0,0.73362446,0.0,0.08350548,1.1868505,0.0,2.0006084,0.0,0.0,0.0,0.0,0.2904108,0.0,0.18075672,2.7830865,0.0,0.37399206,1.4092321,0.0,0.0,0.46079293,0.26569343,0.0,1.2609291,1.0978671,1.3794044,0.0,0.0,0.0,0.0,0.0,0.0,1.0735937,0.46807116,0.35202348,0.2587828,1.158478,0.68112683,0.0,0.2525971,0.0,0.0,0.6000035,0.0,0.62027377,0.0,0.16781414,0.0,0.025860254,0.31312072,0.2958683,0.4997019,0.0,0.0,0.0,0.0,1.1161399,3.3671572,0.8828759,0.0,0.5039121,0.110226266,0.0,0.0,0.29461744,0.97814935,0.0,0.0,1.3796375,0.46083242,0.0,0.63930744,0.4596774,0.0,2.3869758,0.0,0.5351158,0.0,0.8638184,0.0,0.0,0.0,0.0,2.0018864,1.80699,0.0,0.20661882,0.65175265,0.0,0.029309658,0.0,0.0,0.0,0.0,0.0,0.0,0.0,0.22044355,1.9187437,0.92330205,0.5600768,0.0,0.5382674,0.0,0.0,0.0,0.0,0.8082869,0.0,0.033183284,0.0,0.8586129,1.0977622,0.584742,0.0,2.1101258,0.0,0.0,0.3515291,0.0,0.35191727,0.5708893,1.0980477,0.71844006,1.3656543,0.0,0.0,0.0,0.0,0.0,0.0,0.6007488,1.1386431,0.0,1.6280149,0.8644507,0.0,0.0,0.0,0.7244645,0.0,0.0,0.017497784,0.20375775,1.139975,0.0,0.0,0.0,0.0,0.2170164,0.0,1.3966159,0.81603956,0.96894026,0.9227968,0.0,1.6322438,0.85223657,0.0,0.23185386,0.0,0.2575299,0.47263867,0.0,0.0,0.0,0.0,0.12544769,0.0,1.9538406,0.0,0.8446861,0.0,1.1050714,0.37852958,0.0,0.062113807,0.81991655,0.0,0.5369208,0.054469116,0.0,1.7305071,0.0,1.007225,0.391966,1.4881977,0.0,0.5368739,0.2730779,0.0,0.31905618,0.0,1.0167334,0.0,0.0,1.0103656,0.0,1.1474907,1.4728653,2.903507,1.1045651,0.50127023,0.9104214,0.15514626,0.13337523,0.28287926,0.0,0.0,0.0,0.70935684,0.24963322,1.5222727,0.15350749,0.40091428,0.9017797,0.0,0.22835405,0.0,1.3696014,0.0,1.8611912,0.0,1.0711178,0.8902565,2.553962,0.0,0.0,1.1516854,0.81274444,0.0,0.7503886,0.98112446,0.07097402,0.0,0.10798052,0.728654,0.0,0.0,2.3105457,0.0,0.0,0.0,0.43960953,0.0,0.625019,0.57717407,0.0,0.0,0.0,0.0791853
ACH-000662,0.0,0.74708307,0.0,0.0,0.0,0.0,0.5556437,0.0,0.0,1.2249814,0.0,0.43208474,0.0,0.0,0.0,0.0,0.18405466,0.0,0.007958089,0.87315106,0.0,0.0,1.7303246,0.0,0.0,0.0,0.69884086,0.0,0.45220563,0.07225331,0.0,0.0,0.0,0.10533074,0.0,0.024277896,0.43906462,0.35204363,0.1424665,0.7734514,0.57313484,1.0009751,0.0,0.0,0.0,0.0,0.86961263,0.0,0.30277523,0.90891075,0.0,0.028409239,0.042263363,0.1796939,0.0,0.0,0.8294091,0.0,0.0,0.0,0.05946606,2.9765549,1.69188,2.6564136,0.0,0.20067546,0.63454634,0.0,0.0,1.5836655,0.7242809,0.0,0.043683283,1.2346492,0.24640532,0.0,0.2667473,0.99352884,0.0,1.2655098,0.89891857,0.0,0.2630561,1.318193,0.0,0.0,0.0,0.0,1.3399943,1.0986443,2.0721157,0.7997791,0.80874056,0.0,0.0,0.0,0.0,0.0,0.71650386,0.0,0.0,0.0,0.0,0.8467768,1.0272436,0.0,0.0,2.126529,0.0,0.0,0.0,0.0,0.0,0.20616451,0.0,0.0,2.0376632,0.46798205,1.7210432,0.0,1.7117083,0.0,0.0,0.0,1.0274564,0.33980033,0.0,0.0,0.3145474,0.07056492,0.9757396,0.0,0.30258486,0.0,0.0,0.0,0.6879648,0.0,0.0,0.9040967,0.7302716,0.0,0.0,0.0,2.1075284,0.0,0.24731018,0.16149743,0.10559286,0.0,0.0,1.2853868,0.0,0.0,0.0,0.0,1.6590692,1.5885684,0.6262968,0.0,0.0,0.0,0.62216043,0.0,0.0,0.0,0.005331357,2.7242825,0.9002193,0.0,0.9371648,0.0,0.26148856,0.87672895,1.6860567,0.22280517,0.9908767,0.0,1.3191082,0.0,0.0,0.6989371,1.3862616,0.0,2.4464793,1.5262572,0.8909168,0.0,0.0,0.0,0.0,0.5645552,0.0,1.2656505,0.0,0.08669572,0.0,0.0048978236,0.0,0.336893,0.0,0.0,0.0,0.0,0.0,1.5297238,0.07924577,0.8978078,0.0,0.0,0.0,1.0399786,0.0,0.0,0.0,0.2839585,0.32908314,2.032696,0.54988533,0.1679331,0.0,0.0,0.37472138,0.0,0.16335325,0.0,0.82373077,0.7574908,0.998344,1.651688,1.5301299,0.0,0.0,0.54273385,2.4786398,0.0,1.036063,0.09600871,0.0,0.6393585,0.0,0.19085413,0.0,0.0,2.3416343,0.8306471,0.0,0.0,0.92942214,0.0,0.83187014,2.0404387,0.0,0.0,0.0,1.0881722
ACH-000867,0.0,1.1119382,0.0,0.0,0.0,0.0,1.750146,0.0,0.8923375,1.4241463,0.0,1.7347223,0.0,0.23765494,1.238926,0.0,0.0,0.0,0.0,2.533741,1.0849608,0.0,1.9469274,0.0,0.0,0.0,0.27860236,0.0,0.0,0.0,0.0,0.0,0.0,1.0726843,0.0,0.0,0.20065495,0.0,0.7116375,0.87631667,0.5368032,1.3238392,0.30074993,0.0,0.16882682,0.0,0.0,1.3705161,0.0,0.0,0.0,0.0,0.9017772,0.24651778,0.0,0.50387776,0.88450706,0.0,0.0,0.0,0.0,0.77779436,0.0,1.0035388,0.079338126,0.0,0.50810134,0.0,0.0,2.1172216,0.0,0.0,0.0,0.15456253,0.0,0.3405602,0.2125536,0.0,0.0,1.7893783,0.0,0.0,0.7931186,0.46776885,0.27114004,0.0,0.0,0.0,0.0,0.22535677,0.0,0.0,0.5729463,0.0,0.0,0.06603724,0.0,0.0,0.0,0.0,0.13573991,0.556709,1.380533,1.2723014,1.474102,1.044529,0.0,1.1918886,0.0,0.0,0.17142661,0.86478764,0.8226397,0.0,1.9674648,0.0,0.0,0.55450296,0.5172146,0.0,1.8151543,0.0,0.0,1.1141591,1.6055174,0.72042316,0.0,0.23003682,0.48980272,0.0,0.5576312,0.8497697,0.030978123,0.0,0.7608989,0.072409056,1.1106883,0.0,0.0,0.40594423,1.2743869,0.0,0.0,0.0,1.6029551,0.0,0.25183022,1.0666066,0.0,0.45477164,0.0,0.0,0.0,0.0,0.0,0.0,2.0626934,2.0681534,0.4585562,2.9220119,0.43090254,0.0,1.8931503,0.39571342,1.4625885,0.0,0.0,1.5749129,1.4773399,1.0945886,1.1044205,0.0,0.50858265,0.0,1.8792188,0.0,0.0,0.0,2.4328632,0.0,0.0,0.20391832,0.5804951,0.0,1.9554195,0.0,1.155664,0.79340994,0.04662565,0.0,0.0,0.6270122,1.0110275,0.7794849,0.0,1.0621183,0.0,0.0,0.0,0.1145134,0.0,0.0,0.0,0.0,0.0,2.8048325,0.0,0.0,0.0,0.0,0.1452419,1.6948884,0.0,0.0,0.8791605,0.5559649,0.0,1.8495277,0.14181691,0.80800414,0.0,0.0,0.49861127,0.0,2.1647444,0.5689594,0.2666613,0.0,0.80542743,0.9494638,0.0,1.5826828,0.0,1.5011361,1.5847126,0.0,0.16931398,0.52899283,0.0,2.007507,0.0,0.6046867,0.0,0.0,0.25492144,0.0,0.0,0.0,1.6271541,0.0,0.0,3.2727702,0.0,0.0,0.09199487,2.0313976
ACH-000282,0.0,0.7274751,0.0,0.0,0.0,0.0,1.6450074,0.0,0.20584443,0.41880074,0.6075413,1.0777675,0.43049973,0.3100145,1.1510788,0.0,0.15454762,0.0,0.63938814,2.5631263,0.0,0.14951849,0.70475745,0.0,0.065311894,0.0,0.5602656,0.0,0.17323782,0.6944924,0.104284324,0.0,0.0,0.0,0.0,0.08993919,0.0,0.0,0.0,0.20076947,0.024921242,1.435515,0.4312104,0.0,0.0,0.0,0.0,0.61599845,0.0,1.7316259,0.0,1.6151786,0.6623964,0.7918579,0.0,0.0,0.0,1.024629,0.0,0.0,0.0,0.06209497,1.6135443,0.0,0.3769171,0.0,0.0,0.0,0.8460161,0.43247297,0.5282567,0.0,0.0,0.0,0.0,0.2949283,0.0,0.0056718783,0.79859656,0.12720597,0.2086197,0.0,0.023226516,1.0518622,0.0,0.5108037,0.0,0.010716896,0.96668357,1.5032303,1.1922283,0.20291068,0.765692,0.26051438,0.0,0.37218025,0.0,0.0,0.0,0.0,0.075030856,0.27493605,1.0256113,0.13270189,0.48659024,0.45767072,0.0,0.6857793,0.0,0.0,1.0485355,0.0,1.4647557,0.05651769,0.96806663,0.07388598,1.6787279,1.034686,0.4448025,0.0,2.2003767,0.0,0.37411427,0.0,1.0673656,0.74899393,0.58999044,0.20925455,1.2211988,1.0599644,0.0,0.0,0.20018934,0.93447685,0.0,0.23360331,0.08456237,0.95034885,0.0,0.48674455,0.09785286,0.0,0.0,0.0,0.37757206,0.031130722,0.0,0.3490849,0.68408185,0.989866,0.0,0.0,0.13183132,0.0,0.48194346,0.07687046,0.24242872,0.56206954,0.20558754,0.6204697,0.10735837,0.7858195,0.5828701,0.0,0.0,0.0,0.46622252,0.37661713,0.18394549,0.0,0.7119231,0.0,0.5743071,0.0,2.3645341,0.0,0.9815996,0.2581733,0.88517416,0.0,0.0,0.0,0.27791688,0.0,0.0,1.9892455,0.0,0.36338413,0.040164225,0.56850165,0.0,1.5642242,0.5663167,0.17036144,0.0,0.6264781,0.39976928,0.0,0.77298975,0.0,0.0,0.0,0.1492219,0.0,1.2183884,2.0936294,0.7542076,0.0,0.0,0.74656725,0.0,0.0,0.0,0.0,0.19467688,0.030673325,0.5100785,0.32344756,0.35630196,0.36941424,1.0983251,0.0,0.0,0.0,0.61159295,0.05602183,0.6057927,0.0,0.4966757,1.2066351,2.9633117,0.18590328,0.0,0.87398154,0.38520154,0.0,0.12085976,0.0,0.0,0.0,0.14720903,0.34872386,0.0,0.0,1.6844057,0.0,0.0,0.06733997,1.1214719,0.0,0.0,0.0,0.0,0.0,0.36395553,0.6419281
ACH-000766,0.0,0.0,1.4329475,0.0,0.16700223,0.21146327,0.0,0.3235099,0.0,0.8510375,0.0,0.0,0.013134018,0.0,0.85219294,0.0,0.9824992,0.0,0.0,1.6498513,0.0,0.14939709,1.6599113,0.0,0.070449814,0.0,0.0,0.0,0.11952261,0.0,0.0,0.0,0.0,0.628192,0.14114399,0.0,1.3121779,0.31522873,0.0,0.31368273,0.0,1.0926671,0.008066203,0.055207115,0.0,0.0,0.0,0.6984096,0.0,0.0,0.0,0.0,0.43078125,0.0,0.0,1.0060999,0.0,0.0,0.0,0.44420677,0.0,1.7126524,1.3318019,0.8454973,0.0,0.0,0.0,0.0,0.0,0.49318436,0.37964663,0.0,0.0,0.8014726,0.0,0.084734626,0.0,1.4516939,0.0,0.0,0.6091562,0.25089204,0.0,1.652694,0.0,0.11694236,0.0,0.0,0.0,0.0,0.30923855,0.0,0.13390598,0.0,0.27994528,0.45338777,0.017549874,0.0,0.35612202,0.0,0.0,0.0,0.093441054,0.5968472,0.2886034,0.17986664,0.0,1.5656538,0.0,0.0037420266,0.0,0.0,0.0,0.5609465,0.047049068,0.0,0.26981,0.0,1.1306055,0.0,0.27536592,0.0,0.0,0.0,0.3277193,0.0,0.39519385,0.0,0.0,0.02828801,0.0,0.0,0.15246238,0.0,0.0,0.0,0.0,0.0,0.0,1.4814914,0.112178646,0.0,0.0,0.0,1.0595951,0.0,0.47159487,0.0,0.0,0.8761673,0.0,0.45588732,0.0,0.0,0.0,0.25898346,0.47118938,0.8782791,0.06924523,1.179572,0.55903715,0.0,0.6547286,0.110169776,0.0,0.0,0.0,0.56315655,1.1421391,0.0,0.0,0.0,0.0,0.0,0.9401681,0.0,0.5693483,0.0,0.0,0.0,0.0,0.40966544,0.82374585,0.0,1.1211313,0.4428749,0.0,0.51101774,0.044703625,0.0,1.0875416,0.0,0.0,1.8015081,0.0,0.0,0.0,0.35795036,0.0,0.397424,0.0,0.0,0.0,0.0,0.20928259,1.2066392,0.71303374,0.0,0.0,0.84565884,0.6091866,0.79274243,0.0,0.0,0.0,0.46987984,0.5197075,0.07597599,0.0,0.33554488,0.6067024,0.0,1.1658359,0.707666,0.59816706,0.97857606,1.1358157,0.0,0.6847111,0.8594286,0.7036872,0.7062822,0.0,0.9851884,2.4606466,0.0,0.0,0.48835567,0.31425112,1.6464885,0.0,0.25571844,0.125692,1.0874074,0.5850793,1.1358979,0.0,0.0,1.4344965,0.0,0.5599687,0.80121833,0.0,0.0,0.85910666,1.6908046
ACH-000343,0.0,2.222009,0.0,0.0,0.0,0.0,1.8601685,0.31211072,1.4252642,1.7817159,0.0,2.1350086,0.0,0.0,0.0,0.0,0.58343697,0.0,0.0,3.4492075,0.0,0.0,0.0,0.0,0.0,0.0,0.0,0.0,0.0,0.5040477,0.0,0.0,0.0,0.5852089,0.1011533,0.25355813,0.0,0.9187593,0.76734555,0.0,1.2191079,0.98521245,0.13348944,0.0,0.07398852,0.52452624,0.04208897,0.44616437,0.16344194,1.2669257,0.0,0.0,1.9090753,0.0,0.0,0.0,2.0174088,0.0,0.0,0.0,0.0,0.0,1.0540982,0.0,0.0,0.35081145,0.0,0.0,0.0,2.7507908,0.1306568,0.0,0.19810909,0.0,0.0,0.0,0.43673024,0.0,2.176157,3.4122565,2.0404482,0.0,0.71816546,2.0023212,0.0,0.0,0.0,0.0,2.16016,2.056897,0.45253566,0.3774545,0.8137414,0.0,0.0,0.0,0.0,0.0,0.0,0.0,0.0,0.15766902,2.443004,1.4023309,2.7879672,0.0,0.0,0.70270604,0.0,0.45227733,0.0,0.0,2.5900738,0.0,1.18616,0.039718896,2.6548834,0.8960732,2.1353745,0.0,3.4916651,0.79307777,0.0,0.3252101,0.37113237,0.5986522,0.0,0.63440216,3.3036873,0.7814521,0.0,0.0,1.2817546,0.0,2.1132896,0.0,2.5671334,1.6953119,0.0,1.9652231,0.0,0.0,0.0,0.0,0.34609652,0.0,0.0,0.75756186,0.45695153,0.0,0.0,0.0,0.0,0.0,0.080503464,0.0,2.4035654,1.5510412,0.0,0.7524214,0.0,1.8598568,0.7246283,0.744344,0.0,0.50622654,0.0,0.97124034,0.80191016,0.0,0.12865059,0.0,1.3326454,0.0,1.0369775,0.0,0.2848394,0.0,2.2259693,0.020905863,0.6325299,0.99074095,1.4216719,0.0,0.33112636,0.35861427,1.2589262,1.8497033,0.0,0.0,0.1691787,3.343997,0.0,0.0,0.0,0.95829624,0.6677527,0.0,0.6403334,0.0,0.0,1.7172334,0.0,0.0,0.0,1.9632025,1.0901531,0.0,0.0,0.0,0.0,0.0,0.0,0.0,1.5388333,0.9448363,0.0,1.4685893,1.387207,0.0,2.0179546,0.0,0.0,0.0,1.3769081,0.0,1.7763382,2.1604414,0.709052,1.6553386,2.2634866,1.6451075,0.0,1.0651693,1.4679904,0.0,2.7369454,0.75608236,0.780489,0.0,0.0,0.4755535,0.0,0.0,2.9706535,0.0,0.0,0.0,0.0,0.0,0.0,2.6993828,0.0,0.0,0.97428197,1.7809973
ACH-000733,0.31390065,0.0,0.0,0.0,0.0,0.0,0.08772588,0.42030996,0.11170299,0.614526,0.0,0.60964537,0.2741138,0.0,0.92367303,0.0,0.14095362,0.0,0.0,0.9656279,0.10548106,0.78901994,0.810368,0.0,0.0,0.0,0.0,0.0,0.5599851,0.9101772,0.3428052,0.34890106,0.0,0.1439615,0.0,0.0,0.8512829,0.0,0.0,0.0,1.529505,0.4417988,0.0,0.0,0.0,0.0,0.023185119,0.0,0.0,0.6060621,0.0,0.0,0.0,0.0,0.0,0.0,0.0,0.0,0.0,0.0,0.0,0.9428719,0.85486317,0.6556461,0.4552477,0.0,0.5613439,0.0,0.0,0.0,0.008496169,0.0,0.0,0.74609905,0.0,0.03594712,0.0,0.17776081,0.0,0.898201,0.0,0.011626786,0.0,0.8924882,0.17627732,0.0,0.0,0.0,0.0,0.39355844,0.0,0.0,0.0,0.0,0.0,0.25878122,0.0,0.0,0.0,0.0,0.14929515,0.07172631,0.16155818,0.9732969,0.0,0.5110863,0.0,0.6241177,0.0,0.0,1.2618678,0.0,0.0,0.17325467,0.0,0.0,0.71255064,1.2299833,0.8039801,0.0,1.0418012,0.0,0.0,0.3618131,0.801724,0.0,0.9387829,0.0,0.2302036,0.65007323,0.06751454,0.31678218,0.7709468,0.0,0.0,0.43033233,0.17532295,0.0,0.0,0.4442088,0.0,0.0,0.2585481,0.0,0.56648797,0.0,0.0,1.0974993,1.3084182,0.2753951,0.0,0.0,0.0,0.0,0.0,0.0,0.44980034,0.7028267,0.057836704,0.93242806,0.6400809,0.0,0.3553595,0.0,0.0,0.0,0.0,0.56526774,0.0,0.0,0.2787097,0.0,0.0,0.0,0.59226626,0.52446795,0.5198634,0.34165385,0.0,0.0,0.0,1.4909333,0.0,0.0,1.0885469,0.9311618,0.2933585,0.0,0.6173458,0.0,0.06216785,0.75016886,0.47443837,1.2652377,0.06668942,0.044057194,0.28346837,0.0,0.0,0.0,0.2809767,0.0,0.0,0.015118374,0.0,0.8646434,1.2499923,0.31731272,0.0,0.0,1.2509971,0.0,0.0,0.0,0.1473673,0.27118504,0.795569,0.6729523,0.25117958,0.0,1.2453989,0.0,0.0,0.0,0.98344135,0.44589975,0.0,0.23885232,1.003564,0.9476984,0.60077554,0.0,0.015899189,0.0,1.4117583,0.0,0.44371808,1.4439104,0.70580393,0.43740273,0.0,0.0,0.0,0.0,1.2347519,0.0,0.0,0.15843223,1.527797,0.0,0.5062859,0.13815396,0.0,0.0,0.0,1.8287315
ACH-000681,0.0,0.5537112,0.0,0.0,0.0,0.0,0.63402236,0.16698349,1.3080822,0.56420183,0.0,0.8887074,0.0,0.0,0.93336546,0.0,0.7762,0.0,0.938285,1.3915033,0.6611544,0.0,0.35494792,0.0036663779,0.0,0.0,1.0046171,0.0,0.77041066,0.0,0.0,0.0,0.0,0.32966495,0.0,0.96825874,0.70884544,1.1454016,0.0,0.6643133,1.0255316,0.8040294,0.0,0.7507785,0.0,0.0,0.0,0.0,0.0,0.5887688,0.0,0.0,0.5926407,0.0,0.33146074,0.0,0.57864535,0.38142923,0.0,0.0,0.0,0.06727289,0.70484906,0.29570174,0.0,0.0,0.3803299,0.0,0.32942766,1.6200364,0.0,0.0,0.0,0.0,1.1072905,0.3471947,0.724191,0.0,0.49448302,1.6116812,1.4137142,0.0,0.0,0.5529796,0.25666434,0.0,0.0,0.0,1.3669018,0.203135,1.1432772,0.0,0.0,0.49418753,0.0,0.0,0.0,0.0,0.0,0.0,0.0,0.0,0.780351,1.0641451,0.6177117,1.1501338,0.17645568,0.8252764,0.0,0.0,0.31138107,0.0,0.0,0.6178855,1.098493,0.3769188,0.0,0.43580306,1.5038676,0.0,0.61922973,0.0,0.5855759,0.4542472,1.3142383,0.6279428,0.0,0.21655712,0.90253156,0.72398883,0.5872112,0.0,0.5539828,0.0,0.0,0.83719283,0.914366,0.512127,0.0,0.19262654,0.022735234,0.12038622,0.0,0.0,0.63639176,0.0,0.0,0.54705507,0.0,0.5756244,0.0,0.0,0.0,0.0,0.52182347,0.28297383,0.4538783,0.9004469,0.0,1.6637247,0.0,0.0,1.1165657,0.0,0.35383654,0.0,0.1806365,1.2137746,1.6724035,0.6515343,1.1455727,0.0,0.16865662,0.0,1.1335144,0.0,0.0,0.28470138,1.3290268,0.0,0.0,0.0,0.3377631,0.0,0.0,0.0,0.0,0.8409856,0.0,0.0,0.0,0.41892147,0.0409818,0.0,0.24645157,0.74681735,0.3827087,0.0,0.17868586,0.50366324,0.0,0.014688004,0.0,0.1614274,0.9413067,1.7822677,0.0,0.0,0.32201806,0.69807947,0.0,0.1290005,0.0,0.0,0.6497278,0.0,0.0,0.8770225,0.5296738,0.0,0.27712184,0.0,0.08057965,0.0,1.4479604,0.804636,0.0,0.3243905,1.0758299,2.0979457,1.1789702,0.22661,0.0,0.069746695,0.34940028,0.0,0.0,1.4919002,0.0,0.0,0.37005025,0.18355438,0.0,0.0,2.251646,0.31624252,0.0,0.0,0.29282412,0.0,0.60852903,0.22794022,0.0,0.0,0.82096905,0.0
ACH-000482,2.19865,0.5926242,0.5319959,0.0,0.0,0.58460444,1.8897039,0.1470583,0.5331165,0.68423927,0.0,0.071868315,0.5370813,0.0,1.2190695,0.0,2.243992,0.0,0.0,4.2345386,0.14861812,0.0,2.141575,0.0,0.0,0.47255626,0.6674029,0.0,0.32868126,0.13721234,0.0,0.0,0.0,0.3612697,0.0,0.43087193,0.0,0.0,0.42780167,0.6229096,0.730268,2.3066592,0.0,0.0,0.36124134,0.0,0.53753835,0.0,0.0,0.0,0.0,0.0,0.0,0.3550334,0.0,0.0,0.6007755,0.0,0.0,0.9696345,0.0,1.8724875,1.9386977,0.0,0.0,0.0,0.0,0.0,0.0,0.92815477,0.0,0.0,0.44356745,0.45713782,0.6949854,0.0,0.0,0.0,1.4776305,0.0,0.0,0.0,0.0,1.3131924,0.7704867,0.32885677,0.0,0.0,0.0,1.1636078,0.13451008,0.0,0.0,0.0,0.0,0.97331995,0.9790472,0.0,0.0,0.0,0.0,0.28500772,0.46378407,0.0,0.4097075,0.6770778,0.0,1.1987422,0.0,0.0,0.70058763,0.051104903,0.29635942,1.5381644,1.480493,0.26189172,0.0,0.2365135,0.7187223,0.0,1.286326,0.0,0.0,0.0,0.16732056,0.72995985,0.51704234,0.0,0.0,0.031232301,0.0,0.0,0.0,0.0,0.097920775,0.0,2.0260794,0.0,0.48165056,1.3699946,1.0667967,0.0,0.0,0.0,1.5429429,0.0,0.20521319,0.6311161,2.1349237,1.7731667,0.0,0.16990234,0.25895348,0.0,0.0,0.0,1.4409692,2.875123,0.5304898,1.1535004,0.86966205,0.0,0.00080475654,1.2387581,0.0,0.0,0.0,0.64220357,0.0,0.0,1.4372292,0.4968141,0.0,0.0,2.7384884,0.06406345,1.4648485,0.0,1.3777605,0.0,0.0,0.088388756,0.0,0.5025957,2.185263,1.0344864,0.0,0.98659605,0.09384417,0.0,0.0,0.3176432,0.0,1.2884225,0.0,0.0,0.0,0.0,0.0,0.0,0.044153467,0.0,0.0,0.0,0.0,3.3590312,1.885406,0.0,0.0,0.0,1.513182,0.0,0.0,0.0,0.0,1.0392399,2.0602381,1.6262376,0.009872223,0.0,0.58866525,0.0,0.7838818,0.0,0.99879086,1.3858464,0.0,0.0,0.0,0.34275585,1.6940905,1.1328464,0.049691916,2.124446,2.8695693,0.0,1.3605939,0.97952247,0.0,2.9247768,0.0,0.0,0.065997735,0.0,0.9221729,0.0,0.0,0.0,1.4127147,0.0,0.0,2.1881053,0.64578146,0.0,0.21690185,0.9646524
ACH-000451,0.12890656,0.0,1.6784039,0.0,0.0,0.0,0.8260527,0.0,1.1660743,1.3224351,0.0,2.086761,0.0,0.0,0.5178005,0.027400367,1.3035057,0.0,0.0,1.2376664,0.0,0.0,0.8235706,0.0,0.0,0.0,0.006407879,1.8901976,2.1665132,0.6357916,0.40217978,0.0,0.15967318,0.34506932,0.22528665,0.0,0.35107672,0.38962755,0.0,0.046740666,0.0,0.7884752,0.0,0.0,1.0912421,0.0,0.5798718,0.0,0.0,0.0,0.0,0.0,0.09927472,0.029474322,0.0,0.35619387,0.0,0.0,0.0,0.0,0.0,0.86081684,0.0,0.0,0.0,0.0,0.0,0.0,0.27328175,0.39581755,0.64786,0.0,0.0,1.5547394,0.0,0.0,0.34537974,0.46228456,1.4573205,0.77308595,0.0,2.282472,0.0,0.88406086,0.9101319,0.0,0.0,0.0,0.9484784,0.42638898,0.49065882,0.43791017,1.006703,0.0,0.0,0.0,0.0,0.0,0.7230607,0.55707693,0.0,0.0,1.2557093,0.012917824,1.2471949,0.90442395,0.0,2.4784539,0.0,0.0,0.0,0.0,0.8322764,0.7188829,1.2100757,0.23561975,0.30920014,0.0,0.43714413,0.0,0.3866131,0.0,0.0,0.061691005,0.3849617,0.0,0.0,0.0,1.2158338,0.0,0.0,0.74924886,0.22857323,0.0,0.6353997,0.28053027,1.7031,0.0,0.0,2.252409,0.92634934,0.0,0.0,0.19081257,1.7406447,0.0,0.0,0.003825715,0.8739718,0.0,0.0,0.0,0.074531704,0.0,0.0,0.0,0.0,1.34891,1.9120358,0.6091187,0.0,2.29997,0.59986216,0.01287894,0.5306047,0.0,0.0,0.90453166,0.395863,0.38574022,0.04446794,0.6301228,0.9401575,0.0,0.37294716,0.316016,0.52304155,0.0,0.6812443,0.21554682,0.0,0.0,1.0723572,0.0,0.56292003,0.8497999,0.52602565,0.5865551,0.5897198,0.47563007,0.76282173,1.9874756,0.0,1.0108037,0.0,0.0,0.83402866,0.0,0.10169965,0.0,0.0,0.71109396,0.0,0.0,1.2052647,0.8500193,0.0,0.8958388,0.15310368,0.0,0.37014118,1.1795576,0.0,0.0,0.0,1.8222275,0.6462033,2.0196435,0.9688957,0.40708095,1.8899175,0.0,0.0,0.0,0.0,0.0,1.0336846,0.18211064,0.9996772,1.0764911,0.0,0.0,0.0,0.6964618,1.8259461,0.0,0.58063483,0.44196793,0.7527491,1.6695381,0.11804046,0.46799162,0.0,0.0,1.0591744,0.0,0.0,0.099352434,1.7604347,0.0,0.0,1.0817616,0.0,0.0,0.92415214,0.36803746
ACH-000378,0.0,0.0,0.27885407,0.0,0.0998792,0.0,0.34176716,0.6519555,0.2798389,1.8480507,0.0,0.9453894,0.10745259,0.0,0.6381233,0.40569365,0.7931059,0.0,0.0,1.9781952,0.0,0.6625803,0.954476,0.0,0.0,0.0991153,0.0,0.0,0.0,0.0,0.0,0.0,0.0,0.91002136,0.0,0.0,0.0,0.80707806,0.0,0.56841666,0.50323004,0.3085458,0.0,0.20347738,0.0,0.0,0.0,0.11773612,0.0,1.0069106,0.0,0.0,0.5290271,0.52590424,0.0,0.0,0.0,0.03088798,0.0,0.0,0.20177343,1.8406684,2.475153,0.2522667,0.0,0.11274145,0.0,0.0,0.0,0.1078943,0.0,0.0,0.0,0.55766976,0.10574523,0.0,0.0,0.0,0.015003122,1.2498766,0.0,0.5671087,0.0,1.2754962,0.0,0.0,0.0,0.0,1.9910566,0.09431462,0.0,0.5953597,0.5187243,0.40209523,0.21480939,0.020754363,0.0,0.0,0.23306046,0.0,0.0,0.0,0.0,0.5896573,0.0,0.0,0.0,0.0,0.0,0.0,0.8326409,0.0,0.6204194,0.025243789,0.0,0.0,0.34501097,0.43082684,0.3762739,0.0,1.3919463,0.0,0.0,0.68675554,0.0,0.2665082,1.3078779,0.16385877,0.72929794,0.25441062,0.0,0.0,0.0,0.026915744,0.0,0.0,0.28028306,0.0,0.0,1.1273395,0.37249225,0.0,0.0,0.0,0.3702391,0.0,0.5016781,0.8678971,1.7921854,0.588464,0.0,0.018946717,0.66428566,0.0,0.5807597,0.22003035,0.5195431,0.7703208,0.0,0.311021,0.0,0.26690844,0.8834443,0.64453197,0.0,0.0,0.0,1.3490553,0.0,0.0,1.1380341,0.43973362,0.0,0.0,2.0746803,0.0,0.55327725,0.0,0.0,0.0,0.0,0.24423535,0.78941035,0.0,0.16510136,0.8266259,0.15121081,0.6957339,0.0,0.8190877,0.026718358,1.2679518,0.0,0.5176515,0.0,0.0,0.0,0.0,0.68226993,0.0,0.0,0.03883289,0.0,0.82086104,1.0756274,1.7953387,0.0,0.30802083,0.0,0.5889316,0.4234737,0.21174389,0.0,0.0,0.0,0.7804458,0.0,0.2586504,0.7341137,0.0,0.0,0.0,0.3160684,0.0,0.7854346,0.0,0.0,0.17014378,0.13573125,1.4777963,0.73694193,0.0,0.0,1.7167581,0.8572693,0.0,1.0145214,0.87077326,0.0,0.0,0.0,0.121857144,0.49739066,0.0,2.300603,0.0,0.0,0.0,0.5168313,0.0,0.9603301,0.0,0.0,0.0,0.0,0.0
ACH-000379,0.48606655,0.13915065,0.41925842,0.0,0.0,0.0,0.0,0.04570774,0.112112135,0.2848909,0.0,0.0,0.4638203,0.0,0.0,0.0,0.4256885,0.0,0.47924778,1.0901672,0.7700578,0.0,2.0900788,0.0,0.07287772,0.6182993,0.84286964,0.0,0.8551707,0.0,0.0,0.0,0.0,0.0,0.0,0.0,1.3679785,0.0,0.0,0.35111672,1.1243548,1.7003675,0.0,0.0,0.0,0.0,0.099384055,0.0,0.0,0.0,0.0,0.0,2.1692617,1.1458733,0.0,0.21807024,0.0,0.0,0.0,0.0,0.0,2.5247326,0.9285763,1.012851,0.0,0.0,0.0,0.0,0.0,1.0815735,0.008982588,0.15925634,0.0,0.0,0.7654247,0.0,0.0,1.5222601,0.7935851,0.55450064,1.4735626,0.31821647,0.10834204,1.4649333,0.0,0.0,0.0,0.9231049,0.4075434,0.71041024,0.10801537,0.66143274,0.14769022,0.0,0.0,0.039532896,0.59360814,0.0,0.0,0.0,0.04202567,0.0,0.7741373,1.4097079,0.39944923,1.2447109,0.0,2.5062125,0.0,0.0,1.2403601,0.0,0.0,2.401068,0.0,1.3246417,0.63062525,0.151766,0.91789347,0.0,0.932722,0.0,0.0,0.0,0.7675145,0.0,0.0,0.6869636,0.20045899,1.6449572,0.0,0.0,0.33309013,0.0,0.0,0.12213919,1.5481509,0.0,0.0,1.8949555,0.0,0.0,0.0,0.0,1.0017263,0.0,0.0,0.46601135,1.3675048,0.0,0.0,0.956713,0.0,0.0,0.34978563,0.0,0.12839407,1.2219578,0.0,0.0,0.820441,0.0,0.39544174,0.7893398,0.48534852,0.0,0.0,1.7153355,0.0,0.59033537,0.14732496,0.0,0.0,0.0,0.48023766,0.0,0.90572083,1.1214935,1.6613172,0.19564432,0.0,0.79575765,1.4348316,0.0,0.18314458,0.63607955,0.7999092,0.0,0.1685003,0.0,0.07133936,0.30133292,0.0,1.7663976,0.0,0.86158854,0.0,0.0,0.0,0.0,0.0,0.0,0.0,0.04023106,0.0,3.3251445,0.9546017,0.25105834,0.0,0.0,0.52239484,0.0,0.0,0.0,0.0,0.6231821,1.5777172,0.0,0.06988519,0.0,0.64946675,0.0,0.34226286,0.0,0.05762081,0.030873034,0.38440153,1.0345279,0.0,1.4319367,0.5506086,0.0,0.0,0.0,3.1181667,0.0,0.5192343,0.0,0.0,3.246783,0.0339102,1.2924395,0.0,0.0,0.9371248,0.0,0.0,0.0,2.393823,0.0,1.8044584,0.0,0.74810636,0.0,1.3091108,1.1960684
ACH-000161,0.0,1.8231796,0.93467,0.0,0.0,0.0,0.58176726,0.153812,0.0,0.9258983,0.0,0.80595475,0.0,0.0,0.0,0.59006023,0.0,0.0,0.025005732,1.7866526,0.0,0.0,0.68110085,0.0,0.0,0.0,0.5794102,0.0,0.0,0.0,0.06464653,0.0,0.0,0.7194609,0.0,0.030009389,0.0,0.08231489,0.0,0.9878997,0.0,0.8567847,0.0,0.7810318,0.0,0.0,1.012487,0.34255454,0.8748355,0.853308,0.0,0.19084466,0.22687279,0.65125114,0.0,0.0,0.0,0.0,0.0,0.0,0.0,2.637689,2.3230371,0.0,0.0,0.06145933,0.0,0.0,0.0,0.7744638,0.0,0.0,0.0,1.4659374,0.95632833,0.0,0.0,1.5502622,0.0,0.69284093,0.0,0.0,0.2662106,1.2466388,0.2014044,0.21992838,0.0,0.37940982,0.9851311,0.0,0.65143865,0.57995313,0.47587004,0.0,0.0,0.2726834,0.0,0.0,0.07034288,0.0,0.0,0.0,1.4414115,0.4959117,0.73380965,0.3688669,0.0,0.8985001,0.0,0.0,0.0,0.0,0.0,0.34998563,0.0,0.0,0.2160822,0.0,0.90034443,0.0,2.5313988,0.0,0.0,0.0,0.7332574,0.8655986,0.14797862,0.81377834,1.0678377,0.7034872,0.0,0.0,0.0,0.0,0.0,0.0,0.0,0.0,0.0,1.4624915,0.22205539,0.0,0.051591393,0.0,0.07579966,0.0,1.6355678,1.0700233,0.0,0.0,0.0,0.0,0.0,0.0,0.22519284,0.20106716,1.0435811,1.2264819,0.16480467,0.0,0.0,0.0,0.13020921,0.19966902,0.0,0.26655966,0.29570565,0.6295933,0.0,0.0,0.7037381,0.0,0.39294213,0.0,1.9145048,0.0,1.4129566,0.0,0.7912718,0.0,0.0,0.6928535,0.816478,0.0,1.3183099,0.24662519,0.0,1.0013392,0.0,0.0068065478,0.292031,1.0168518,0.0,0.0,0.0,0.21353118,0.9469367,0.0,1.1529814,0.0,0.059882253,0.45457613,0.0,0.0,0.63128406,1.228875,0.30256966,0.4291106,0.0,0.0,0.74520236,1.1393026,0.0,0.0,0.4657035,0.52523524,0.5078937,1.2638049,1.4314629,0.309086,0.0,0.0,0.8794371,0.20142479,0.89956594,0.39548564,0.56449795,0.15625827,0.0,1.5617602,1.8636203,0.0,0.0,0.39445272,2.5172017,0.0,1.1926761,1.0678418,0.0,0.0,0.0,0.07524488,1.1016493,0.0,1.398038,0.94748235,0.0,0.0,0.10466705,0.0,0.0,0.0,0.0,0.0,0.6939996,1.8398353
ACH-000395,0.0,1.2027943,0.0,0.0,0.0,0.0,0.8633337,0.0,0.0,1.335771,0.0,0.7705831,0.0,0.23467375,0.5030417,0.0,0.0,0.0,0.26349756,1.679121,0.1998759,0.0,0.5431522,0.0,0.0,0.0,0.6131504,0.0,0.881396,0.0,0.0,0.0,0.0,0.8777182,0.0,0.8341652,1.3098408,0.71530324,0.6529463,0.08544266,1.8348347,0.17607224,0.0,0.0,0.0,0.0,0.5563639,0.17107262,0.08784835,1.2333406,0.0,0.0,0.0,1.525748,0.0,0.27829462,0.72082406,0.0,0.0,0.0,0.0,0.77938044,1.6620955,0.6848632,0.0,0.39390203,0.0,0.0,0.0,1.7695391,0.0,0.0,0.0,0.0,0.0,0.0,0.5511599,0.0,0.0,0.94348,0.1579962,0.0,1.2410502,1.7533292,0.0,0.0,0.0,0.0,1.0991135,2.445365,0.5347542,0.34844258,0.5591297,0.0,0.21313044,0.0,0.0,0.0,0.3707068,0.0,0.0,0.0,0.023485454,1.3646104,1.6269647,0.73034114,0.0,1.4507729,0.0,0.0,0.030491037,0.0,1.1038707,0.0,0.444292,0.02568426,0.9801557,0.07234139,1.7550937,0.0,1.9279555,0.0,0.0,0.68462723,1.2287898,0.77590764,0.3924906,0.2833163,1.3066974,0.0,0.58500755,0.43894842,0.9012677,0.0,0.0,0.09197185,0.0,0.032564208,0.63236475,0.2714974,0.50254357,0.0,0.0,0.0,0.0,0.11582651,0.0,0.0,1.9204443,0.0,0.0,0.0,0.0,0.0,0.0,0.0,2.0317616,1.5346686,0.59465927,0.35978952,0.18525288,0.0,0.3135839,0.0,0.0,0.0,0.0,0.9852379,0.5507734,0.23277493,0.869616,0.0,0.5576475,0.0,1.1803482,0.0,0.0,0.29886886,0.5446297,0.0,0.0,0.55962676,1.3770304,0.0,0.03035955,1.5168263,0.0,0.41264635,0.0,0.0,0.0,1.1403112,0.0,0.0,0.0,0.0,0.0,0.0,0.24431361,0.0,0.0,0.0,0.0,0.04886448,0.7744396,1.3839066,0.8169681,0.16616032,0.0,0.0,0.6523399,0.030308953,0.0,0.0,0.0,0.33443522,0.0,1.4421408,0.9505491,0.0,1.3109833,0.0,0.28086925,0.0,0.3429574,0.0,0.70383847,0.51123875,0.3350828,0.96900475,1.6674547,0.24229285,0.0,0.81010556,0.87054515,0.0,0.4554657,0.0,0.0,0.01858427,0.0,0.0,0.0,0.0,2.3086169,0.8972535,0.0,0.0,1.2242523,0.13880377,0.76175857,1.7898254,0.0,0.0,0.149042,0.72468084
ACH-000916,1.8294358,0.0,0.0,0.0,0.0,1.9305367,2.4358504,0.0,0.0,0.11331923,0.0,0.12138605,0.0,0.4509259,0.99562216,0.0,0.1835623,0.0,1.3473223,2.7342145,0.17117107,0.0,1.24855,0.0,0.0,0.44839406,0.74137384,0.0,0.0,0.0,0.0,0.0,0.0,0.5060473,0.0,0.25469306,2.0465019,0.0,0.77367675,0.7383254,1.7164246,0.83068085,1.3643153,0.19718352,0.5172302,0.0,0.20145573,0.0,0.8956805,0.3156682,0.0,0.5316894,0.0,0.057079855,0.0,0.090434395,0.42169145,0.095952086,0.0,0.0,0.0,0.31865114,1.3478334,2.069029,0.0,0.0,0.0,0.0,0.0,1.8094715,0.0,0.67995423,0.0,0.38914508,0.0,0.0,0.0,0.0,1.7078781,3.2614381,0.15709673,0.0,1.0774574,1.3768412,0.0,0.0,0.0,0.0,0.7773135,3.00425,1.2451975,0.0,0.0,0.0,0.0,1.0011199,0.43466505,0.0,0.2505024,0.0,0.0,0.0,0.023373635,0.28294772,1.2931278,1.8936657,0.0,2.2494113,0.0,0.21665458,1.9708426,0.0,0.0,0.8987984,1.368621,0.0,0.0,0.40175608,1.7801763,0.0,0.0,0.0,0.0,0.024031,2.7458417,0.0,0.0,0.0,0.026985303,1.0952604,0.0,0.0,0.41673648,0.0,0.0,0.0,0.67464757,0.0,0.42557785,1.3339913,0.6615552,0.0,0.0,0.0,3.2946873,0.0,0.44976887,1.0071405,0.0,2.7996018,0.0,1.4139844,0.0,0.0,0.0,0.68540955,2.211,1.5553629,0.5352596,0.58449674,0.9171786,0.0,1.6175975,0.8804724,0.0,0.0,0.58402056,0.0,0.43570843,1.3345412,0.0,0.0,0.2635615,0.0,3.0692813,0.31831536,2.2783523,0.0,1.5300814,0.0,0.0,0.09701088,0.7070786,0.0,1.9360005,0.0,1.8071828,0.98130465,0.0,0.0,2.7617376,0.0,0.0,0.5845116,0.0,0.0,0.90120554,0.0,0.63604087,0.20802087,0.0,0.0,0.0,0.0,0.41835007,0.99328876,2.3140056,0.0,0.0,0.0,1.4064213,0.82988447,0.30029836,0.0,0.6929465,0.5756965,0.108722806,1.0949398,0.0,0.0,1.9275671,0.0,0.54268825,0.0,0.938277,2.2187994,2.1577518,1.3591058,0.42738107,0.8261216,1.5370631,2.4591472,0.0,2.0473835,2.9276497,0.31374195,2.0254254,0.5645345,0.2828403,2.5246859,0.0,0.505457,0.0,0.0,2.9585114,0.0,0.0,0.0,3.7200918,0.0,0.6220322,3.2659862,0.0,0.0,0.0,1.1409435
ACH-000837,0.7574215,0.03695809,0.51732033,0.0,0.0,0.64774054,0.5748003,0.22809108,0.0,1.2189412,0.0,0.35835302,0.40564206,0.0,0.33984622,0.0,0.0,0.0,0.1349394,0.0,0.0,0.0,2.2409623,0.0,0.0,0.0,0.39940122,0.0,0.0,0.0,0.0,0.22944103,0.048051767,0.3270861,0.0,1.2033936,1.8630894,0.0,0.0,0.12659235,0.6346248,1.5986855,0.0,0.0,0.0,0.0,0.26915535,0.36378592,0.0,0.0,0.5172786,0.0,1.2332234,0.9130786,0.0,0.28294668,0.0,0.0,0.0,0.26585615,0.0,2.168341,0.6725603,1.5371742,0.0,0.0,0.007442615,0.0,0.4635744,0.78308356,0.0,0.0,0.24327809,0.91629547,0.0,0.0,0.44496638,1.2144787,0.0,0.0,1.1508572,0.0,0.010136278,1.2823956,0.0,0.0,0.0,0.0,1.163089,0.0,0.0,0.4782971,0.044263136,0.0,0.0,0.19406804,0.39410657,0.78189814,0.7405752,0.4013824,0.0,0.0,0.0,0.1572348,0.0,1.1510923,0.0,1.4917419,0.0,0.0,0.6461644,0.0,0.0,0.8743872,0.11322567,0.0,0.8037133,0.0,0.25149286,0.0,0.49340123,0.0,0.0,0.41579968,2.310307,0.0,0.0,0.0,0.0,0.727037,0.20002724,0.0,0.21605654,0.0,0.0,0.0,0.31690794,0.0,0.0,1.8521022,0.0,0.0,0.0,0.11947792,0.3189026,0.0,1.0843998,0.124697916,0.0,0.0,0.0,1.4001931,0.0,0.0,0.0,0.0,1.9497737,0.24196783,0.0,0.0,0.56441045,0.0,0.40181515,0.0,0.0,0.0,0.0,1.2946084,0.34359598,0.18618585,0.21542446,0.0,0.073260866,0.0,0.6939411,0.2967176,1.234137,0.0,0.20392051,0.0,0.0,0.1436141,0.4092001,0.0,0.5974147,2.0747378,1.6611693,0.0,0.15982226,0.0,0.3800938,0.6716576,0.14068514,2.3537607,0.0695038,0.38113645,0.9600597,0.0,0.0,0.19605419,0.40562302,0.6626912,0.0,0.9815646,0.0,1.8922104,0.66830903,0.20582975,0.0,0.0,0.0,0.0,0.0,0.0,0.0,0.40160614,0.30159813,0.40385768,0.38534853,0.14107919,1.0953472,0.0,0.0,0.0,0.4279272,0.0,1.1102897,1.0459417,0.06320825,2.17356,0.0,0.5559486,0.0,1.1124071,0.99107426,0.58554655,0.0,0.33316505,0.0,0.92614216,0.0,0.4761038,0.0,0.0,0.86607873,0.45884258,0.41073433,0.0,0.55392116,0.119077526,0.2110165,0.95915467,0.0,0.0,0.0,1.1615047
ACH-000463,0.0,1.3194087,0.0,0.0,0.13459031,0.029881349,0.0,0.0,0.21070513,0.8356304,0.0,0.0,0.0,0.0,0.0,0.0,0.7153674,0.0,0.4154366,1.6643609,1.0854708,0.021497568,0.54566497,0.0,0.0,0.0,1.8662434,0.0,0.70061755,0.73679775,0.0,0.0,0.0,0.0,0.0,1.9501194,0.23840389,0.9033537,0.25849357,0.7270929,1.0440404,0.18950444,0.0,0.38074082,0.0,0.7319488,0.0,0.8319078,0.42550662,1.0118499,0.0,0.0,0.114134796,0.49687147,0.0,0.3738995,0.90819794,0.0,0.0,0.0,0.20491247,0.905428,1.209313,0.49212974,0.0,0.25349122,0.0,0.0,0.0,0.812749,0.0,0.0,0.0,0.1930345,1.0895687,0.0,0.0,0.0,0.0,1.5108734,0.70347345,0.0,0.60774565,0.90872365,0.0,0.0,0.0,0.88348573,1.0087705,0.5384788,0.0,1.0854733,0.0,0.0,0.0,0.0,0.0,0.0,0.0,0.0,0.0,0.0,0.13157581,1.1549524,0.41221505,1.1164005,0.0,0.5340203,0.0,0.0,0.19523452,0.0,0.0,0.026111245,0.067514904,0.055259556,0.0,0.85463965,0.0,0.24190752,2.0218487,0.0,0.0,1.1305923,1.032185,1.0780528,0.5408099,0.0,0.9367144,0.77918214,1.6062253,0.0,0.2437238,0.0,0.0,0.059665892,0.3665161,0.3848875,0.09492471,0.0,0.67613983,0.0,0.44333324,0.08651947,0.4750926,0.0,0.0,0.15450497,0.0,0.1595203,0.04055095,0.0,0.0,0.0,0.46487677,0.2021985,1.1919097,1.3713228,0.0,0.6322601,0.09181561,0.0,0.4718195,0.0,0.22909774,0.0,0.0,1.6712881,1.3319701,0.0,0.693552,0.0,0.48350477,0.103446245,1.9279969,0.0,0.0,0.3241943,0.38484403,0.0,0.0,0.38588145,0.47383803,0.0,0.0,0.38532573,1.0933105,0.09565916,0.0,0.0,0.0,0.844848,0.7287873,0.29118976,0.0,0.51603335,0.1975832,0.0,0.8564309,0.0,0.0,0.91412514,0.0,0.0,0.557311,1.6724819,0.023121335,0.8382405,0.0,0.0,0.0,0.68729234,0.0,0.0,0.100561455,0.0,0.0,1.5120969,0.17068228,0.0,0.0,0.0,1.2631273,0.0,1.1175431,0.21818316,0.37338093,0.0,0.0,1.5535709,1.6435282,0.0,0.0,0.7111101,0.0,0.0,0.09307821,0.72386986,0.0,0.0,0.0,0.81528544,0.0,0.0,2.6212616,1.0208749,0.32866994,0.0,0.19538645,0.0,0.8540166,0.34870192,0.0,0.0,0.0,0.86753905
ACH-000109,0.0,0.0,0.81253463,0.0,0.0,0.0,0.6711828,0.055836625,1.3580896,0.6513436,0.0,0.4059207,0.15114512,0.0,0.929816,0.0,0.6449074,0.0,0.12020662,1.838943,0.0,0.6432971,1.3985084,0.0,0.0,0.0,0.06539101,0.0,0.6672677,0.8054114,0.43312886,0.0,0.3777472,0.33458862,0.36514613,0.0,1.1629571,0.0,0.0,0.17645006,0.9361461,1.2400126,0.25903627,0.0,0.0,0.0,0.42654204,0.0,0.0,0.0,0.0,0.0,0.0,0.0,0.0,0.0,0.0034574647,0.0,0.07711994,0.0,0.0,1.5580461,1.1919628,1.1472182,0.0,0.0,0.0,0.0,0.0,1.0719627,0.0,0.0,0.0,0.67169905,0.124519624,0.0,0.0,1.2929033,0.22378054,0.22477052,0.56926966,0.5180231,0.0,1.7341568,0.2508659,0.0,0.0,0.36739156,1.0313138,0.023057448,0.11131938,0.58657587,0.0023903372,0.0,0.0,0.47880086,0.31125936,0.0,0.0,0.0,0.24184646,0.0,0.7948402,0.62024957,0.12067303,1.0994453,0.0,2.404874,0.0,0.16697668,1.0542989,0.0,0.0,1.6314692,0.0990215,0.28689867,0.4875917,0.0,0.7941373,0.0,0.0,0.0,0.0,0.0,0.30189982,0.0,0.35525826,0.0,0.0,1.2709947,0.0,0.0,0.7563775,0.0,0.0,0.0,0.09342287,0.0,0.18263622,0.97476405,0.0,0.0,0.0,0.0,1.7905936,0.0,0.0,0.7479678,1.0192882,1.0025238,0.0,0.7215378,0.0,0.0,0.0,0.0,1.1368659,1.33943,0.0,0.8184129,1.4389255,0.0,0.0,0.285863,0.0,0.0,0.0,0.23501316,0.0,0.0,1.1977168,0.0,0.0,0.0,0.8864471,0.0,0.7867834,0.0,0.75096595,0.0,0.0,1.0193511,0.27456823,0.0,1.5131038,0.21345127,0.0,1.2440974,1.2305167,0.0,0.0,0.35633403,0.0,1.4874829,0.0,0.93050534,0.0,0.0,0.0,0.06532267,0.0,0.5956727,0.0,0.053331282,0.0,3.2637432,1.4055434,0.0,0.0,0.0,0.72101104,0.0,0.0,0.0,0.0,1.2317418,1.3712692,1.1756577,0.0,0.69996554,1.5953301,0.0,0.10625853,0.0,0.5493573,0.5082282,0.8349733,0.24169466,0.0,0.76173705,1.2995602,0.0,0.0,0.1934561,2.5437047,0.0,0.0,0.8945405,0.51730144,3.0923054,0.0,0.0,0.0,0.0,0.76228833,0.0,0.0,0.0,2.060324,0.0,0.8966608,1.0684937,0.3400341,0.0,1.3023971,1.2110006
ACH-000861,0.0,0.9302435,0.0,0.0,0.0,0.0,0.85148156,0.0,0.5232241,0.9465801,0.0,0.926908,0.17883389,0.06503807,1.0084547,0.4082673,0.29705274,0.0,0.36337277,1.8095722,0.0,0.42531675,1.1658808,0.0,0.0,0.0,0.0,0.7914912,1.0009168,0.0,1.2246296,0.0,0.028782632,0.0,0.0,0.0,0.0,1.2528569,0.36573264,0.0,0.0,0.4073171,0.0,0.0,0.0,0.0,0.7834013,0.6567786,0.25989822,0.17204666,0.0,0.44002897,0.7167526,0.079243064,0.0,0.07750102,0.0,0.0,0.0,0.0,0.0,0.4823377,1.7025033,0.3709919,0.0,0.070301205,0.15726537,0.0,0.0,0.0,0.21902108,0.0,0.0,1.2769682,0.51558053,0.0,0.5260327,0.0,0.0,0.69126517,0.0,0.4464143,0.0,1.1268921,1.3765059,0.0,0.0,0.0,1.6149164,1.1398863,0.7062816,0.7568116,0.77158886,0.0,0.0,0.07862988,0.0,0.0,0.26438245,0.0,0.0,0.0,0.46204385,1.0200922,0.9556407,0.36011964,0.052816983,0.8663392,0.0,0.0,0.02905546,0.0,1.051707,0.0,0.8020408,0.0,1.1306405,0.39265186,1.7334243,0.0,1.4446278,0.0,0.0,1.0959841,0.040779196,1.7130286,0.0,0.0,2.0222502,0.3416517,0.0,0.55771285,0.0,0.25607497,0.0,0.5053308,0.28818816,0.22500645,0.0,1.7259102,0.0,0.0,0.0,0.0,0.3282595,0.67346376,0.0,0.0,0.66384006,0.0,0.0,0.0,0.0,0.0,0.0,0.46179008,0.63379383,0.07699022,0.454693,0.0,0.0,0.9311805,0.7788612,0.42819533,0.16467465,0.0,0.0,0.39776593,0.81885886,0.0,0.4851323,0.0,0.52612275,0.0,1.3754448,0.0,0.40851256,0.0,1.2595295,0.0,0.0,0.87693113,0.9107977,0.0,0.49396428,0.46447498,0.0,0.0,0.0,0.0,0.0,1.87539,0.0,0.0,0.0,0.21010646,0.5817804,0.0,0.045836832,0.0,0.19193332,0.88737565,0.0,0.0,0.79712856,0.96269804,0.0,0.0,0.0,0.090896204,0.0,0.4177564,0.0,0.0,0.0,0.96019053,0.24095637,1.5876294,1.0204756,0.0,0.1956203,0.0,0.0,0.0,1.195897,0.0,1.4740815,0.0,1.2082118,2.1876633,1.5857172,0.0,0.0,0.893011,0.39408797,0.0,0.105877504,0.4983706,0.0,0.0,0.16068472,0.0,0.0,0.0,1.2649844,0.4644041,0.0,0.0,0.0,0.0,0.0,0.0,0.0,0.0,0.0,0.34551358
ACH-000563,1.2248627,0.0,1.397758,0.0,0.8942433,0.0,0.0,0.0,0.0,1.6677388,0.0,1.3135031,0.0,1.5589192,0.41853565,0.0,0.0,0.5577427,0.0,1.1184733,0.0,0.0,0.8176656,0.0,0.42010188,0.0,0.6101929,0.0,1.3707591,1.7534804,0.0,0.18938412,0.16328004,0.7561501,0.0,0.0,0.15418756,1.3458731,0.23288086,0.28855753,0.73848397,0.0,0.0,0.0,0.0,0.0,0.0,0.0,1.7888165,0.34712648,0.0,1.3184919,0.0,0.0,0.0,0.23871562,0.06582735,0.0,0.0,0.0,0.19305572,2.0042803,2.0159967,2.396038,0.0,0.1568444,0.5340081,0.0,0.0,0.0,0.1786292,0.0,0.0,1.9173646,0.05662582,0.0,0.0,1.0911756,0.0022535098,0.0,0.0,0.0,0.0,1.7530928,0.0,0.10987106,0.0,0.0,0.97625303,1.2232884,0.0,0.0,0.87289625,0.23584907,0.0,0.0,0.0,0.012578098,0.8381269,0.0,0.0,0.51853,0.20265222,1.5664618,0.0,0.54556686,0.0,1.5287662,0.0,0.37512273,0.0,0.0,0.0,0.5952395,0.42189813,0.6820656,2.0076566,0.0,1.368038,0.0,1.5313263,0.0,0.0,0.71658677,1.4971483,0.3964691,0.22832996,0.0,0.3814038,0.0,0.0,0.0,0.0,0.0,0.0,0.0,0.0,0.350529,0.0,1.2784072,0.96842253,0.0,0.0,0.0,1.0002568,0.0,0.50626904,0.92295086,1.0519915,0.0,0.0,0.0,0.0,0.0,0.0,0.0,1.2303699,1.0477132,0.54890454,0.5132329,0.0,0.0,0.99267364,0.15318851,0.15035631,0.0,0.053542722,1.3060876,0.0,0.0,0.57409394,0.0,0.29620168,0.0,1.6431311,0.0,0.0,0.0,0.15818834,0.10472102,0.0,0.03127548,0.20422426,0.0,1.7785915,1.2628301,0.0,0.0,0.0,0.8399904,0.4456181,1.3228321,0.0,0.13849317,0.701762,0.0,0.51904434,0.0,0.42936283,0.0,0.0,0.9328267,0.0,0.0,0.09906889,1.1639503,0.3845739,0.0,0.0,0.0,0.5475309,0.39320388,0.0,0.0,0.024695432,0.9980916,0.33668727,1.2250736,0.35205758,0.17505193,1.0685338,0.3510491,0.15810414,0.0,0.3141454,0.0,1.4917128,1.0441691,0.72912806,1.7778095,1.7698419,0.0,0.0,0.8382079,1.6464822,0.0,0.1426356,1.1335126,0.0,0.83105487,0.0,0.761229,0.0,0.0,2.2912593,0.9898524,0.0,0.0,1.3985177,0.0,0.18117231,1.1755275,0.0,0.0,0.22694294,0.6029338
ACH-000562,0.0,0.0,1.2877742,0.0,0.0,0.0,0.0,0.11149839,0.0,0.33235422,0.0,0.0,0.46892706,0.0,1.2412854,0.0,0.6234949,0.0,1.234007,0.34629586,0.9276577,0.57105863,1.5927025,0.0,0.0,0.0,0.83747584,0.0,0.13173161,0.59655005,0.0,0.25294337,0.0922826,0.0,0.51499176,0.0,1.7064519,0.0,0.0,1.0520034,1.1327709,1.2834582,0.0,0.01847827,0.0,0.10343816,0.0,0.0,0.060381398,0.0,0.699727,0.0,0.18238527,0.12185338,0.023119872,0.0,0.0,0.0,0.0,0.0,0.0,2.582847,1.1575282,0.6393808,0.32825142,0.20664334,0.0,0.0,0.0,0.28350648,0.30957028,0.0,0.0,0.0,0.0,0.2731313,0.0,1.1853825,0.29060593,0.0,0.17280804,0.109631285,0.49022928,1.5734848,0.009631228,0.0,0.0,0.0,0.6749867,0.62943965,0.0,0.0,0.9293021,0.0,0.039068103,0.43691194,0.0,0.0,0.50653356,0.0,0.0,0.0,0.2657521,1.5237914,0.10188228,0.94668704,0.0,1.7754892,0.0,0.0,1.270217,0.0,0.0,1.4931532,0.0,0.0,0.73609185,0.0,0.79602706,0.0,0.3441998,0.0,0.88370395,0.0,0.4962666,0.0,0.5092964,0.6851695,0.78722084,0.96082133,0.0,0.0,1.5049546,0.0,0.0,0.0,0.0,0.0,0.0,0.5676239,0.24303806,0.0,0.17299747,0.0,1.8179493,0.0,0.0,0.73895746,1.8353657,0.0,0.0,0.0,0.0,0.0,0.0,0.0,0.66730934,1.3620894,0.0,0.8722534,0.28336427,0.0,1.3020835,0.0,0.0,0.0,0.0,0.9466618,0.86641645,0.0,0.596152,0.0,0.0,1.0362703,1.1742016,0.07450213,0.81360275,0.0,0.7719423,0.0,0.37989485,1.0567788,0.0,0.0,1.0442256,0.31131434,0.9758336,0.0,0.0029746825,0.02008852,0.06668871,0.0,0.0,2.019922,0.7528654,0.0,0.0,0.0,0.0,0.11774351,0.0,0.0,0.0,0.0,0.0,3.0136898,0.56801945,0.07331625,0.0,0.0,0.3276317,0.0,0.0,0.0,0.0,1.1621554,0.0,0.0,0.0,0.08239783,0.90330577,0.0,0.8176456,0.0,0.46459478,1.0599492,0.8440654,0.38081202,0.0,1.3480397,1.3639174,0.42702216,0.0,0.044793513,2.2555814,0.0,0.27270925,1.297343,0.0,3.905911,0.2358204,0.0,0.0,0.21426003,0.50953126,0.0,0.0,0.0,1.3287517,0.0,0.014485438,0.47012153,0.061144326,0.0,0.0,0.655378
ACH-000757,0.0,0.8549876,0.0,0.0,1.3320733,0.0,0.10016754,0.2935727,0.0,1.3293467,0.0,1.5469564,0.0,0.4059023,0.72416335,0.031695448,1.0111054,0.0,0.0,1.9124472,0.0,0.0,0.4790451,0.0,0.0,0.7829195,0.69599086,0.0,0.6247115,0.22256908,0.0,0.0,0.0,1.5992064,0.0,0.9483043,0.3326694,0.0,0.0,0.14489459,1.1153998,0.40520367,0.0,1.0458572,0.0,0.6695346,0.0,0.63881576,0.0,0.92121035,0.7705178,0.0,0.0,0.60473543,0.0,0.0,0.38996413,0.0,0.0,0.0,0.22614637,0.80546814,1.4114031,0.6786066,0.0,0.18448988,0.0,0.0,0.0,0.6849471,0.2816045,0.0,0.0,0.13577354,0.077294625,0.0,0.0,0.0,0.14233765,2.2164576,0.23431332,0.0,0.5566128,1.3193272,0.0,0.0,0.0,0.035332914,0.0,1.169318,0.0,1.465843,1.0665668,0.23163918,0.0,0.259059,0.0,0.33867487,0.0,0.0,0.0,0.20224644,1.9945261,1.9043128,0.40959963,0.7996337,0.0,0.3185356,0.6626824,0.0,0.39182523,0.0,0.0,0.0,0.33618718,0.0,0.0,1.2169513,0.5827461,0.0,2.976591,0.0,0.0,0.81092185,0.40846866,0.007863043,0.0,0.8695049,0.28049374,0.34761775,0.42125332,0.47988978,0.0,0.0,1.0088791,0.0,1.0563643,0.67384106,0.0,0.0,0.4802242,0.0,0.0,0.0,0.0,0.0,0.055302445,1.1558379,0.47983837,1.709709,0.0,0.0,0.0,0.4959255,0.2578798,0.4292907,1.1822009,0.86006147,0.59065795,1.0929228,0.3180907,0.0,0.9297257,0.725911,0.43541658,0.8133998,0.0,0.5041136,0.5514442,0.049063273,0.6957211,0.0,1.7478743,0.0,0.5752685,0.20791408,0.0,0.0,0.4229019,0.2662864,0.0,1.3908015,1.2219255,0.0,0.7519963,1.4193982,0.43763143,0.0,0.0,0.0,0.0,1.1639502,0.4153515,0.98485297,0.3919753,0.0,0.0,0.0,1.0619937,0.06478053,0.36981797,0.1109286,0.0,0.0,0.0,1.1183878,1.5824692,0.0,0.0,0.0,0.0,0.5308822,0.0,0.0,0.13650182,0.96862495,0.04970104,1.191792,0.0,0.0,1.8229547,0.0,0.9682121,0.0,0.8218885,0.0264447,0.5957294,0.9125554,1.1597729,1.4934916,0.6077607,1.0086484,0.0,1.490367,0.6629274,0.0,0.7560449,0.15253934,0.42772713,0.0,0.0,0.39553645,0.103958175,0.0,2.2823625,0.5281861,0.016199509,0.0,1.7254806,0.0,0.09777716,2.2442918,0.0,0.0,1.1216253,1.8410734
ACH-000893,0.0,0.8244136,0.0,0.0,0.0,0.0,0.6486726,0.0,1.0500865,0.4824989,0.0,1.6335214,0.0,0.2696737,0.0,0.0,1.1399086,0.0,0.0,2.901724,0.061643634,0.0,1.0881228,0.0,0.0,0.0,1.1418695,0.0,1.2577652,1.2067667,0.5013915,0.71951056,0.0,0.14502983,0.71574557,0.0,0.0,0.16554426,1.1560076,0.31274608,0.24529377,0.2278584,0.12542336,0.6828665,0.0,0.0,0.0,0.06281991,0.0,0.67829776,0.0,0.4271118,0.8682522,0.0,0.0,0.0,0.0,0.5991386,0.0,0.0,0.0,0.26611763,1.9592856,0.0,0.36766037,0.0,0.6296472,0.1958404,0.0,0.44056222,0.0,0.01797655,0.38536364,0.19337636,0.968353,0.36116037,0.0,0.0,1.5377188,1.9488336,1.151606,0.0,0.5403371,1.231036,0.0,0.0,0.0,0.52131075,1.2229664,0.9702359,0.61576676,0.37732106,0.0,0.0,0.0,0.0,0.0,0.16883941,0.0,0.0,0.15414391,0.45366943,1.3841712,1.2949405,0.0,0.0,0.0,1.2250013,0.0,0.0,0.1497551,0.6540569,0.0,0.0,0.5093476,0.45483992,0.6353942,0.91944706,2.052875,0.0,1.0159006,0.0,0.042065386,0.0,0.14650525,1.1168677,0.30228505,0.61313283,1.4579715,0.0,0.0,0.0,0.42875716,0.0,0.08622739,0.5187818,1.0482043,0.0,0.23779936,0.0,0.0,0.0,0.0,0.0,0.70055336,0.0,0.0,0.96293014,1.0061574,0.7005352,0.0,0.0,0.0,0.0,0.0,1.3898865,0.48125327,0.94339126,0.0,0.86303663,0.0,0.9001119,0.6835037,0.0,0.0,0.24830508,0.0,0.08629524,1.0648165,0.0,0.058142394,0.0,1.5814955,0.0,1.2633877,0.0,0.67108893,0.0,0.77961403,0.0,0.0,0.7424817,0.41676348,0.051090293,0.05787541,0.71078753,0.6249376,0.9979164,0.0,0.0,0.5973695,1.4610956,0.8864843,0.0,0.0,1.0364835,0.87186414,0.0,0.15062775,0.0,0.26858154,1.1907685,0.0,0.0,0.99363333,1.1183269,0.0,0.4815812,0.26731575,0.9658232,0.030363776,0.6855401,0.0,0.0,0.0,0.76140285,0.43048167,2.4242408,0.74004495,0.0,0.1019359,0.0,0.58237326,0.0,0.62187535,0.08376209,0.78859454,0.0,1.0099081,2.0526505,2.2999809,0.0,0.0,0.740654,1.0428259,0.0,0.20860595,0.0,0.35921967,0.0,0.0,0.46233287,0.0,0.0,2.6091545,0.0,0.0,0.0,1.9591881,0.0,1.4688041,0.3089035,0.0,0.0,0.8776524,0.20053421
ACH-000924,0.0,0.24162756,0.0,0.0,0.0,0.0,0.6922351,0.0,2.1974547,1.3572967,0.36943296,1.5253761,0.0,0.10068615,0.0,0.0,1.321731,0.0,0.040598277,2.350872,0.30375424,0.0,0.54652977,0.0,0.0,0.0,1.8549559,0.0,0.0,0.058104,0.0,0.0,0.0,0.0,0.8024107,1.959408,0.0,1.133245,0.48370308,0.0,0.3472372,1.2257864,0.0,0.7105315,0.0,0.0,0.43682194,1.2357839,0.8858184,1.5034271,0.0,0.0,1.3255558,0.41463828,0.0,0.32127306,0.31620535,0.0,0.0,0.0,0.0,0.87975556,0.0,0.43419215,0.0,0.0,0.0,0.0,0.0,1.7121398,0.0,0.0,0.3319914,0.0,1.4463475,0.12491638,0.23040675,0.0,0.5350414,2.7607396,2.1050673,0.0,0.109134406,1.0645771,0.0,0.0,0.0,0.0,2.0551906,3.139515,0.0,0.54487854,0.0,0.0,0.0,0.0,0.0,0.40820882,0.0,0.0,0.0,0.0,1.6146989,1.0750583,2.4786782,1.9641824,0.0,1.5335596,0.0,0.0,0.0,0.0,0.28511342,1.0044085,0.37530485,0.0,0.9927683,0.0,0.50952476,0.0,2.5978665,0.0,0.0,0.754393,1.2248437,1.5314933,0.0,2.381059,2.2491798,0.0,0.021465195,0.0,0.0,0.0,0.2573181,0.8833718,0.5147127,0.773652,0.0,0.17692932,0.0,0.0,0.15175088,0.0,0.0,0.20376919,0.30607668,0.0,0.0,0.64823323,0.0,0.0,0.0,0.0,0.85721475,0.0,1.0868841,1.5016011,0.0,2.4897835,0.0,1.544051,0.6083809,0.23571979,0.0,0.0,0.19888075,0.34486392,0.31677514,1.0681628,1.5734882,0.0,0.04674255,0.0,3.2276435,0.0,0.0,1.6012311,1.4594291,0.0,0.0,0.0,1.4673678,0.0,0.0,0.7097906,1.1857431,0.23407821,0.0,0.0,0.4624664,1.4287192,0.4461042,0.0,0.0,0.0,2.0039914,0.0,0.5639894,0.0,1.414389,0.0,0.0,1.0604953,1.2823604,3.1075594,0.17774045,0.0,0.0,0.56392384,0.0,1.5494044,0.0,0.0,1.477554,0.23175293,0.0,3.006972,2.706424,0.80517757,0.87624294,0.0,0.0,0.6942893,1.9690571,0.0,1.1110284,0.0,1.2423549,2.1747124,2.450715,0.0,0.0,1.0084825,1.0260911,0.0,0.0,0.5450774,0.10638185,0.0,0.0,0.12061951,0.0,0.0,2.1367888,0.09243012,0.0,0.0,0.5670391,0.26392347,0.26792157,0.0,0.0,0.0,0.58934534,0.11342011
ACH-000892,0.0,3.128636,0.0,0.0,0.0,0.0,0.58742684,0.0,0.34808037,1.596565,0.0,1.8447567,0.0,0.14166902,0.8035509,0.69619745,0.43014818,0.0,0.85864735,3.0769196,0.6172942,0.0,0.31496516,0.0,0.0,0.0,0.7644643,0.0,1.1169158,0.03974145,0.02864699,0.0,0.0,1.3825711,0.0,0.0,0.0,0.0,0.36621204,0.99087447,0.5257552,0.9742032,0.0,0.07682639,0.0,0.0,0.57451314,0.5240071,1.2458228,1.6108685,0.0,0.0,1.4698012,1.0097113,0.0,0.0,0.26020145,0.1153071,0.0,0.0,0.0,1.4963152,2.4060874,0.21924157,0.0,0.0,0.027029922,0.0,0.0,1.350638,0.0,0.0,0.0,0.61169153,0.48651516,0.0,0.0,0.6686767,0.0,1.2426304,0.7525019,0.0,0.0,0.7371584,0.0,0.0,0.0,0.40377805,2.1368213,0.77511424,0.29400048,0.37496954,0.1565658,0.0,0.0,0.0,0.0,0.0,0.0,0.0,0.0,0.0,2.7679543,2.3191962,0.62157255,1.338533,0.0,3.1035419,0.0,0.0,0.0,0.0,0.33551794,0.14167985,0.0,0.0,0.82992005,1.4353713,1.3990448,0.0,2.751632,0.0,0.0,0.0,0.85454446,2.129065,0.093838856,0.640285,1.5945787,1.1324046,0.0,0.0,0.011606136,0.0,0.0,0.0,0.15738434,0.95977193,0.0,0.9297075,0.23873709,0.0,0.0,0.0,0.0,0.20437062,0.0,0.95678866,0.13482697,0.0,0.0,0.0,0.0,0.0,0.2643738,0.0,0.14382285,2.0439682,0.0,0.6044119,0.0,0.4455233,0.23308882,0.0,0.9310204,0.46058068,0.0,0.55896103,1.488139,0.0,0.9319031,0.0,0.74741876,0.0,0.71241844,0.0,2.0520644,0.3489088,1.1153324,0.0,0.0,0.9869381,0.670252,0.0,0.0,1.0075032,0.07557861,1.7077731,0.0,0.0,0.0,1.0235765,1.765605,0.0,0.0,0.29485828,1.2115058,0.0,0.0,0.0,0.86735284,0.38733038,0.0,0.0,0.025003325,1.3605847,1.1856202,0.0,0.0,0.0,0.41864157,0.2515843,0.63047844,0.22319356,0.0,0.14910305,0.0,3.5332124,1.6813853,0.94365674,0.0,0.0,0.30942965,0.20302612,0.0,0.0,0.517234,0.25789556,0.34482986,2.1386552,2.1686175,0.0,0.0,1.2504196,1.5372367,0.0,0.0,0.07770883,0.0,0.0,0.0,0.0,0.0,0.0,1.3641357,0.8113682,0.0,0.0,0.7586455,0.7218308,0.69814277,0.41460487,0.0,0.0,0.0,1.458471
ACH-000447,0.0,0.0030681277,0.044625446,0.0,0.0,0.0,0.004999647,0.0,1.1946565,2.0930417,0.0,0.46699452,0.6393768,0.11674766,0.105146326,0.1927984,0.3317129,0.0,0.0,2.9794958,0.0,0.0,0.7072919,0.0,0.0,0.0,0.0,0.0,0.55676126,0.0,0.0,0.0,0.0,0.16117044,0.0,0.0,0.36687568,0.0,0.060624156,0.29671085,0.0,0.589919,0.0,0.0,0.0,0.0,0.0,0.0,0.43962982,1.0815744,0.0,0.27983454,0.6086443,0.0,0.0,0.0,0.0,0.0,0.0,0.0,0.0,0.83931506,2.7620778,0.14178711,0.0,0.0,0.0,0.0,0.0,0.0,1.3627279,0.0,0.0,0.36803985,1.0896059,0.0,0.0,0.0,0.0,2.0284574,0.204832,1.0829122,0.0,0.0,0.0,0.8312371,0.0,0.38580528,2.1583552,0.5956487,1.7115352,0.6061269,0.4658029,0.0,0.0,0.0,0.0,0.0,1.2495003,0.0,0.76494414,0.44631183,1.2618916,0.45416373,0.10476376,0.0,0.0,0.64932775,0.0,0.0,1.6992276,0.0,0.63312733,0.17032081,0.0,0.009919585,2.1375675,0.0,0.88759166,0.0,0.96549994,0.0,0.0,0.0,0.0,0.0,1.134832,0.21276264,1.7573223,0.0,0.0,0.0,1.2455473,0.21820049,0.21559767,0.0,1.6280195,0.0,0.0,0.0,0.4748015,0.0,0.0,0.0,1.1748407,1.1931992,0.0,0.0,1.0293535,1.1454142,0.0,0.0,0.0,0.0,1.419368,0.0,0.4124257,1.6074342,1.1479472,0.60288656,0.0,0.9307314,0.95563185,0.6168365,0.0,0.0,0.008382847,0.56607383,0.52417916,0.0,0.57954055,0.0,0.031725116,0.0,1.5003967,0.0,1.1206776,0.0,1.4033672,0.0,0.0,0.07856168,0.16451119,0.0,0.0,0.94758815,1.123914,1.2187914,0.0,0.23848863,0.0,2.078251,0.0,0.0,0.0,1.0990703,0.14512491,0.0,0.0,0.0,0.0,0.20394294,0.0,0.0,0.0,2.4964812,0.0,0.0,0.0,0.14671059,0.0,0.99442714,0.0,0.0,0.0,1.418835,0.45225912,1.3230071,0.115290724,0.0,0.0,0.0,0.0,1.0304385,1.0708476,0.0,1.5990144,0.0,0.76638687,0.63277173,1.9204482,0.0,0.0,0.5663837,2.2535203,0.0,0.48226961,0.0,0.0,0.0,0.52824026,0.6810109,0.0,0.0,1.6596133,0.0,0.0,0.0,1.5549868,0.0,1.175622,0.0,0.0,0.0,0.0,0.0
ACH-000789,0.0,1.1072409,0.0,0.0,0.01439648,0.0,0.0,1.0903038,0.0,0.33533743,0.0,0.0,0.23297031,0.0,0.8280592,0.0,0.0,0.35578045,0.0,2.6571233,0.0,1.3545594,1.9487761,0.0,0.0,0.0,0.47608262,0.0,1.7323426,0.0,0.0,0.0,0.0,0.0,0.0,0.0,0.0,0.0,0.0,1.0286765,1.9415725,1.637266,0.61514366,0.5499866,0.0,0.4765616,0.0,0.4165434,0.57335705,1.2464869,0.7294863,0.0,0.0,0.0,0.0,0.0,0.0,0.0,0.0,0.0,0.0,1.2715099,2.5503685,1.3037828,0.0,1.2229159,0.8079179,0.0,0.041857474,2.309832,1.4490924,0.0,0.0,0.0,0.53911865,0.0,0.064750776,0.16132495,1.7158757,2.9652538,1.4310789,0.0,0.3773153,0.25197774,0.42234254,0.914415,0.0,0.0,1.8991183,2.7732484,0.0,0.0,0.24332304,0.0,0.0,0.0,0.0,0.0,1.1789349,0.0,0.0,0.0,1.0070962,3.3623323,0.8028617,2.2683356,0.0,2.8057404,0.0,0.0,1.9990773,0.0,1.6265317,0.29302886,0.0,0.0,0.4803672,1.2630914,2.4883292,0.0,2.786883,0.0,0.0,1.1618421,1.9724095,0.8769619,0.23991673,0.0,0.75180274,0.81961596,0.67822737,0.0,0.61778766,0.0,0.23065916,0.49133465,2.0581694,0.0,0.44174224,2.170344,0.54790366,0.0,0.13422172,0.0,1.0618608,0.0,0.0,0.0,1.1898329,0.31243396,0.0,0.9347917,0.0,0.0,0.6304373,0.0,0.7035629,0.58195287,0.085525475,0.0,0.0,0.0,1.9573692,0.0,0.0,0.0,0.0,1.139605,0.26100686,0.0,0.840243,0.0,0.7994396,0.0,1.6624049,0.0,2.0552146,1.090476,1.6658701,0.0,0.0,0.6799541,1.9643656,0.0,0.5884168,0.94918483,0.0,0.0,0.0,0.06319102,0.09843498,0.0,0.0,1.3374646,0.0,0.0,0.27658966,0.0,0.0,0.27871346,0.0,0.0,0.0,1.7278912,0.35205194,3.2193146,1.3757035,0.057413317,0.0,0.0,0.82862544,0.4192755,0.0,0.0,0.64503455,0.0,0.5788233,1.3085697,1.3972354,0.0,2.1461797,0.0,0.16810356,0.0,0.18194397,1.2713444,0.98745054,1.2442169,0.0,2.4382033,3.905348,0.0,0.0,0.00033264817,1.9953289,0.0,1.0960793,0.4350195,0.4458471,1.0884606,0.0,0.0,0.0,0.0,2.5830579,1.2244519,0.0,0.0,2.405167,0.0,0.7170612,1.1542258,0.0,0.0,1.8007786,0.6506123
ACH-000416,0.0,0.00088475004,0.0,0.0,0.0,0.0,0.39112973,0.17050226,0.60278416,1.7347964,0.5065306,1.3728597,0.0,0.052070037,0.0,0.0,0.27030292,0.0,0.43324205,1.847702,0.7171828,0.76746655,1.3384384,0.0,0.0,0.0,1.0876479,0.0,0.11494572,0.14762485,0.0,0.0,0.0,0.0,0.0,0.7777909,0.580946,1.7215521,0.0,0.40845373,0.010674824,0.5573833,0.0,0.0,0.0,0.10116249,0.0,1.4488254,0.0,0.820771,0.0,0.14575587,1.1234977,0.07204963,0.0,0.0,1.313927,0.15690397,0.0,0.0,0.0,0.80519104,1.4243085,0.3155831,0.0,0.21935165,0.573877,0.0,0.0,0.90228415,0.0,0.0,0.0,0.35354674,0.0,0.7650393,0.3091711,0.0,0.0,1.0257567,1.0521128,0.0,0.81233597,0.65127033,0.15726393,0.0,0.0,0.0,0.6249639,1.2577136,0.0,1.0597042,0.0,0.0,0.009902148,0.0,0.0,0.28870952,0.006004706,0.0,0.13154747,0.0,0.24284232,1.2612016,1.1696017,0.9870669,0.0013489403,1.2455634,0.0,0.0,0.1945406,0.0,0.35680747,0.0,0.69560117,0.10140574,0.19982842,0.036642518,1.6719252,0.0,2.324018,0.105053626,0.0,0.92148954,0.7628178,1.3043635,0.4192281,0.89540976,0.8761864,0.38608122,0.5552266,0.0,0.0,0.0,0.0,0.0,0.5084015,1.3151873,0.0,0.07882854,0.0,0.0,0.0,0.0,1.1057987,0.0,0.0,0.22004507,0.9263415,0.36025405,0.0,0.0,0.0,0.0,0.87891144,0.5922066,0.473272,1.268411,0.03432738,0.40984246,0.0,0.0,1.2870009,0.0,0.0,0.18544129,0.451835,1.274157,0.6859149,0.0,0.7863903,0.0,0.0,0.0,2.0981488,0.0,0.68839663,0.08622348,1.2108803,0.0,0.0,0.0,0.7064759,0.0,0.0,1.2154323,0.8249789,0.67600596,0.07198132,0.0,0.0,0.81923634,0.31481084,0.0,0.3888931,0.77403677,0.40383333,0.0,0.7206572,0.0,0.6202746,0.0,0.0,0.6775912,0.48828354,1.7940003,0.0,0.5380696,0.8012283,0.7556248,0.0,0.0,0.0,0.0,0.0,0.0,0.0,1.4149859,0.6645659,0.67854965,0.7466649,0.0,0.22684236,0.0,1.3312142,0.0,0.95811075,0.7118434,0.8184048,1.8085059,1.8512168,0.0,0.0,0.74485,0.15681617,0.0,0.0,0.43514434,0.0,0.0,0.0,0.0,0.0,0.0,1.5086149,0.032535765,0.14175616,0.0,0.0,0.0,0.53546953,1.0307806,0.0,0.0,0.0,1.2071342
ACH-000875,0.06225594,0.0,1.9025981,0.0,0.0,0.0,0.5324766,0.50696844,0.8029982,0.37610748,0.0,1.435548,1.4885328,0.0,0.89618856,0.0,1.2375858,0.0,1.4024237,0.0087311,0.6454605,0.69361657,2.0067537,0.0,0.06613056,0.6129391,0.73771924,0.0,0.5477913,1.380058,0.0,0.16915473,0.0,0.0,0.10201265,0.0,2.0752432,0.0,0.0,0.9618122,0.9577142,1.8052661,0.0,0.0,0.0,0.0,0.0,0.0,0.0,0.0,1.5657516,0.0,0.0,0.2795581,0.017377963,0.0,0.0,0.0,0.0,0.0,0.0,3.4776013,0.7604208,1.9455602,1.2132515,0.11472282,0.0,0.0,0.0,0.9791995,0.19196294,0.0,0.0,0.0,0.0,0.0,0.0,2.6166651,0.0,0.0,0.0,0.0,0.8284926,1.234212,0.0,0.0,0.0,0.30013728,1.6773559,0.0,0.0,0.0,0.978149,0.0,0.0,0.0,0.0,0.75157195,0.2882754,0.0,0.8404607,0.0,1.2363085,1.5054942,0.723336,1.5797757,0.23984388,2.6621282,0.0,0.0,1.3131236,0.0,0.076747596,2.193893,0.0,0.5895315,1.2065495,0.0,1.2011011,0.0,1.1217475,0.0,0.49660528,0.59719616,0.73846763,0.0,0.30118674,0.1334839,1.2719369,1.0118793,0.107648194,0.0,2.8729603,0.0,0.0,0.0,0.15997535,0.0,0.0,0.8690357,0.0,0.0,0.0,0.0,1.5679889,0.0,0.0,0.7491594,1.9387953,0.0990988,0.0,0.36706042,0.0,0.0,0.0,0.0,0.689028,1.4637284,0.5998777,1.370626,0.91935706,0.0,1.2290456,0.0,0.0,0.0,0.0,0.8678708,0.21348365,0.0,1.3662504,0.0,0.0,0.14165658,1.3597393,0.0,2.1187892,0.0,2.1113515,0.0,1.2693956,1.0259973,0.0,0.0,1.5280529,0.30118698,0.7316346,0.0,1.580375,0.0,0.8992724,0.0,0.0,2.8283722,0.33797243,0.0,0.0,0.0,0.0,0.40890253,0.6849538,0.2251371,0.0,0.3474921,0.0,5.2712965,0.6774579,1.9806364,0.0,0.0,1.2482054,0.0,0.0,0.0,0.060287807,1.5369178,0.23271888,0.004402767,0.0,0.0,1.3032292,0.0,0.5655936,0.0,0.3096877,1.7269413,1.4535621,0.84790975,0.0,1.369656,1.4737145,0.49139288,0.0,0.0,2.7561069,0.0,1.160339,0.90365595,1.2076927,4.224787,0.16332616,0.9483988,0.0,0.0,0.7671259,0.0,0.0,0.0,2.9108503,0.0,0.4912524,0.69882363,0.0,0.0,0.53426415,2.704194
ACH-000442,0.0,0.623797,0.0,0.0,0.23264088,0.0,0.63347656,0.0,0.91098416,1.2039744,0.0,2.3934672,0.20109169,0.3320185,0.47487834,1.5173372,0.0,0.0,0.5469873,2.3217242,0.0,0.0,1.4660829,0.0,0.0,0.0,0.0,0.8039256,0.88894063,0.0,0.5095208,0.0,0.0,1.3174524,0.0,0.0,0.0,2.2756257,0.9574234,0.0,0.0,0.56714725,0.0,0.0,0.46119487,0.0,0.0,0.41091624,0.2953934,0.053428117,0.0,0.02204984,1.1766112,0.074800104,0.0,0.8869593,0.0,0.15389575,0.0,0.0,0.0,1.484301,2.0111382,0.30473584,0.07614731,0.0,0.5073313,0.0,0.0,0.0,0.9735952,0.0,0.0,1.6904027,0.36454943,0.0,1.8823038,0.0,0.0,2.8243551,0.0,0.45003262,0.0,1.9119263,1.5855346,0.0,0.0,0.0,1.8526446,1.7377114,0.15988715,1.1746696,0.5083603,0.0,0.0,0.0,0.0,0.0,0.31724653,0.0,0.0,0.0,1.8580195,1.562293,1.4849085,0.0,0.0,1.2492834,0.0,0.0,0.0,0.0,0.3684658,0.0,1.5346898,0.0,2.7629576,1.1784419,1.4926282,0.21848397,0.74793506,0.0,0.0,0.16545154,0.0,1.8869116,0.0,0.31855148,2.7967818,0.46246016,0.0,1.4337862,0.0,0.31539854,0.0,1.0790154,0.36848307,1.3091354,0.0,2.1492176,0.0,0.0,0.034173887,0.0,0.0,0.0,0.0,0.29767922,0.8427969,0.0,0.0,0.0,0.0,0.0,0.1234228,0.78484774,0.0,0.0,0.59423333,0.06112488,0.0,2.4387805,1.6208582,0.22554596,1.1093218,0.0,0.0,0.0,1.0770699,0.0,0.10999493,0.0,0.35158023,0.0,1.3314285,0.0,1.8910546,0.9337045,0.29723206,0.0,0.0,0.3152581,0.48171613,0.0,0.19834112,1.6740229,0.0,0.6227375,0.47540304,0.91680545,1.1828489,1.4928896,0.0,0.0,0.0,0.0,1.6174527,0.0,0.6649295,0.5128242,1.0057563,0.76155496,0.0,0.30113256,0.8267556,1.4809959,0.0,0.4805679,0.4654966,0.33107543,0.0,1.3975675,0.0,0.14659165,0.0,1.4062525,1.1425949,2.362272,1.886897,0.3043583,0.6101564,0.0,0.0,0.0,1.3118075,0.0,3.0924861,0.0,1.8942045,1.8064381,2.0205996,0.0,0.0,0.0,0.35911313,0.0,0.0,1.1565425,0.9222968,0.0,0.02078204,0.0,0.0,0.0,1.528675,0.6981116,0.0,0.0,0.40708685,0.20442833,0.33247662,0.68543667,0.0,0.0,0.22307734,0.71826947
ACH-000841,0.7824798,0.0,0.0,0.0,0.57220167,0.0,0.0,0.14616586,1.6498953,1.5436333,0.0,0.8327754,0.0,0.0,0.20469308,0.0,0.0,0.0,0.6894044,0.8860988,0.0,0.49317816,2.1828535,0.0,0.0,0.0,0.0,0.0,1.6258084,1.5895092,0.0,0.0,0.0,0.0,0.0,0.0,1.3190417,0.0,0.0,0.48812714,1.0388746,0.5616555,0.04012045,0.0,0.0,0.0,0.0,0.0,0.0,0.0,0.28162664,0.0,0.0,0.0,0.0,0.0,0.0,0.0,0.0,0.0,0.0,2.6206644,1.726619,1.2869737,0.0,0.0,0.0,0.0,0.0,0.4011417,0.0,0.0,0.0,0.0,0.045663573,0.5392582,0.0,0.3258761,0.0,0.092210166,1.1733172,0.39758864,0.49553236,2.0749457,0.0,0.011760144,0.0,0.0,1.4383982,0.7017952,0.0,1.3715563,0.0,0.0,0.0,0.0,0.0,0.0,0.8364478,0.04582978,0.0,0.0,0.9719222,1.6716421,0.363443,0.86587244,0.0,2.6898031,0.0,0.0,1.3005197,0.0,0.0,0.7602058,0.0,0.3108052,1.589452,0.20569465,1.3524551,0.0,0.05622001,0.0,0.0,0.0,0.96863747,0.0,0.7998014,0.31067255,0.4560702,1.0193695,0.0,0.0,1.1195892,0.0,0.0,0.48878518,0.0,0.0,0.0,0.8067911,0.0,0.0,0.33519867,0.0,2.2853343,0.0,0.0,0.19312362,2.0618312,0.57717574,0.0,1.1824361,0.0,0.0,0.23801422,0.0,0.3444283,0.92128664,0.40985495,0.97494817,1.5606441,0.0,1.547673,0.0,0.0,0.0,0.0,1.8552418,1.2865969,0.0,0.0,0.0,0.0,0.66267186,0.6609915,0.52590394,0.23618896,0.0,1.6494191,0.0,0.0,1.1749562,0.6971333,0.0,1.1673464,0.8502153,0.49077427,0.35552642,0.26853168,0.83478934,0.73583466,0.0,0.0,1.7657326,1.5237788,0.6599748,0.0,0.0,0.0,0.0,0.0,0.35049072,0.0,0.42617026,0.0,3.2994392,0.0,0.66698956,0.0,0.0,0.34016463,0.66472673,0.0,0.0,0.0,1.5837142,0.33841056,0.07992578,0.0,0.0,1.6571494,0.0,0.0,0.102349706,1.8278778,0.11817747,1.5795542,0.0,0.28532183,1.2750016,1.6397214,0.0,0.0,0.0,1.7926605,0.0,0.48245493,0.79342735,0.0,1.9958528,0.20999096,0.83146256,0.0,0.0,1.7316457,0.0,0.0,0.0,2.6710422,0.0,1.2015378,1.8614279,0.01946703,0.0,0.54025203,1.382736
ACH-000860,0.28550336,0.0,0.7772644,0.0,0.0,0.0,0.6668755,0.0,0.25527957,0.46758595,0.426175,0.0,0.0,0.0,0.0,0.0,0.6720701,0.0,0.71230215,0.46248582,0.0,0.27589446,2.000208,0.0,0.0,0.3949591,0.6289565,0.0,0.0,1.3564813,0.0,0.064954795,0.0,0.0,0.0,0.0,1.1090472,0.23033972,0.0,0.0,0.6039011,1.6543487,0.1096357,0.0,0.0,0.0,0.0,0.0,0.43420658,0.0,0.0,0.0,0.0,0.28753382,0.0,0.0,0.0,0.0,0.0,0.33628768,0.14804631,0.7662821,1.806362,2.2726753,0.0,0.0,0.18960981,0.0,0.0,0.9518714,0.0,0.29610282,0.0,0.26345325,0.0,0.0,0.0,0.5181957,0.0,0.13660452,1.1569377,0.0,0.0,2.1665378,0.2727762,0.0,0.0,0.29145887,1.0066141,1.5499024,0.0,0.13331193,0.7815779,0.0,0.0,0.0,0.0,0.20821962,1.173009,0.0,0.0,0.0,0.5688781,0.919538,0.25501546,0.9225101,0.0,2.2600138,0.0,0.70029926,0.17452954,0.12724856,0.0,0.9498961,0.0,0.0,1.1596506,0.81255424,1.3033379,0.0,0.30202377,0.0,0.0,0.6942545,1.698338,0.27141923,0.43732563,0.0,0.7330106,0.89038724,0.0,0.0,0.37922055,0.0,0.09514633,0.0,0.0,0.0,0.0,1.5111951,0.0,0.0,0.0,0.0,2.18967,0.0,0.37616098,0.55994457,1.0875752,0.0,0.0,1.4324032,0.0,0.0,0.0,0.0,1.2938682,0.65501916,0.0,0.0,0.0,0.0,1.0978718,0.0,0.0,0.0,0.0,2.066004,0.2906815,0.0,0.0,0.0,0.0,0.08158751,1.2493329,0.5019043,1.3570054,0.66003144,0.34633818,0.0,0.22613229,0.0,1.1436403,0.0,0.5782553,0.6037016,0.0,0.0,0.3731923,0.722185,0.32616,0.0,0.0,1.7810827,1.4700528,0.0,0.0,0.08820998,0.0,0.0,0.09727672,0.7322464,0.0,0.50162274,0.391216,2.1089876,1.6544105,0.510353,0.0,0.0,0.0,0.0,0.0,0.0,0.0,0.8101403,0.0,0.0,0.32546434,0.0,1.7601666,0.0,0.31293282,0.0,0.6411859,0.0,1.7293738,1.1858777,0.039876226,0.767672,0.88603497,0.0,0.0,0.0,2.5598705,0.69749826,0.124274686,1.0692935,0.09487732,1.1216862,0.0,0.93757886,0.0,0.0,1.7357234,0.0,0.0,0.0,0.99045414,0.0,0.84807116,1.7069247,0.0,0.0,0.4279991,1.0004992
ACH-000744,0.0,1.3588105,0.0,0.0,0.0,0.15613408,0.45742628,0.44087493,0.4300321,1.239035,0.0,1.4943454,0.058473542,0.20770077,0.7503102,0.0,0.8144905,0.0,0.14606844,1.5402975,0.0,0.0,1.9667605,0.0,0.09713085,0.0,1.9164411,0.0033786355,0.0,0.83561784,0.0,0.0,0.0,0.29101813,0.7562724,0.0,0.7316832,0.0,0.39204952,0.3553299,0.0,0.4990539,0.2155724,0.6115175,0.0,0.0,0.7632933,0.0,0.0,1.8531555,0.0,0.40558037,0.0,0.51873726,0.0,0.0,0.0,0.0,0.0,0.0,0.0,0.20167376,0.5379192,0.67654115,0.18892443,0.91878617,0.0,0.0,0.0,0.92166054,0.0,0.36607695,0.5608697,0.85495305,0.0,0.0,0.0,0.54607546,0.0,1.2039635,0.0,0.0,0.72118175,0.012965176,0.61233747,0.0,0.0,0.0,0.0,0.9844806,0.4721862,0.0,1.7145517,0.0,0.0,0.0,0.0,0.0,0.0,0.0,0.0,0.0,1.8663151,0.0,0.51279205,2.2362473,0.0,1.7835225,0.0,0.0,0.0,0.8634243,0.067353085,1.5567856,0.49484435,1.2878073,0.08308288,0.0,3.1294699,0.0,0.92344373,0.0,0.0,1.3839864,2.711083,0.38505057,0.0,0.0,0.0,1.3294557,0.27479047,0.0,0.35456803,0.0,0.5948083,0.06764973,0.49753827,0.0,0.0,1.2400721,0.0,0.0,0.0,0.0,2.4134018,0.0,0.21127763,0.7142217,0.0,1.9692805,0.0,0.0,0.0,0.0,0.0,0.00910799,0.8577936,2.0805688,0.0,0.52781224,0.36599118,0.0,1.7052897,0.0,0.67359805,0.0,0.0,0.61105585,0.6000602,0.0,0.0048779105,0.0,0.4714338,0.64764374,0.56926596,0.8682077,2.0933745,0.0,1.4317929,0.0,0.0,0.1695434,0.0,0.0,1.8079745,0.0,0.595159,1.860119,0.0,0.0,0.017891506,1.2101843,0.0,0.43677047,0.0,0.90230876,0.0,0.0,0.0,0.0,0.18242179,0.0,0.29988173,0.0,1.2939717,1.3888804,0.92181575,0.0,0.0,0.26668346,0.7829766,1.0267437,0.013687572,0.0,0.0,0.72331434,0.0,1.3107603,0.8476286,0.0,0.0,0.2731241,1.4954022,0.0,0.90690875,0.0,1.5152485,0.13142797,0.0,1.1281956,2.591595,1.4163837,0.0,0.6140473,1.483982,0.0,0.9099009,1.0995985,0.0,1.9704335,0.0,0.0,0.0,0.0191413,1.5624465,0.0,0.0,0.0,2.036542,0.1917154,0.17869201,2.7428663,0.0,0.0,0.21138148,1.1033504
ACH-000853,0.0,1.4340897,0.0,0.0,0.5349804,0.0,2.2418702,0.0,1.1386635,0.5121677,0.0,1.6353076,0.0,0.40483794,0.7497362,0.5062536,0.0,0.0,0.0,2.643953,0.0,0.68970793,0.70419455,0.0,0.0,0.0,0.0,0.0,1.359881,0.9598983,0.546574,0.0,0.0,2.1257124,0.0,1.319017,0.0,0.82410246,0.9974749,0.0,0.47476563,0.3513084,0.26492187,1.2406218,0.3144761,0.0,0.0,0.16745079,0.0,0.881105,0.046838455,0.0,0.0,0.0038343105,0.0,0.0,0.8975753,0.78788584,0.0,0.0,1.8570023,0.0,1.287235,0.30718258,0.0,0.08386508,0.24740492,0.0,0.13108979,2.68443,0.5174365,0.16051248,0.0,0.9907129,0.0,0.0,1.3299835,0.0,1.4236003,1.8008124,0.79603446,0.0,0.009504454,1.7283725,0.35071254,0.0,0.0,0.0,1.4015028,1.2690359,0.0,1.5573801,1.2832294,0.0,0.0,0.0,0.0,0.0,0.0,0.0,0.03781365,0.0007366829,1.7419477,1.5311775,2.3143737,0.95581174,0.3709969,0.5454743,0.0,0.0,0.0,0.0,0.0,0.0,1.2452403,0.12434402,1.7162527,1.7337584,1.1781045,0.0,3.0762222,0.40731823,0.0,0.18623878,1.3199408,1.4111413,0.0,0.0,1.732829,0.2990814,0.0,0.5061096,0.0,0.0,1.3213344,0.65984666,1.3017381,0.49091038,0.0,0.66959596,0.06562639,0.0,0.0,0.0,1.3394518,0.0,0.0,0.59913653,0.74703014,0.59611106,0.0,0.0,0.0,0.0,0.0,0.50396514,1.6878837,1.1390356,0.0,0.9974637,0.7738116,0.6419984,0.7996504,1.1827555,0.0,0.0,0.0,0.7178481,1.148604,0.0,0.0,0.0,0.14554065,0.0,0.60726607,0.0,0.0,0.89110535,0.63029486,0.0,0.13687666,1.643516,0.3734086,0.0,0.0,1.2645458,0.11026103,0.30251446,0.0,0.0,0.30268162,2.035263,0.9673078,0.0,0.0,0.46662387,0.93945724,0.0,1.446953,0.0,1.2912394,0.6430175,0.0,0.0,0.695551,0.7343953,0.0,0.0,0.0,0.9950298,0.0,0.0,0.0,0.0,0.0,0.21256727,0.0,2.121024,0.47384948,0.0,1.5756141,0.0,0.0,0.105360754,1.4904685,0.0,0.87171537,0.07011497,1.7003325,1.2061917,1.4747856,0.9410467,0.0,0.887799,1.1173177,0.0,1.8747785,1.4651623,1.6385112,0.0,0.0,0.0,0.0,0.0,3.1046097,0.0,0.0,0.0,0.9696423,0.0,0.2533208,1.7315297,0.0,0.0,2.2840016,1.4365711
ACH-000929,0.39247203,0.05655683,0.0,0.0,0.0,0.5129735,1.9003855,0.0,0.0,0.3088443,0.0,0.98628825,0.3412681,0.0,0.32183772,0.0,0.31924754,0.0,0.0,2.5324237,0.0,0.0,0.7925823,0.0,0.0,0.36274406,0.0,0.0,0.0,0.17515469,0.0,0.0,0.111911915,0.0,0.0,0.15012437,0.56009364,0.0,0.26394972,1.6672386,0.112650715,1.3944993,0.03796738,0.0,0.5868078,0.0,0.3654326,0.2791578,0.0,0.0,0.5594735,0.0,0.0,0.18620706,0.0,0.0,0.0,0.0,0.0,0.0,0.0,2.264544,1.6709656,0.47960252,0.0,0.0,0.0,0.0,0.20307042,0.21084602,0.0,0.0,0.0,0.40778223,0.0,0.45954585,0.0,0.00090402085,0.42252675,0.48198053,0.0,0.0,0.0,0.8624577,0.36452702,0.0,0.0,0.0,0.17508356,1.0462124,0.059469238,0.58944017,0.0,0.0,0.016800134,0.45733115,0.35968095,0.5478795,0.42259827,0.0,0.2910905,0.0,1.7843112,0.0,1.1480073,0.51449627,0.0,1.3641027,0.0,0.035491098,1.4376667,0.0,0.31979853,1.4245384,0.7953746,0.49240953,0.0,0.32723516,1.0045751,0.0,0.8162599,0.0,0.00563324,0.0,2.0386195,0.0,0.0,0.0,0.0,0.034174804,0.22933765,0.0,0.1745209,0.0,0.18890032,0.0,0.0,0.0,0.0,0.61879903,0.37645048,0.0,0.0,0.0,0.41997793,0.4624928,0.4755555,0.53448284,2.698354,1.5409081,0.0,0.0,0.0,0.0,0.23578155,0.0,1.0859987,2.0453234,0.0,1.2236495,0.9886656,0.0,0.0,0.6600596,0.40372682,0.0,0.0,2.443378,0.9033841,1.1192191,1.0479195,0.23760337,0.6789807,0.0,1.7235695,0.0,0.60279024,0.0,1.1580151,0.0,0.0,0.99045146,0.46834427,0.47040534,0.6197694,1.1508168,1.0447314,0.9889345,0.8564129,0.0,0.0,0.03824486,0.0,1.5157884,0.27780852,0.6439136,0.14333554,0.0,0.0,0.15222213,0.080879405,0.0,0.0,0.0,0.0,3.029001,1.2694591,0.0,0.0,0.0,1.2630578,0.23429291,0.0,0.0,0.0,0.0,0.472413,0.82693136,0.0,0.5582908,1.5030359,0.0,0.81193155,0.0,0.8105389,1.3383126,0.0,0.9827634,0.0,0.24308574,1.4125426,0.035385255,0.0,0.53369284,1.0229117,0.0,1.3793694,0.44882274,0.61011726,2.8947902,0.0,0.0,0.0,0.0,1.9397389,0.0,0.0,0.057051327,1.5452371,0.0,0.87364835,0.97944266,0.13843527,0.0,0.0,0.57843465
ACH-000311,1.1007863,0.39636055,0.0,0.0,0.0,0.0,0.67588717,0.0,1.0924144,0.69568086,0.0,0.0,0.53611094,0.0,0.0,0.0,0.27514964,0.0,0.9568872,0.7674699,1.1701697,0.0,0.45278254,0.0,0.024911506,0.12881005,1.4367509,0.0,0.0,0.7995959,0.0,0.0,0.0,0.80640316,0.05617969,0.47416297,1.7388176,1.0690374,0.0,1.0142369,0.0,1.239275,0.09810529,0.0,0.0,0.0,0.098495886,0.0,0.0,0.04812858,0.30445486,0.0,0.0,0.0,0.0,0.0,0.0,0.0,0.0,0.5547429,0.07715746,2.5069215,2.5026314,0.31013626,0.20892006,0.0,0.0,0.0,0.41819486,0.42599458,0.0,0.0,0.0,1.0532978,0.0,0.0,0.0,0.19237748,0.32955363,0.1395584,0.44039974,0.0,0.0,1.147735,0.53841835,0.0,0.0,0.0,0.5702721,0.9172529,0.0,0.6930404,0.39543894,0.8229156,0.0,0.0,0.0,0.0,0.13785104,0.0,0.0,0.0,0.0,0.36286107,0.19395174,1.0932457,0.0,1.6119208,0.0,0.0,0.74711347,0.0,0.0,0.66161203,0.0,0.064480275,0.2751331,0.0,0.020578127,0.0,0.19344671,0.0,0.0,0.88892484,1.8321733,1.3140836,0.8666076,0.0,0.0,0.0,1.0894369,0.0,1.5846043,0.0,0.0,0.19043101,0.43780088,0.0,0.0,0.0,0.1952436,0.0,0.0,0.0,0.9524755,0.0,0.0,0.0,1.204363,1.2914296,0.0,0.0,0.0,0.0,0.58049047,0.0,0.9788907,1.7226323,0.0,0.8316995,0.0,0.0,0.0,0.7909113,0.35861212,0.0,0.0,2.7051077,1.5037404,0.80109847,0.83644366,0.0,0.0,0.95704913,2.3982365,0.15197942,0.0,0.8156462,0.014486516,0.0,0.0,0.34282687,0.29185835,0.0,0.39988407,1.8465422,0.060653605,0.0,0.40962172,0.0,0.0,0.0,0.0,2.0715752,0.0,0.0,0.0,0.0,0.0,0.0,0.0,0.0,0.0,0.017028345,0.0,1.8665571,0.38028887,0.07503066,0.0,0.0,0.16637959,0.0,0.0,0.0,0.08161018,0.40038818,0.0,0.7653064,0.23338395,0.35918444,0.0,0.16692512,1.7520984,0.0,2.0221589,0.23135565,0.0,0.13708888,0.14601222,1.1741669,1.8274939,0.0,0.0,0.6812656,1.341109,0.41405714,0.8130139,1.6880941,0.32288125,0.7775771,0.0,0.34570822,0.0,0.0,2.168603,0.51472145,0.0,0.0,1.2780203,0.0,0.6154037,0.63385063,1.2885218,0.0,0.0,0.0
ACH-000675,0.0,0.0,0.0,0.0,0.0,0.0,1.1227444,0.0,0.9176981,0.1000406,0.0,1.5286704,0.0,0.81941843,1.2576736,0.0,0.0,0.0,0.0,1.4690536,0.04229467,0.567392,0.99906623,0.0,0.0,0.0,0.8469735,0.0,1.2476232,1.226811,0.1054935,0.0,0.0,0.5491224,0.0,0.0,0.6617646,0.16685055,0.21402633,0.7571654,0.0,1.0959114,0.4708102,0.0,0.0,0.0,0.0,0.0,0.064720504,1.3305798,0.0,0.25985897,0.6194051,0.0,0.0,0.21374473,0.0,0.36409464,0.0,0.0,0.28105393,1.0108684,1.2956475,0.0,0.0,0.3029941,0.0,0.0,0.39195886,0.0,0.0,0.0,0.0,0.3092636,0.0,0.0,0.5623949,0.0,0.8670975,0.6640843,1.11474,0.11126451,0.13545848,0.35438138,0.0,0.15507212,0.0,1.0977432,1.0976073,0.97397363,0.15962626,0.8742901,0.05900244,0.11300959,0.0,0.0,0.0,0.0,0.35787264,0.0,0.13311578,0.0,0.52077395,1.4114038,0.48844782,0.0,0.0,0.66595256,0.0,0.0,0.0,0.4202708,0.0,0.0,0.0,0.0009641951,0.97086596,0.13939267,1.8749379,0.0,0.7247667,0.0,0.0,0.014185982,0.120748006,0.94215065,0.6923884,0.3196493,0.0,0.41092372,0.0,0.0,0.0,0.0,0.0,0.16029291,0.4502744,0.23899399,0.0,0.0,0.0,0.0,0.0,0.0,1.2141838,0.22496434,0.0,0.14287521,0.27161938,1.3382939,0.0,0.042640496,0.0,0.0,0.16481127,0.481074,0.0,1.0663342,0.65237343,0.97735965,0.18267706,0.28778997,0.5579986,0.0,0.23148444,0.0,0.0,0.24752557,0.07825185,0.0,0.7702753,0.0,0.0,0.0,1.170617,0.0,0.0,0.0,0.0,0.0,0.0,0.6373291,0.3732852,0.0,0.6071158,1.5937577,0.2571283,1.3216126,0.0,0.0,0.0,1.029255,0.2612609,0.34024546,0.0,1.0789748,0.87879777,0.33512253,0.27859765,0.078850836,0.42704707,0.3323135,0.0,0.7543457,0.41489598,1.1996279,0.7408121,0.19119465,0.24279417,0.919763,0.38660374,0.50311816,0.0,0.0,0.0,0.73553026,0.0,1.7552924,0.41622335,0.0,0.036247335,0.0,0.766518,0.0,0.0,0.0,0.1689125,0.0,0.9705303,1.3072368,2.0945518,0.0,0.0,0.0,0.78022504,0.0,0.26172057,0.07550805,0.86126345,0.0,0.0,0.7153044,0.0,0.0,1.5812272,0.0,0.0,0.059081297,0.47042575,0.0,1.4678335,0.0,0.0,0.0,0.7012548,0.21570314
ACH-000496,0.0,0.0,0.0,0.0,0.0,0.0,0.7533749,0.0,0.44599655,1.7604452,0.0,0.72106326,0.026163325,0.17771514,0.54889554,0.77940243,0.0,0.0,1.0395406,1.7640605,0.08148998,0.860278,0.0,0.0,0.12193031,0.0,1.3767543,0.0,0.1422249,0.90467983,0.5622821,0.0,0.0,0.0,0.0,0.0,0.12295363,0.6093163,0.0,1.0976285,0.0,0.7106916,0.0,0.0,0.0,0.0,0.2154903,1.1131488,0.38770005,0.450976,0.79001063,1.3328468,0.41557434,0.0,0.32842523,0.0,0.0,0.0,0.0,0.0,0.0,1.1351994,2.2084687,0.60982114,0.0,0.0,0.0,0.0,0.24704377,0.0,1.138738,0.0,0.68886113,1.6382978,0.14481549,0.056528635,0.0,0.0,0.5726909,0.8355688,0.0,0.0,0.32094717,0.7423774,0.0,0.0,0.0,0.0,0.46733543,1.3892779,0.1635417,0.45596987,0.0,0.0,0.0,0.44495583,0.0,0.0,0.66153985,0.0,0.0,0.0,0.55841345,0.71422946,0.5205284,0.2839072,0.0,0.9871372,0.0,0.0,0.75986814,0.0,0.0,0.0,0.0,0.13711137,0.8844637,0.0,0.82338697,0.0,1.8774853,0.0,0.0,0.16656591,0.0,1.2878871,0.4559838,0.7559009,0.95421755,1.0008507,0.0,0.0,0.0,0.854177,0.0,0.0,0.91191125,0.0,0.0,0.7994445,0.0,0.0,0.0,0.0,1.018455,0.11385416,0.0,0.040720053,1.6425349,0.68159413,0.0,0.0,0.0,0.0,0.47252768,1.0578362,0.05772636,0.086028606,0.0,0.5244677,0.0,0.4262032,0.060501177,0.62243235,0.0,0.36349016,0.120163105,0.0,1.1585904,0.0,0.06900116,0.0,0.0,0.0,1.5072441,0.8632595,1.1582836,0.0,0.13321106,0.0,0.0,0.050191835,0.5048561,0.0,0.0,0.75971395,0.589895,1.1343808,0.0,0.0,0.98201215,0.6763535,0.0,0.0,0.543966,0.4751161,0.481011,0.0,0.9816548,0.11534847,0.25328583,0.6735058,0.94104373,0.0,0.6360659,1.4730498,0.55759495,1.0181508,0.3601597,0.60693514,0.43686417,0.37220532,0.0,0.0,0.0,1.5409691,0.0030734576,1.3675619,0.0,0.0,0.49512726,0.0,0.23961532,0.0,1.4150635,0.04798818,1.2705901,0.0,0.8036385,1.651899,1.6073003,0.13494468,0.0,0.1230162,0.0,0.0,0.12989177,0.45242515,0.0,0.0,0.65301675,0.6506018,0.05922897,0.0,1.2503126,0.0,0.0,0.0,0.4092927,0.28221232,0.0,0.0,0.0,0.0,0.0,0.008851047
ACH-000062,0.0,0.70463777,0.0,0.0,0.0,0.0,0.7781681,0.0,0.45869622,0.92848736,0.0,0.4054876,0.0,0.43533182,0.84686685,0.8317198,0.14308895,0.0,0.07700584,1.5051014,0.67929184,0.0,1.0217904,0.0,0.0,0.0,1.1509594,0.0,0.26574206,0.6832494,0.04903379,0.0,0.0,0.19951944,0.6293957,0.0,0.0,1.0786798,0.15795244,1.0147989,0.0,0.88321805,0.18768299,0.06637126,0.0,0.5403835,0.009478734,0.24764648,0.9032262,1.1698663,0.0,0.0,0.232353,0.0,0.0,0.0,0.7947461,0.32229796,0.0,0.0,0.0,1.0910109,2.3654718,0.0,0.0,0.0,0.0,0.0,0.0,0.339854,0.0,0.0,0.0,0.226571,0.19025697,0.0,0.0,0.0,1.1461443,1.7354828,1.3277173,0.0,0.0,0.8401873,0.7589063,0.26546362,0.0,0.0,1.706637,1.3131585,0.4107719,0.7906841,0.0,0.0,0.0,0.0,0.0,0.0,0.0,0.0,0.0,0.0,1.125265,0.23106651,0.44840476,0.10845842,0.0,1.4575424,0.0,0.0,0.025128556,0.0,0.0,0.0,0.56653756,0.0,1.3228506,1.0874729,1.4063549,0.0,1.3158581,0.0,0.0,0.0523354,0.0,1.219799,0.0,0.048007473,1.5957954,0.95486146,0.0,0.0,0.0,0.0,0.0,0.36146182,1.4818598,0.45102173,0.0,0.0,0.0,0.0,0.05398715,0.0,0.55572325,0.0,0.0,0.527456,0.36496228,0.0,0.0,0.0,0.0,0.0,0.5729445,0.93021834,0.39951056,0.99537927,0.0,0.36264846,0.0,1.2351512,0.0,0.0009539882,0.0,0.0,0.0,0.21887255,1.3076901,0.0,0.43368006,0.5667903,1.0086936,0.0,1.4479468,0.0,1.2218958,0.030276595,0.0,0.0,0.0,0.43287346,0.1888053,0.09345781,0.34377104,1.09195,0.11624228,1.2843366,0.0,0.0,0.08261245,0.6609162,0.0,0.0,0.0,0.0,0.045426723,0.0,0.0,0.0,0.52953273,0.15601784,0.0,0.0,0.6258291,1.2082046,0.19753999,0.0,0.10987719,0.08918737,0.42944205,0.5974438,0.0,0.0,0.0,0.119478986,0.055255417,1.7434195,0.5905121,0.117846146,0.23849013,0.0,0.40935925,0.3474974,0.8634294,0.0,1.1328123,0.0,0.6311685,2.4158268,1.5099255,0.0,0.0,0.4106682,0.80668926,0.0,0.053726982,0.5415059,0.0,0.0,0.0,0.0,0.0,0.0,1.5723245,0.0281373,0.0,0.0,0.12493922,0.0,0.6297058,0.38321948,0.0,0.0,0.0,0.0
ACH-000878,0.0,0.6351579,0.0,0.0,0.2021548,0.36901724,0.0,0.66688645,0.16601685,1.3273758,0.0,0.9472474,0.0,0.0,0.7281885,0.01685407,0.0,0.0,0.10188136,1.5903095,0.14365493,0.0,0.5117919,0.0,0.0,0.0,0.99153495,0.0,1.3050534,0.13600877,0.0,0.3279753,0.0,1.2718664,0.20911829,0.6892897,0.38019142,1.2046006,0.3747271,0.4248714,0.07199501,0.60038847,0.0,0.0,0.5684574,0.0,0.0,0.0,0.0,1.6293548,0.11186891,0.41916835,0.116499715,1.050266,0.0,0.045822732,0.914227,0.0,0.0,0.0,0.0,0.9187727,1.492999,0.6159924,0.877426,0.55750173,0.99331605,0.0,0.0,0.7683085,0.0,0.0,0.0,0.70646656,0.0,0.0,0.0,0.0,0.0,1.325568,0.20404245,0.0,0.42807618,0.9414002,0.25218052,0.4194585,0.059941158,0.0,2.1650941,0.6035138,0.20521246,0.0,0.0,0.0,0.0,0.0,0.0,0.4174664,0.6312196,0.0,0.0,0.0,0.81644875,0.7178296,0.4433038,0.67602384,0.0,1.0925548,0.0,0.0,1.2232996,0.21897197,0.0,0.0,0.0,0.0,1.3391992,0.66651577,1.3888359,0.0,0.30317482,0.0,0.065685116,0.0,1.2874813,0.5615345,0.55047363,0.62012887,1.2296712,0.16685772,0.0,0.7547457,0.0,0.0,0.039904144,0.0,1.295728,0.0,0.0,0.5780472,0.010679702,0.0,0.0,0.0,0.817298,0.0,0.27921245,0.0,0.050550357,0.2115699,0.0,0.11252119,0.0,0.0,0.0,0.6911028,0.81193095,0.3945139,0.0,2.0836802,0.0,0.02685016,0.5947902,0.0,0.4095062,0.8531667,1.061816,0.76001894,0.5611329,0.0,1.3125832,0.0,0.0,0.0,1.5597798,0.30338684,0.5619839,0.41035172,0.0,0.0,0.0,0.43211928,0.10440714,0.0,0.0,1.1648903,1.3346283,1.4601076,0.0,0.0,0.29635087,1.0916831,0.09024109,0.0,0.0,0.0,0.56193155,0.0,0.852203,0.67816114,0.592956,1.0922874,0.0,0.0,0.9369476,1.8813332,0.0,0.0,0.0,0.60020024,0.0,0.9352715,0.0,0.0,0.0,0.006108583,0.18926081,1.298206,0.08104896,0.0,0.7365103,0.0,0.1826332,0.0,1.1592813,0.0,1.2324289,0.0,0.6629765,2.0631313,0.9493101,0.6069668,0.0,0.0,0.3448992,0.3417365,0.0,0.04278073,0.0,0.0,0.0,0.271609,0.0,0.0,1.3679006,0.0,0.0,0.0,0.8340028,0.0,0.10366279,1.1478248,0.0,0.0,0.846797,0.0
ACH-000603,0.0,0.78106385,0.0,0.0,0.0,0.0,0.0,0.081755616,0.0,0.0,0.0,0.0,1.8027006,0.30898464,0.32216293,0.0,0.0,0.0,0.0,1.2904898,0.0,0.0,1.8340672,0.0,0.0,0.0,1.1861594,0.0,0.0,0.0,0.0,0.0,0.79128915,0.92758703,0.0,0.059996635,0.14818855,0.0,0.0,0.22519748,1.7375648,0.6578502,1.2466776,0.6791888,0.0,0.0,0.0,1.134783,0.06724885,0.6413486,0.2841267,0.25636613,0.0,1.2237053,0.0,0.07082342,0.90791106,0.0,0.0,0.0,0.0,0.7247393,1.8263348,0.6112721,0.0,0.97521335,0.6905063,0.0,0.43125635,2.2394216,0.14507018,0.0,0.7671997,0.0,0.0,0.0,0.70439273,0.0,0.75612426,2.1909049,0.62932646,0.0,0.5725508,0.80497754,0.9834355,0.0,0.0,0.0,0.7682743,1.9963057,0.8955664,0.0,0.7312268,0.0,0.0,0.0,0.0,0.0,0.0,0.0,0.0,0.0,0.0,0.1828329,0.056611255,1.5723395,0.0,1.1394616,0.0,0.0,1.0545051,0.34201983,1.5227185,0.10245749,0.5670514,0.0,0.016271565,0.0,1.9967853,0.0,1.6202798,0.0,0.0,1.1266035,1.6014603,0.32313043,0.13016321,0.0,0.25268987,0.59626836,0.17164443,0.0,0.4282214,0.0,0.0,0.5261918,0.8017405,0.0,0.0,0.91296214,0.0,0.0,0.0,0.0,0.0,0.0,0.26282313,0.17751257,0.0,0.0,0.0,0.19982922,0.0,0.0,0.29650226,0.0,2.1016846,0.95559305,0.0,0.14910905,0.7940545,0.0,1.0377078,0.0,0.0,0.20338427,0.07154133,0.2077269,0.27918395,0.0,0.7148979,0.0,0.6089369,0.0,1.7189418,0.12460943,0.63516635,0.1587182,0.7965374,0.0,0.41587794,0.43022224,2.2395072,0.0,0.4407988,0.0,0.0,0.1472136,0.0,0.0,0.0,0.0,1.0710384,0.4866542,0.0,0.0,0.0,0.0,0.19392888,0.13561317,0.0,0.0,0.0,0.15990235,0.08812342,1.4538404,0.86206543,0.0,0.0,0.0,0.93602693,0.5585976,0.08708477,0.0,0.6001958,0.11650962,0.78739274,1.0552443,1.8553579,0.0,0.7891779,0.0,1.1761396,0.0,0.7115475,0.40166909,1.4511532,0.51917,0.3052659,0.4804783,2.405958,0.263266,0.0,0.9249179,2.1943448,0.33972543,1.1453031,0.9160877,0.0,0.81286746,0.0,0.0,0.24380778,0.48124173,2.531123,0.47385505,0.0,0.0,2.92314,0.0,0.14385563,1.7390822,0.0,0.0,0.5000734,0.0
ACH-000825,0.0,1.3810545,0.16009489,0.0,0.09074747,0.0,0.8176296,0.0,0.0,1.1866192,0.0,2.1986046,0.0,0.010472582,0.9019556,1.1465456,0.0,0.0,0.32932165,1.4977305,0.0,1.4692477,1.6905087,0.0,0.0,0.0,0.47831672,0.67039746,0.59891975,1.1349174,0.6364882,0.0,0.0,0.0,0.0,0.0,0.0,0.0,0.0,0.0,0.023454282,0.38448587,0.0,0.0,0.0,0.0,0.5486122,0.20521276,1.7703177,1.1760763,0.0,0.2656924,0.8170731,0.0,0.0,0.0,0.014669948,0.0,0.0,0.42455688,0.0,1.7004445,2.311958,0.6759994,0.0,0.0,0.6849943,0.0,0.0,0.5464908,0.5260046,0.0,0.0,0.8345261,0.22925769,0.0,0.0,0.30213138,0.21936569,0.5002867,0.0,0.87915087,0.0,1.3835704,0.043055635,0.0,0.0,0.0,2.1761851,1.0410436,0.0,0.5494303,0.28778315,0.59052056,0.0,0.0,0.0,0.0,0.31910807,0.0,0.0,0.0,1.2294093,1.2885668,1.150214,0.5661651,0.0,1.7136118,0.2568738,0.0,0.0,0.0,2.4845936,0.6808019,0.8459254,0.17996353,2.202194,0.20499715,1.2665542,0.0,2.2977648,0.0,0.39623755,0.17358257,0.0,1.7107158,0.0,0.5415445,1.6920943,0.29399,0.0,0.0,0.2196167,0.0,0.0,0.7635547,0.18929964,1.2132032,0.0,1.434629,0.5414883,0.0,0.0,0.0,0.0,0.3393139,0.0,0.0,0.7290122,0.19974437,0.0,0.0,0.0,0.0,1.1607763,0.050277665,0.6593817,1.2760192,0.65672374,0.09810434,0.0,1.7333504,0.3271625,0.0,0.0,0.0,0.0,0.4970386,0.51757985,0.0,1.7336665,0.0,0.21678793,0.0,1.038044,0.0,2.353855,0.3088547,1.1610065,0.0,0.0,0.0,0.39056137,0.0,0.0,0.27999628,0.0,0.24391566,0.6876934,0.7292,0.0,2.185901,0.0,0.0,0.0,0.0,0.97087336,0.0,0.11897956,0.0,0.20468171,0.00861739,0.081646964,0.0,0.080020286,1.992848,0.0,0.76735026,0.0,0.13175793,0.35921746,0.0,0.0,0.0,0.26477018,1.0266931,0.4330185,1.7093822,1.8309822,0.5054523,0.4845939,0.0,0.0,0.0,1.4742901,0.0,0.8479601,0.0,1.2129999,1.0320854,2.0869052,0.1077447,0.0,0.43125796,0.97701854,0.0,0.48894504,0.51784027,0.0,0.0,0.0,0.11665063,0.0,0.43499348,2.0398521,0.5076172,0.0,0.0,0.56289035,0.9529985,0.36724594,0.0,0.0,0.0,0.0,0.057009157
ACH-000434,0.0,0.0,0.0,0.0,0.0,0.0,0.39444172,0.0,0.6729447,1.8343898,0.0,2.7477176,0.3106831,0.0,1.462324,0.0,0.0,0.0,1.0733519,1.8751986,0.034245033,0.5413061,1.3065343,0.0,0.17934136,0.19234726,0.665956,0.0,0.42950246,0.5293123,0.0,0.0,0.0,0.0,0.34319818,0.0,0.7143413,2.1859465,0.06666197,0.0,0.0,1.8188869,0.30289805,0.01750062,0.0,0.0,0.29016525,0.3551019,1.3888004,0.39727426,0.0,0.0,0.3505107,0.0,0.0,0.0,0.0,0.636191,0.0,0.0,0.0,1.8388119,1.8883078,0.88915306,0.0,1.1320865,0.0,0.0,0.018791072,1.5012821,0.937205,0.0,0.0,0.0,0.0,0.0,1.0465419,0.0,0.0,2.1953151,0.37094292,0.4581825,0.0,0.64517486,0.0,0.44892737,0.0,0.0,1.8390516,1.7664199,0.0,0.33306542,0.0,0.0,0.16157675,0.0,0.0,0.0,2.0246212,0.0,0.0,0.0,0.0,0.0,0.4374068,0.010048772,0.0,2.9140494,0.39122027,0.0,0.97789216,0.0,0.4612339,0.0,0.7548805,1.0601466,0.5644694,0.0,2.3062487,0.0,2.3203487,0.0,1.6126531,0.33448455,1.1384156,0.9236601,0.5497256,0.0,2.7063234,1.0050595,0.0,0.0,0.0,0.3015425,0.0,0.0,0.23205471,1.2409619,0.0,1.4261687,0.0,0.0,0.0,0.0,2.4559019,0.0,0.0,0.2800592,0.8391758,1.0407685,0.0,0.0,0.0,0.0,0.14686728,0.0,1.1765823,1.0854572,2.2219603,0.58879566,0.31543997,0.16673526,0.0,0.0,0.0,0.0,1.159734,1.349091,0.0,0.0,1.278683,0.0,0.0,0.22374073,1.6068705,0.0,0.103690125,0.0,0.26193467,0.0,0.0,0.0,0.6189598,0.0,0.2519064,1.0702616,0.50561225,1.8730856,0.0,0.0,0.10120143,1.4282392,0.0,0.9619644,0.47586963,0.0,0.95091456,0.0,0.9217479,0.52688265,0.0,0.0,0.0,0.96956545,1.1596304,2.2064905,0.0,0.40211305,0.4879203,0.067838386,0.22646715,0.0,0.0,0.0,0.0,0.4179365,0.9228497,0.8398036,2.124435,0.0,0.46049893,0.0,0.0,0.0,1.337783,0.0,1.861956,0.0,1.353295,2.168913,2.512098,0.0,0.0,0.0,1.9063637,0.0,0.0,0.09811161,0.0,0.0,0.0,0.97755975,0.0,0.34403458,2.5911741,1.0367411,1.1222914,0.0,0.90036577,0.0,0.6286439,0.72039837,0.0,0.0,0.3919124,0.008784334
ACH-000521,0.4939827,1.5281546,0.8974778,0.0,0.05030272,0.0,2.2007563,0.50181556,0.97287834,0.5628577,0.0,2.022644,0.0,0.0,1.3628987,0.0,1.1469947,0.0,0.12562907,1.5058792,0.0,0.4790993,0.47742155,0.0,0.0,0.0,1.0502706,0.0,1.3307686,0.14333777,0.0,0.0,0.0,0.978298,0.0,0.0,0.0,0.0,0.5478405,0.0,0.565918,0.0,0.0,0.0,0.11541327,0.0,0.09707502,0.60748124,0.0,1.1903151,0.0,0.0,0.12291075,0.0,0.39009574,0.1337435,0.24314816,0.6081921,0.0,0.0,0.0,0.6069799,1.3027018,0.87221074,1.035963,0.9308917,0.10120832,0.0,0.43931854,0.18437849,0.0,0.0,0.0,0.14379573,0.0,0.33529657,0.0,0.0,0.0,1.6413748,1.7151904,0.0,0.0,1.3000644,0.0,0.0,0.0,0.0,0.62634045,0.0,0.0,0.4995674,0.0,0.5595056,0.0,0.43174335,0.0,0.0,0.24271588,0.0,0.0,0.0,0.6951248,1.2519279,0.7416686,0.33282465,0.0,0.22940533,0.49470276,0.0,0.8296752,0.0,0.5098465,0.43335,0.62975734,0.19604999,0.3275979,1.4926766,0.67640895,0.0,0.90873045,0.0,1.0444125,0.0,1.1131904,0.0,1.468755,0.0,0.092413634,0.9396182,0.0,0.7723896,0.19105051,0.5631184,0.4187099,0.0,0.6063994,0.119168505,0.11278597,0.46187255,0.0,0.0,0.0,0.0,1.0922304,0.0,0.30434138,0.17000301,0.8889288,1.6270684,0.0,0.0,0.0,0.0,0.0,0.84775484,0.0,0.35665888,0.0,1.1686199,0.0,0.5937647,1.4315093,0.8152542,0.0,0.0,0.0,0.030946013,0.012220127,0.0,0.669009,0.0,0.0,0.0,0.80000854,0.0,0.747729,0.0,0.0,0.0,0.0,0.0,0.8835385,0.0,0.0,1.2345164,0.56968105,0.21552905,0.0,0.0,0.6124619,1.7843809,0.8445759,0.1967675,0.0,0.9104572,0.36665514,0.0,0.084467195,0.0,0.23804532,0.3311324,0.0,0.0,0.89704794,1.3661455,0.1296488,0.0,0.0,0.83844936,1.1655917,0.48984683,0.0,0.0,0.36197922,0.0917443,0.41852778,1.346088,1.0650638,0.24897721,0.58470523,0.0,0.0,0.0,0.89473176,0.2829709,0.0,0.0,1.405114,0.49274465,1.1400876,0.9907655,0.0,0.050129022,0.8819038,0.0,0.09832935,0.21549077,0.24618162,0.0,0.0,0.49983302,0.0,0.0,2.2144337,0.0,0.0,0.0,1.2981291,0.0,0.0,1.0176775,0.0,0.0,1.4154367,0.026383262
ACH-000665,0.0,1.424994,0.19825856,0.0,0.0,0.0,0.9384958,0.39806408,1.22503,1.1411904,0.0139813265,1.2977968,0.21070465,0.0,1.189029,0.0,0.60397637,0.0,0.0,3.0289109,0.51418483,1.0267066,1.3908762,0.0,0.0,0.0,1.5343453,0.0,0.52389234,0.8666956,0.9132565,0.0,0.0,0.0,0.0,0.0,0.0,0.37685224,0.0,0.46612042,0.0,0.87589103,0.0,0.0,0.0,0.0,1.4147216,0.92534363,1.1746271,0.36444607,0.0,0.14349633,0.27127254,0.27440503,0.0,0.0,0.0,0.0,0.0,0.0,0.0,1.8127376,3.522683,0.96351665,0.0,0.10424453,0.0,0.0,0.0,0.37717074,0.13239418,0.0,0.0,1.953225,0.5056502,0.0,0.17949076,0.09483984,0.0,1.3007921,0.0,0.2651634,0.0,0.9111926,0.34953257,0.0,0.0,0.0,0.71343887,2.3190067,0.39946973,0.18350177,1.3510584,0.0,0.27296776,0.0,0.0,0.0,0.65765524,0.0,0.0,0.0,0.9389412,0.0,0.78001714,0.6443183,0.0,1.4445465,0.0,0.0,0.17588581,0.0,0.52771133,0.0,0.0,0.49787223,1.6701795,0.24990171,1.4589939,0.0,2.1823382,0.0,0.0,0.0023546387,0.260559,0.9955826,0.38081363,0.0,1.2504065,0.34494597,0.0,0.0,0.0,0.0,0.0,0.0,0.0,0.0,0.0,0.9751229,0.19094123,0.0,0.0,0.0,0.9098748,1.0158254,0.0,0.0,0.3943305,1.0636739,0.0,0.0,0.0,0.0,0.28002253,0.48883456,0.1246222,1.8156179,1.0037752,0.35583028,0.0,0.7250889,0.3985981,0.0,0.0,0.0,0.0,0.070632555,0.18563385,0.0,1.4756916,0.0,0.0,0.0,1.3320912,0.15575577,1.7609372,0.0,0.60623324,0.0,0.0,0.388632,0.4407713,0.0,0.0,0.011500991,0.0,2.3036425,0.0,0.0,0.0,1.2658176,0.0,0.0,0.0,0.0,0.9047843,0.0,0.40779275,0.0,0.6171232,0.70695853,0.0,0.0,0.76553327,1.4846386,0.8999165,0.0,0.0,0.2601856,0.28975484,0.11709306,0.0,0.055147205,0.0,0.65041894,0.9624643,1.986871,0.9714895,0.5437017,1.3242134,0.0,0.0,0.3142538,0.07406907,0.0,1.8965906,0.0,2.116551,0.88505834,2.8220332,0.0,0.0,1.0089662,1.4414365,0.0,0.6264891,0.6544852,0.0,0.0,0.0,0.0,0.0,0.0,1.54361,0.28872502,0.13524394,0.0,0.90668565,0.0,0.9042856,0.7321472,0.0,0.0,0.0,0.33895034
ACH-000414,0.28242055,0.24220613,0.30267876,0.0,0.0,0.0,0.30630818,0.0,1.4948268,0.82976127,0.42903948,0.0,0.90374905,0.0,0.61011803,0.0,0.49224687,0.0,0.96009725,1.3049744,1.325474,0.24381061,0.4404721,0.0,0.0,0.0,0.56273425,0.0,0.6558987,0.24428317,0.0,0.0,0.0,0.55711424,0.0,1.0570749,0.12741274,0.028954439,0.0,1.320307,1.0893143,0.7956189,0.2541735,0.9965642,0.0,0.0,0.0,0.1656571,0.29489145,0.2705669,0.0,0.03752708,0.0,0.0,0.0,0.0,0.0,0.3277226,0.0,0.0,0.0,1.4516572,2.1101904,0.0,0.0,0.0,0.0,0.0,0.70546556,1.4217608,0.0,0.0,0.5614245,1.3379517,0.33755276,0.44245186,0.0,0.0,0.100104086,0.9902345,0.29019335,0.0,1.2084961,0.2781514,0.638007,0.0,0.0,0.0,0.6313594,1.6075141,0.0,0.19703807,0.0,0.0,0.0,0.5427897,0.0,0.0,0.49635312,0.0,0.0,0.0,0.3179928,0.09761434,0.0,0.3582257,0.0,1.2949762,0.0,0.07787758,1.3440821,0.27558404,0.0,0.63036656,0.18622915,0.5296421,0.0,0.31685388,0.6789465,0.0,0.8734902,0.0,0.0,0.6484308,1.6690333,1.0906413,0.0,0.0,0.773975,0.01571456,0.0,0.0,0.5621937,0.0,0.0,0.0,0.0,0.0,0.0,0.30694488,0.02606124,0.0,0.0,0.0,1.7881252,0.0,0.0,1.0811428,0.27173293,1.2153856,0.0,0.0,0.0,0.0,0.0,0.0,0.9660437,2.377516,0.13936013,1.9129583,0.0,0.0,0.68082273,0.3269048,0.0,0.0,0.9158571,1.4707855,2.2004318,0.0,0.49381563,0.27087504,0.7841609,0.0,2.300975,0.0,1.1358625,0.2155604,0.86847603,0.0,0.0,0.0,0.39597628,0.0,0.38332713,1.1555625,0.25285193,1.0904102,0.0,0.0,0.0,0.0,0.14857474,0.8977622,0.15968885,0.0,0.0,0.09860917,0.0,0.37725514,0.0,0.0,0.0,0.0,0.0,1.5539056,0.48478287,0.0,0.0,0.0,0.057709716,0.0,0.0,0.0,0.7702063,0.6272036,0.51779854,0.896424,0.06599464,0.0,0.0,0.0,1.1865792,0.5182851,1.2063841,1.0556145,0.020221613,0.19868945,0.12256044,1.5802345,1.0676591,0.0,0.0,0.21052626,0.0,0.47886565,0.08709446,0.8890348,0.0,0.33390564,0.36305678,0.35676405,0.0,0.16341,2.100749,0.43648008,0.0,0.0,1.7151442,0.0,0.5014182,1.1238371,0.0,0.0,0.0,0.72682095
ACH-000869,0.7593153,0.9517727,0.5747908,0.0,0.0,0.0,1.4842623,0.0,0.45742378,0.0,0.0,2.1924527,0.0,1.2249652,1.2686816,0.0,1.2032758,0.0,0.40521246,3.3294728,0.20175274,0.14375505,1.5377071,0.0,0.0,1.1360654,0.0,0.08458149,0.66536826,0.83906764,0.0,0.0,0.0,1.2615557,0.76041317,0.0,0.9449072,0.0,0.5706524,0.25738123,0.0,0.7675226,0.6256874,0.0,0.0,0.0,0.47891703,0.09100831,0.0,0.0,0.0,0.0,0.8945255,0.70239884,0.0,0.0,0.07272316,0.0,0.0,0.0,0.0,0.92573595,1.3263444,0.67042613,0.0,0.0,0.26924792,0.0,0.0,1.6508464,0.24061747,0.0,0.2568326,1.8416445,0.19637452,0.18340078,0.0,0.0,1.2911272,1.0338311,2.0638995,0.0,0.37037328,1.1796159,0.0,0.0,0.0,0.4380516,1.2510301,0.0,0.0,0.08701433,0.63379884,0.0,0.0,0.0,0.0,0.0,0.0,0.0,1.2585378,0.0,1.6281998,1.5372751,1.3928818,0.47567746,0.0,2.134662,0.0,0.0,0.17212185,0.20521523,0.0,0.0,2.2991848,0.0,0.9872679,0.5251796,0.55726594,0.0,2.9659727,0.0,0.0,0.0,0.531501,0.0,1.070182,0.0,0.0,1.4327188,0.0,0.0,0.81827587,0.0,0.51287836,0.0,0.0,0.0,0.0,0.0,0.0,0.0,0.0,0.0,1.2300569,0.0,0.48031768,0.0,0.0,1.7817038,0.0,0.0,0.0,0.0,0.0,0.0,1.4533811,1.6546551,0.03469386,1.432782,0.0,0.93051195,0.0,0.0,0.29037628,0.0,0.0,0.0,0.69431156,0.0,0.0,0.0,1.0997603,0.0,1.5696514,0.0,2.4201226,0.0,0.7904499,0.0,0.0,0.0,0.94732445,0.0,0.78470373,0.74583447,1.1718056,0.8139399,0.0,0.006871323,0.5150071,2.088528,0.0,2.0634432,0.0,0.0,0.5195542,0.0,0.28118658,0.0,0.0,1.0786209,0.0,0.0,0.0,2.0240917,1.4773879,0.0,0.0,0.6652396,0.6440123,1.923855,0.0,0.0,0.0,0.0,1.8567567,1.1225865,1.1353569,0.0,0.30297604,0.0,1.3680625,0.03359344,0.0,0.0,0.09724638,0.24520648,1.6017405,1.9729663,1.0972013,0.0,0.0,0.3864514,1.0399464,0.0,1.9777865,0.0,0.53039086,0.69248044,0.0,0.11440835,0.696137,0.0,0.40345284,0.0,0.0,0.0,2.4073207,0.0,0.0,1.7767966,0.0,0.0,1.8658857,2.249589
ACH-001489,1.2332008,1.2025676,0.0,0.0,0.0,0.0,3.984268,0.0,0.0,1.2337173,0.0,0.6156422,0.0,0.09639655,1.8421531,0.0,0.066777065,0.6833399,1.5369488,2.8550408,1.114678,0.52087647,1.9674078,0.0,1.1698797,0.0,0.0,0.0,1.1070238,0.7435789,0.6012274,0.0,0.0,0.33581835,1.7312802,0.0,2.1867824,0.0,1.8605777,1.4788839,2.193305,0.64839125,0.14690962,0.9375177,0.0,0.95710176,2.2708554,0.0,0.58787644,3.721326,0.0,0.0,0.15128615,1.553414,0.0,0.0,0.0,0.019534286,0.0,0.0,1.1453322,1.3390056,0.57923037,0.522555,0.0,0.46664047,0.21532212,0.0,0.0,3.3796194,0.0,0.0,0.0,0.88516295,0.0,0.22538167,0.0,0.0,1.4038113,0.9716345,0.0,0.0,1.0075715,0.65223503,0.023945998,0.20715633,0.0,0.93307567,2.1402063,3.2734153,0.2361197,1.8668666,0.42454123,0.0,0.0,0.4204695,0.0,0.0,0.82579494,0.0,0.0,0.0,0.82593244,2.4129467,0.1735094,1.9796314,0.0,1.6841426,0.0,0.60224724,2.4020655,0.88175017,0.0,0.0,0.0,1.0572904,0.5126994,1.290043,4.0196695,0.0,4.5546117,0.0,0.0,1.384482,1.9674779,0.90153664,0.0,0.93067175,3.2183144,0.358815,0.30681676,0.0,0.0,0.0,0.0,0.0,0.6233771,0.0,0.47041082,1.1675278,1.1389949,0.0,0.0,0.0,1.0518405,0.0,0.0,0.0,1.2782879,0.9793509,0.0,0.12752017,0.0,0.0,0.0,0.0,1.1065832,0.82343847,0.5967628,0.26746234,0.7900663,0.0,1.7257941,0.08073945,0.19205992,0.0,0.3044092,0.0,0.0,0.7795291,0.4661804,0.0,0.0,0.0,2.2854784,0.0,0.0,0.0,2.6196043,0.0,0.0,1.136186,0.96703655,0.0,0.65599704,1.8498241,0.6634568,0.6628272,0.4229928,0.0,0.0,1.4052422,0.0,0.0,0.0,0.0,0.0,0.0,1.5142798,0.0,0.0,0.0,0.0,0.38430482,1.1697025,3.35724,2.7289586,0.0,0.0,0.0,2.4990404,0.569796,0.0,0.0,0.43451962,0.37465486,0.105343014,0.80892587,2.2022552,0.0,2.3803315,0.0,1.2247317,0.0,1.217938,2.707794,2.5686615,1.3957363,0.0,3.0796323,1.9688053,0.6940269,0.0,1.6342672,1.0576575,0.0,1.0517223,0.79134226,0.04961444,0.9647706,0.0,0.0,0.0,0.0,2.61822,1.4099436,0.0,0.0,2.578252,0.0,1.6997375,2.2689447,0.0,0.0,0.0,1.3165474
ACH-000706,0.0,1.1994896,0.0,0.0,0.0,0.0,1.0859245,1.1989794,3.0299468,0.06322641,0.0,1.5560418,0.0,0.0,0.59027517,0.0,0.36812598,0.0,0.46332192,3.189276,0.5116278,0.10894398,1.0751665,0.28644288,0.0,0.0,0.20100348,0.0,1.6819391,0.0,0.6005802,0.0,0.0,0.0,1.4574132,0.051635325,0.0,0.0,0.43133846,0.0,0.0,0.73056996,0.093788795,0.0,0.0,0.0,0.6784246,0.84908944,1.0801474,0.0,0.0,0.0,0.0,0.0,0.11393147,0.16337147,0.44211563,0.0,0.0,0.0,0.0,0.82426584,1.0804987,0.94092256,0.0,0.0,0.19708766,0.0,0.0,1.4659301,0.0,0.0,0.0,0.0,0.2978914,0.0,0.90343696,0.0,0.51089996,1.8927485,2.8243341,0.0,0.51553476,0.90241635,0.1848916,0.04604658,0.0,0.0,1.8504161,2.0497918,0.80558616,0.0,0.0,0.0,0.0,0.0,0.0,0.0,0.0,0.03662593,0.45588484,0.0,1.8363105,0.49617836,0.6374592,0.0,0.6716665,2.0652406,0.0,0.0,0.0,0.0,0.0,0.0,1.3585737,0.020343482,1.8251573,1.6851867,2.066442,0.10161356,1.2433013,0.0,0.0,0.0,0.45469165,1.1713514,0.0,0.0,1.8234715,0.0,0.0,0.0,0.33889088,0.0,0.439356,1.521897,1.0952977,0.23643903,0.0,1.5923314,0.0,0.0,0.0,0.0,1.8991526,0.028113564,0.62749773,0.9167108,0.11762166,0.0,0.0,0.0,0.0,0.0,0.0,1.0056059,0.2537045,1.2049909,0.0,0.0,0.4942033,1.2368866,0.0,0.19009192,0.0,0.33191323,0.0,0.0,1.0356883,0.12619741,0.9848429,0.0,1.105891,0.0,2.061669,0.0,1.3632733,1.3737531,1.5771939,0.0,0.0,0.15221868,0.0,0.0,1.2448717,0.034569003,0.5181196,2.6135511,0.07554933,0.0,0.0,1.0384246,0.48198712,0.0,0.0,1.6213893,0.5931849,0.0,0.0,0.0,1.2947801,0.7008317,0.0,0.0,0.23745577,1.6569511,0.1575912,0.11649669,0.9766297,0.6458887,0.0,0.6138528,0.0,0.0,0.5745958,0.014092953,0.9613179,2.8510723,2.3328528,0.26122978,0.44455048,0.0,0.56521297,0.27821523,0.38956994,0.0,2.2904992,0.0,1.2600211,2.6641703,1.6402037,0.0,0.0,0.0,0.9791931,0.0,0.0,0.0,1.0988718,0.6538128,0.0,0.0,0.0,0.0,2.3212314,0.7755556,0.0,0.0,0.08903931,0.0,1.2979221,0.5111256,0.0,0.0,1.8551393,0.0
ACH-000337,0.86635137,0.44533,0.57967836,0.0,0.0,0.0,0.0,0.7438048,2.214997,1.840943,0.0,0.0,0.74345654,0.0,0.0,0.0,1.0215225,0.0,1.5392369,0.9802581,0.5950439,0.594265,0.65599775,0.0,0.0,1.1993634,0.26011705,0.0,0.28860447,0.0,0.0,0.09089751,0.0,0.0,0.3473266,1.2088797,2.5183437,0.5515276,0.0,0.0,1.1339811,1.2813131,0.0,0.0,0.0,0.13480248,0.2140656,0.0,0.0,0.0,0.0,0.0,0.95908195,0.0,0.0,0.0,0.0,0.0,0.0,0.0,0.0,2.979728,1.5723201,1.1415201,0.0,0.0,0.0,0.0,0.0,0.44048843,0.0,0.35369992,0.0,0.0,0.5272496,0.0,0.61532027,0.70981705,0.0,0.6522932,1.1272441,0.18830056,0.0,2.1568348,0.0,0.0,0.0,0.0,0.8031871,0.6278582,0.0,1.2332044,0.14057708,0.0,0.42150992,0.0,0.0,0.0,0.6437548,0.0,0.0,0.0,0.0,1.3574575,0.87766045,0.81473804,0.0,1.4390194,0.0,0.0,0.710195,0.0,0.0,0.6828617,0.0,1.1025624,0.0,0.060155433,1.0601026,0.0,0.0,0.0,0.07346518,1.0281056,1.6605473,0.0,0.6780215,0.0,0.0,0.65493596,0.59617496,0.0,1.4727206,0.0,0.36141995,0.9675294,1.3497591,0.0,0.0,0.6763596,0.117685206,0.0,0.0,0.0,0.5107834,0.0,0.0,1.2760972,1.0004619,0.0,0.0,0.0,0.0,0.0,0.029094873,0.0,1.2237548,1.8296661,0.0,0.0,0.0,0.0,1.0590715,0.94638926,0.0,0.0,0.0,1.4034376,0.0,0.35575143,0.16724245,0.0,0.0,0.0,0.3710304,0.08946841,0.9848935,0.63546056,0.51052225,0.0,0.0,1.1173867,0.75887376,0.0,1.4371554,1.6395154,1.0590526,0.8569366,0.0,0.0,0.24480143,0.14522997,0.0,2.052151,0.0,1.3368434,0.0,0.0,0.0,0.0,0.0,0.3927903,0.0,1.8606344,0.34740213,2.0569856,0.97706026,0.6855645,0.0,0.0,0.0,0.0,0.0,0.0,0.22727558,0.0,0.0,0.0,0.0,0.0,0.98482794,0.0,1.1472677,0.0,0.83325243,0.0,1.5354737,0.25809455,0.0,1.2085983,0.20139486,0.0,0.0,0.0,0.88182414,0.0,0.04605822,0.54216456,0.032049846,1.8600689,0.0,1.1344386,0.0,0.0,1.9846531,0.67475986,0.0,0.0,1.1765611,0.0,1.7409391,0.974577,0.17519423,0.0,0.0,0.3214441
ACH-000951,0.09130346,0.9521499,0.10492128,0.0,0.0,0.0,0.8149936,0.0,0.7593731,0.32222262,0.0,0.20283318,0.0,0.0,0.6481298,0.0,0.31475267,0.0,0.0,1.8578985,0.0,0.0,1.4775075,0.0,0.0,0.4504455,0.42029673,0.0,0.0,0.0,0.0,0.0,0.0,0.0,0.20007323,0.0,0.113384806,0.0,0.22308093,0.15288524,0.0,1.5153227,0.3058838,0.19229397,0.0,0.0,0.06782753,0.0,0.0,0.0,0.0,0.0,0.0,0.48027903,0.0,0.46858504,0.6222831,0.0,0.0,0.0,0.0,0.817779,0.97768563,0.6474646,0.0,0.0,0.0,0.0,0.31642744,0.8954699,0.5352852,0.10656425,0.0,0.3389793,0.0,0.0,0.0,0.12303115,1.188666,0.9017892,0.46692112,0.2826685,0.2602801,1.0347135,0.0,0.0,0.0,0.94138676,0.6337596,0.6581665,0.40692568,0.11211447,0.28911206,0.072339825,0.0,0.24241617,0.14162701,0.0,0.0,0.0,0.0,0.0,1.0008243,0.49244165,0.8555262,0.6215536,0.0,1.476549,0.0,0.0,0.4645384,0.0,0.4172758,0.2387847,1.8039247,0.0,0.0,1.0030547,0.82146025,0.0,0.49381942,0.0,0.11948871,0.15716934,1.0544723,0.8401151,0.0,0.30446458,0.0,0.0,0.0,0.0,0.4337751,0.0,0.0,0.48230258,1.0635239,0.0,0.0,0.9130516,0.0,0.0,0.0,0.0,0.8724398,0.0,0.0,0.14228773,0.25545865,1.1710349,0.0,0.0,0.0,0.0,0.0,0.333867,0.37114176,0.87850195,0.10144202,1.1472577,0.29710618,0.019207325,0.39066422,0.40025336,0.7255401,0.0,0.0,1.2287991,0.805848,0.70722365,0.1881222,0.0,0.25956005,0.0,0.8614517,0.0,0.45673996,0.0,1.422722,0.0,0.0,0.021203205,1.40334,0.0,1.1930279,0.0,0.15718211,0.366681,0.0,0.0,0.0,0.88642246,0.30896452,0.76087356,0.0,0.7115093,0.0,0.0,0.0,0.0,0.0,0.0,0.0,0.0,0.21711482,1.9583819,0.8409737,0.0,0.0,0.24743786,0.0,0.5263714,0.0,0.0,0.0,0.0,0.77091104,2.3911068,0.0,0.6749363,0.18638544,0.0,0.9829321,0.27197433,0.28844064,0.047437433,0.76146764,0.0,0.0,0.91686624,0.28453597,0.25839144,0.0,0.49716625,0.89707136,0.16200441,1.5130237,0.0,0.0,1.7852961,0.36470342,8.905644e-05,0.0,0.0,1.4190383,0.0,0.0,0.0,1.3118905,0.0,0.0,0.9376179,0.0,0.0,0.054284167,0.33941838
ACH-000826,0.25744134,0.0,0.7740223,0.0,0.8125187,0.0,0.8344482,0.0,0.75049317,0.95351034,0.0,1.4251143,0.17582358,0.0,0.81853503,0.0,0.91660476,0.0,0.0,1.1415288,0.66438127,0.0,1.3253258,0.0,0.0,1.3477522,0.1725175,0.0,0.19887517,0.0,0.0,0.4616656,0.0,0.6141354,0.39456716,0.40299773,0.0,0.0,0.0,1.2218823,0.0,1.3889254,0.056813803,0.0,0.0,0.0,1.4484891,0.6078632,0.0,0.0,0.0,0.0,1.2492177,0.0,0.0,0.37901464,0.0,0.0,0.0,0.0,0.0,3.1287358,0.14833564,0.5195977,0.0,0.07877177,0.0,0.0,0.0,0.027090695,0.0,0.0,0.0,0.06547248,0.0,0.08765096,0.0,0.65219474,0.16933621,0.48764405,0.6430048,0.0,0.44887707,1.3068244,0.0,0.0,0.0,0.0,0.0,0.0,0.5428361,1.5086901,0.6012237,0.0,0.0,0.19022408,0.7118945,0.5341448,0.24976657,0.0,0.2725594,0.0,1.1009185,0.12863989,1.284595,0.54811996,0.0,1.1581123,0.0,0.0,0.08240311,0.0,0.0,0.2679957,1.0258143,0.21326432,0.9038236,0.0,0.41480708,0.0,0.7402015,0.2590478,0.0,0.0,0.0,0.0,0.0,0.0,0.42110866,0.0,0.042985275,0.0,0.0,0.0,0.08693743,0.0,0.95807517,0.0,0.0,0.745477,0.83330595,0.0,0.0,0.22075853,0.3461317,0.0,0.43103385,0.0,0.045216963,0.0,0.0,0.34187555,0.0,0.0,0.08575043,0.21734448,1.1210235,0.8403832,0.37442818,0.8482947,0.3097672,0.0,0.57251096,0.36666897,0.33033702,0.0,0.0,1.5930221,0.2911574,0.0039081182,0.44927838,0.0,0.26994094,0.0,0.9413043,0.0,0.0,0.0,0.90315783,0.0,0.0,0.0,1.2257583,0.0,0.05001591,1.393015,0.19189715,0.0,0.0,0.0,0.40593505,1.277369,0.0,2.6587288,0.2769989,0.37306297,0.0,0.0,0.0,0.14459577,0.49042022,0.0,0.0,0.0,0.0,1.8536204,0.0,0.0,0.0,0.0,0.5062054,0.738372,0.0,0.0,0.0,0.0,1.5201067,0.0,0.0,0.27958214,1.1699685,0.050404932,0.6601679,0.0,0.1244795,0.58185923,0.75228655,0.0,0.9496878,1.9417249,0.0,0.8023986,0.0,0.6693938,1.6393604,0.0,0.975665,0.4229161,0.0,1.9692551,0.0,0.0,0.0,0.0,0.0,0.0,0.0,0.0,1.4891437,0.0,0.0,0.6649667,0.0,0.94435066,1.7955334,0.88630795
ACH-000886,0.7193441,0.0,0.6375633,0.0,0.461083,0.0,0.080488466,0.0,0.8529399,1.1982629,0.024155274,0.0924984,0.26217172,0.21131007,0.0,0.0,0.8843188,0.7431039,1.5365181,1.4123113,0.0,0.64891565,0.37346846,0.0,0.0,0.15515247,0.5588717,0.4570159,0.356042,0.58406293,0.0,0.38875332,0.0,0.1025663,0.0,0.0,1.5316272,0.0,0.0,0.0,0.47044492,1.5329039,0.0,0.35807356,0.0,0.0,0.0,0.4951417,0.48427168,0.0,0.0,0.0,0.0,0.24190536,0.0,0.0,0.0,0.28353566,0.0,0.0,0.0,2.0279458,1.4148643,0.43626866,0.0,0.7118332,0.1611854,0.0,0.0,0.23641302,0.5621715,0.4622856,0.2554698,0.4758438,0.0,0.38636464,0.0,0.93007815,0.19771716,0.0,0.12364094,0.0,0.0,2.896793,0.4193834,0.0,0.0,0.076166056,0.0,0.614809,0.0,0.21248232,0.27717352,0.54281586,0.0,0.26904497,0.0,0.86535233,0.5605897,0.0,0.0,0.0,0.11527395,1.4837861,0.79867214,0.18759452,0.324982,1.9701221,0.0,0.01728982,0.39957094,0.121966094,0.0,0.8119545,0.0,0.5857484,0.97882915,0.0,1.3441936,0.0,0.94347054,0.0,0.0,0.639108,0.0,0.1335255,0.042992875,0.0,1.9064558,0.57875293,0.0,0.0,1.5860586,0.0,0.0,0.0,0.0,0.0,0.0,1.3824581,0.1867216,0.0,0.0,0.020409886,0.9061313,0.0,0.8930213,0.0,1.4237348,0.3175845,0.0,0.46570802,0.0,0.0,0.14086759,0.27005476,1.0740677,0.72572845,0.1852887,0.0,0.35755914,0.0,1.9207405,0.4598641,0.0,0.0,0.0,0.9869181,0.0922818,0.0,0.0,0.0,0.0,0.0,1.3521063,0.0,1.1812304,0.091118574,0.8433912,0.0,0.0,0.23341419,1.4788854,0.0,0.6198387,0.3341333,0.0,0.3312284,0.48316872,0.0,0.5243097,0.043338284,0.0,2.634081,1.4001139,0.0,0.22964115,0.0,0.0,0.0,0.0,0.0,0.0,0.3436123,0.0,1.9977237,0.01878243,1.2211791,0.0,0.0,0.0,0.42830905,0.0,0.0,0.0,1.398623,0.0,0.34467155,0.0,0.31512985,1.1777467,0.18012984,0.50782496,0.2359459,0.45467407,0.38851,0.043847628,0.28037864,0.0,1.1999036,0.586803,0.0,0.0,0.40259638,1.672606,0.0,0.3132287,0.92297953,0.25621203,0.043267738,0.0,0.93293273,0.0,0.0,1.6435467,0.0,0.0,0.0,1.6111194,0.0,0.0,1.1576619,0.0,0.0,0.70380044,1.2231009
ACH-000888,0.3796452,0.0,0.0,0.0,0.0,0.0,0.6588859,0.0,2.4877179,1.1908357,0.23797359,1.7449116,1.0546266,0.8148405,1.6219821,0.0,0.4850333,0.0,0.34480387,1.5656482,1.1391912,0.33515915,0.0,0.0,0.0,0.0,1.1258794,0.0,0.75142586,1.3738724,0.02036269,0.0,0.0,0.028180176,0.6826972,0.0,1.5690136,0.56595427,0.0,1.9636116,0.0,0.0,0.0,0.14452526,0.5068794,0.0,0.0,0.0,0.5872572,0.0,0.0,0.7213528,0.0,0.38649815,0.0,0.080228046,0.6224538,1.4723903,0.0,0.0,0.0,0.0,1.8527069,0.085345194,0.0,0.61593425,1.2343755,0.0,0.0,0.8886869,0.95658195,0.0,0.0,0.0,0.0,1.2274203,0.0,0.0,0.0,1.9888605,2.0121622,0.0,0.27280024,2.2252982,1.2556343,0.8109628,0.0,0.3302265,1.00577,2.2423944,1.0695376,0.0,0.0,0.0,0.0,0.0,0.0,0.0,0.3322539,0.0,1.0986965,0.0,1.4826736,1.8398998,1.053765,0.7683559,0.0,2.0523012,0.0,0.0,0.48248166,0.0,0.0,0.3265545,0.875788,0.263995,2.0237834,0.4891236,1.9237193,0.0,1.8069588,0.0,0.0,0.8345483,0.3625984,0.33948004,1.4704571,0.12278731,3.0712678,0.0,0.24841382,0.0,0.24944629,0.0,0.44984356,1.96803,0.0,0.0,0.0,0.9918321,0.0,0.0,0.0,0.0,2.6593769,0.0,0.3767563,0.0,0.0062395777,1.1768876,0.0,0.0,0.0,0.0,0.7554991,1.9379424,0.3116697,1.0099162,0.0,1.3987229,0.0,1.2184486,0.5123328,0.0,0.0,0.45668674,0.0,0.0,2.1538224,0.07153573,0.0,0.0,0.09013783,0.0,1.2217075,0.0,0.8301711,0.5555534,1.6353229,0.3657222,0.17560193,0.0,0.8963266,0.0,0.0,1.1699084,1.1192629,1.0781639,0.0,0.0,0.8053879,0.16740434,0.61276376,0.0,0.009176389,2.2038727,0.1393541,0.0,0.09632079,0.12874413,0.0,1.5092988,0.0,0.0,0.0,1.6378704,0.0,0.0,0.0,0.066023394,0.0,0.8329371,0.96105295,0.0,0.7987318,1.7024543,1.2569247,2.504225,0.0,0.0,1.0659169,0.0,0.32238305,0.14228024,0.46483028,0.19867897,0.53541875,1.1311939,1.0953858,1.6607202,1.5940313,0.45739692,0.0,0.0,1.9726253,0.0,0.0,0.32840464,0.9892896,0.9873683,0.7431314,0.15635762,0.0,0.13108553,1.6348993,0.0,0.0,0.0,1.9449929,0.0,0.4074183,0.10429041,0.0,0.0,1.3857373,0.115621306
ACH-000030,0.0,0.0,0.6349438,0.0,0.30581522,0.0,0.16643536,0.12868886,0.7837871,0.22634704,0.0,0.98791283,0.0,0.0,0.0,0.30558565,0.40406808,0.0,0.0,2.075949,0.023329044,0.0,0.9812134,0.0,0.44952595,0.7865443,0.0,0.0,0.0,0.0034979824,0.0,0.0,0.2750688,0.0,0.31052032,0.0,0.56926084,0.0,0.20073888,0.10444637,0.0,0.83236897,0.0,0.5184063,0.0,0.0,0.0,0.9713619,0.16502894,0.31914866,0.0,0.0,0.5597988,0.0,0.20824489,0.0,0.0,0.0,0.0,0.0,0.0,1.4541857,1.5674138,0.425461,0.0,0.0,0.1630319,0.047111496,0.0,0.42454568,0.0,0.0,0.0,0.6887457,0.37608206,0.34226504,0.6759837,0.19196662,0.30945492,0.84460044,0.02522583,0.074590996,0.0,0.4104563,0.69458735,0.0,0.0,0.18998037,0.17840008,0.9978435,0.57233095,0.09536849,0.79707134,0.0,0.85636616,0.17002283,0.62013644,0.0,0.2663734,0.25640863,0.0,0.28803006,1.1612523,0.09237167,0.33632848,0.0,0.0,1.8314376,0.0,0.47333464,0.0,0.0,0.24502327,1.0102763,0.3441562,0.0,0.31099373,0.19240002,0.6575077,0.0,1.4304342,0.0,0.0,0.4327576,0.46986175,0.0,0.021381035,0.0,0.0,0.13117331,0.51213133,0.0,0.35152438,0.0,0.0,0.0,0.30829448,0.0,0.0,0.98511535,0.0,0.0,0.0,0.0,1.0082898,0.0,0.61456907,0.12840323,0.20907713,1.4261856,0.0,0.54605937,0.0,0.0,0.0,0.0,0.38127935,2.0298545,0.4800797,0.3182009,0.0,0.0,0.54921347,0.0,0.00934951,0.0,0.0,1.1493278,0.0,0.0,0.0,0.0,0.015696637,0.0,1.1609238,0.0,1.1890635,0.0,0.70906335,0.0,0.0,0.16276355,0.547329,0.0,1.1401997,0.86622167,0.1528447,0.0,0.19423002,0.63475025,1.3986001,0.8520362,0.0,1.4679163,0.0,0.2644665,0.0,0.0,0.17756055,0.0,0.0,0.0,0.0,0.68574613,0.8932028,0.6132008,1.2268711,0.0,0.0,0.0,0.5392473,1.4750425,0.0,0.0,0.0,0.36143562,0.8820018,0.0,1.000626,0.0,0.70006174,0.57797134,0.0,0.0,0.36146107,0.3776328,0.10104871,0.27495542,0.0,0.035990182,0.2179321,0.0,0.0,0.21801722,1.6513131,0.0,0.27451164,0.2513185,0.7198517,1.1882617,0.0,0.0,0.0,0.36050877,0.94241834,0.9376389,0.0,0.0,0.7190719,0.28252158,0.0,1.6457579,0.0,0.0,1.1072578,1.5222657
ACH-000589,1.0283473,0.0,0.0,0.0,0.5540877,0.5087356,1.0809989,0.41185445,0.22222304,0.0,0.0,0.0,0.32757246,0.0,0.5435102,0.0,0.8042842,0.0,0.71442896,3.2432249,0.53208274,0.0,0.24209906,0.0,0.0,0.0,1.5543251,0.0,0.16211145,0.25471255,0.0,0.0,0.09738531,0.0,0.0,0.5171275,0.58254015,0.0,0.0,1.0198553,1.7567135,0.98586315,0.34738544,0.0,0.0,0.0,0.0,0.09864072,0.0,0.24106735,0.0,0.0,0.3328702,0.33665496,0.0,0.0,0.16144393,0.0,0.0,0.0,0.0,1.0201647,2.0111072,0.061659764,0.0,0.0,0.0,0.0,0.0,0.7929319,0.0,0.31046847,0.0,1.303674,0.0,0.0,0.0,0.0,1.1904374,0.8902544,0.59619474,0.0,0.53582835,0.72756517,1.2121313,0.0,0.0,0.0,0.0,0.0,0.0,0.0,0.69566655,0.0,0.0,0.38262048,0.0,0.0,0.0144648105,0.0,0.0,0.5010068,0.87366694,0.01748348,0.47247425,1.288242,0.0,1.8448484,0.0,0.7268529,0.53665537,0.58496016,0.0,1.4142884,0.24651876,0.5427946,0.0,0.44624898,1.3036474,0.0,1.0037371,0.0,0.0,0.32396853,2.1040573,0.9261074,0.0,0.0,0.0,0.006924634,1.3803632,0.0,0.0,0.0,0.0,0.56481606,1.1590267,0.0,0.31483445,0.6640278,0.4999051,0.0,0.0,0.0,2.1237156,0.0,0.0,0.0,0.9870128,2.0998812,0.0,0.0,0.0,0.0,0.0,0.0,1.1451114,0.29561833,0.0,0.33710083,0.022462184,0.0,1.0518951,0.0,0.23065008,0.0,0.0,1.945115,1.8887311,0.0,1.0061347,0.0,0.76206815,0.2913291,1.9838412,0.18691039,0.9218747,0.0,0.85749334,0.0,0.0,1.441471,0.25987437,0.0,0.90082616,1.2086271,0.7944021,1.3822097,0.0,0.0,0.0,0.0,0.0,1.7614703,0.0,0.0,0.0,0.0,0.0,0.028584931,0.0,0.0,0.0,0.0,0.0,2.3733304,0.705061,0.0,0.0,0.0,0.78593177,0.16729961,0.029538572,0.0,0.19230199,0.38970917,0.0,0.21718986,0.0,0.0,0.626863,0.0,2.5637875,0.0,1.7910812,0.9518886,0.0,0.52572614,0.10736525,0.9870178,1.444128,1.4744844,0.37486058,1.5033121,1.0176052,1.0559815,1.0504981,0.6306377,0.0,2.110616,0.0,0.5055595,0.0,0.0,1.6361657,0.0,0.0,0.0,3.5528603,0.0,0.9610705,1.9364676,0.0,0.0,0.0,1.533105
ACH-000628,1.3960092,0.24033664,0.7647615,0.0,0.24100025,0.0,1.6984073,0.0,0.0,1.6507035,0.10315554,1.9341995,0.0,0.67825943,0.10097935,0.0,0.00619127,0.0,0.0,2.6245651,0.0,0.0,0.15444781,0.0,0.0,0.0,0.0,0.949154,0.0,1.6890026,0.18672828,0.0,0.0,1.7443869,0.0,0.0,0.45136395,0.81910175,0.0,0.89795214,0.0,0.24663652,0.0,0.8930476,0.0,0.0,0.90468544,0.93239045,1.1328394,1.1525033,0.0,0.38685283,0.36025247,0.33202142,0.0,0.0,0.0,0.22617303,0.0,0.0,0.22742215,2.0932832,2.7435787,0.3133571,0.0,0.0,0.0,0.0,0.0,0.7830291,0.44510472,0.0,0.0,2.047134,0.0,0.0,0.0,0.9317244,0.6156437,1.4516844,1.2909017,0.09665267,0.0,1.319012,0.79072064,0.0,0.0,0.03948648,1.5425266,1.2456483,0.5382326,0.7658494,0.45558062,0.0,0.25530142,0.0,0.0,0.0,0.0,0.0,0.0,0.0,1.9153434,0.9820724,1.4188529,0.6800557,0.0,1.5934503,0.0,0.0,0.7988391,0.0870246,0.0,0.0,0.6931778,0.0,2.569152,0.0,1.0699568,0.0,1.7095659,0.0,0.0,0.0,0.0919564,0.0,1.0303849,0.0,1.8920788,0.06355781,0.0,0.0,0.0,0.0,0.0,0.0,0.0,0.052251026,0.0,1.7362273,0.0,0.0,0.0,0.0,2.9996016,0.0,0.0,0.29218286,0.6317824,1.5678384,0.0,0.0,0.0,0.0,0.0,0.4914814,0.0,0.55850446,1.1197464,0.47930518,0.8547944,0.47771606,2.2278101,0.0,0.6646701,0.0,0.0,0.49031997,0.0,0.0,0.0,0.0,0.0,0.0,1.8605217,0.0,2.006166,0.0,0.756066,0.0,0.0,0.0,0.74391365,0.0,0.20019476,2.3767178,0.0,2.0434892,1.368568,0.0,0.059486207,1.3497056,0.0,0.9299328,0.0,0.0,0.8668391,0.0,0.0,0.0,0.16267116,0.0,0.0,0.0,0.3698938,1.9466841,0.0,0.39501414,0.17129603,1.4839613,0.0,2.111285,0.0,0.0,0.0,0.42098662,1.680852,1.4772468,1.1836966,0.0,0.14835027,0.0,0.44638836,0.9409919,0.91417426,0.0,2.2607853,0.0,0.5452831,2.5051262,2.3992257,0.0,0.0,1.2944803,2.5386684,0.0,0.4980035,0.71845776,0.38330784,0.0,0.03109728,0.68991745,0.0,0.0,2.122011,0.0,0.0,0.0,2.8442206,0.0,0.0,0.9349081,0.0,0.0,0.15061429,2.2830813
ACH-000510,0.0,0.6170128,0.0,0.0,0.12598139,0.0,0.5702192,0.41494465,0.1375342,1.2918419,0.0,1.421303,0.0,0.0,0.0,0.0,0.33251598,0.12732117,0.0,2.5659463,0.0,0.17676006,1.2426659,0.038624994,0.016799433,0.0,0.60768753,0.0,1.0388502,1.741158,0.7676403,0.0,0.0,1.2068976,0.0,0.0,0.29134086,0.7029165,0.0,0.0,0.0,0.0,0.0,0.0,0.0,0.0,0.23280527,0.66288006,0.0,0.37413403,0.3885557,0.0,0.36083478,1.2257204,0.0,0.0,0.0004503509,0.0,0.0,0.0,0.35333624,0.39261955,1.3917059,0.2917104,0.0,0.5082978,0.0,0.0,0.49097645,0.4867014,0.63253635,0.0,0.24058509,0.18110555,0.07282359,0.03764469,0.0,0.0,0.106286086,1.3832037,0.0,0.0,0.0,0.5422815,0.0,0.0,0.0,0.3053507,2.4046712,0.0,0.89484066,0.66279286,0.99625736,0.0,0.5208866,0.0,0.0,0.0,0.15988606,0.0,1.1061252,0.0,1.5644299,2.0266266,1.5492374,1.4579449,0.21357283,0.50576866,0.0,0.0,0.7677298,0.0,1.3157758,0.0,0.3831854,0.49262103,0.369039,0.32130677,0.0,0.072859965,2.5356863,0.004920832,0.0,0.7274303,1.8971213,0.35645828,1.0263231,0.5522079,1.6610446,0.27501506,0.0,0.0,0.36874983,0.0,0.0,0.0,0.37801933,1.3900338,0.0,1.9988883,0.0,0.0,0.0,0.0,0.94055414,0.0,0.028406268,0.0,1.5753231,1.0070901,0.0,0.0,0.0,0.0,0.57416815,0.0,1.0658947,0.73712975,0.09127181,0.5664068,0.0,0.22961701,0.12690923,0.0,0.0,0.0,0.0,1.6613429,0.05102734,0.0,0.01765959,0.0,0.4648252,0.0,1.1252306,0.0,0.793371,0.0,0.95662385,0.0,0.7346405,0.0,0.049220454,0.0,0.0,1.1023749,0.25556642,0.42012307,0.92485577,0.2992304,0.40392286,2.1172414,0.0,0.0,1.1629922,0.0,0.0,0.0,1.7500434,0.0,0.38704848,1.2588898,0.0,0.9107339,0.0,2.5661163,0.86496645,1.2067647,0.0,0.0,0.0,0.058160376,0.0,0.0,0.0,0.9928776,0.26872593,0.6442461,0.74572814,0.0,1.578139,0.0,0.0,0.0,0.0,0.0,0.67568094,1.0032183,1.0239624,0.21356502,1.2251753,0.40251625,0.0,0.851791,0.0,0.0,0.80052483,0.421344,0.5114255,0.0,0.0,0.868775,0.040040895,0.0,2.3516521,0.13433054,0.3069574,0.0,0.25102958,0.0,1.0454547,0.59899575,0.0,0.0,0.40760374,2.0407414
ACH-000264,0.0,0.40908137,0.0,0.0,0.40838346,0.0,1.0666114,0.0,1.3598665,1.8050598,0.0,0.5175863,0.0,0.29976666,0.8384026,0.15831718,0.5680495,0.0,0.0,1.5806267,0.8104414,0.771785,0.9650408,0.0,0.06386806,0.0,0.4016506,0.0,0.53529584,0.2372199,0.53374314,0.0,0.0,0.0,0.0,0.0,0.0,2.5061173,0.0,1.0749505,0.4362379,0.0,0.7890662,0.9497509,0.0,0.49905977,0.034038067,0.085093684,0.96283525,1.3354281,0.061399333,1.659838,0.094352596,0.044022683,0.0,0.0,0.46859762,0.3211273,0.0,0.0,0.0,1.1607665,1.4954113,0.8727201,0.17854694,0.19591057,0.97391135,0.0,0.0,1.702605,0.4556317,0.18655059,0.32029238,0.44316185,1.1491355,0.0,0.17521416,0.0,1.6375529,1.6814953,0.0,0.5669722,0.97051734,1.0895743,0.0,0.0,0.0,0.043706995,2.2432353,1.280385,0.6740056,1.1697979,0.8020158,0.0,0.0,0.0,0.0,0.0,1.2111598,0.0,0.0,0.0,1.2909662,0.9170948,0.5129973,0.9620237,0.0,0.6963499,0.0,0.0,0.48927644,0.0,1.7161232,0.0,0.41765088,0.69297874,1.7939413,0.10141259,0.8566903,0.0,2.235692,0.0,1.4273661,0.007068502,0.0,0.7208914,0.0,1.8920895,0.0,0.0,0.0,0.0,0.43418676,0.0,0.0,0.0,0.22070462,0.53504443,0.0,2.1981316,0.8424408,0.0,0.0,0.0,1.4050727,0.0,0.0,1.1966488,0.012946811,0.10724999,0.0,0.0,0.0,0.0,0.81801087,0.0,1.961113,1.0397043,0.0,0.9381603,0.10801428,0.25849903,0.25466713,0.0,0.30543628,0.0,0.3294387,0.6582806,0.0,0.0,1.1108184,0.0,0.751107,0.0,0.6418994,0.0,0.17319427,0.0,0.8815296,0.0,0.0,0.0,1.1301256,0.0,0.0445392,0.43339592,0.80768263,0.61049867,0.0,0.93709326,0.17176718,2.3177137,0.0,0.32945675,0.0,0.0,0.0,0.0,1.0558604,0.0,0.73580056,0.48857045,0.0,1.069149,1.6419669,0.81612784,0.0,0.40506458,0.0,0.0,0.23159078,0.0,0.0,0.0,0.0,0.44697857,0.0,2.1140687,0.9322177,0.0,0.11557927,0.0,0.0,0.0,1.4381654,0.0,2.1462605,0.0,0.04104132,1.8139647,1.9171565,0.0,0.0,0.97252387,1.6208117,0.0,0.723538,1.6668701,0.0,0.9126281,0.5590732,0.7561689,0.0,0.0,2.647098,0.0,0.0,0.0,0.5224436,0.0,0.25126463,0.6661609,0.0,0.0,0.412422,0.08669711
ACH-000843,0.2575607,0.19003478,1.3161272,0.0,0.0,0.09430503,0.14810923,0.03322322,0.6810313,0.53184676,0.0,0.9025944,0.36486265,0.0,0.0,0.0,0.92905515,0.0,0.0,1.8167539,0.0,0.0,0.0,0.0,0.0053163604,0.0,0.92614037,0.4146409,1.183733,1.3201256,0.0,0.0,0.0,0.56503975,0.0,0.0,1.9537113,0.96027,0.0,0.0,0.8580026,0.64441687,0.0,0.09252703,0.0,0.0,0.0,0.36510554,0.0,0.0,0.6398983,0.0,0.0,0.0,0.6758751,0.24096921,0.0,0.0,0.0,0.0,0.0,0.38927805,0.9891041,0.7956274,0.0,0.34425083,0.0,0.41029796,0.0,0.0,0.0,0.0,0.36251476,0.6994109,0.0018860778,0.12992775,0.57419014,0.0,0.0,0.92795587,0.083562866,0.0,0.0,1.3944207,0.022111129,0.0,0.0,0.0,0.06908349,0.8224575,0.0,1.2591743,0.76201594,0.0,0.20722002,0.4321678,0.0,0.0,0.0,0.0,0.0,0.2768305,0.27261537,0.39401972,0.0,0.5745353,0.31902513,0.85619044,0.0,0.0,0.20176212,0.0,0.0,0.0,0.16168022,0.0,0.479129,0.44212857,0.82792085,0.0,0.8268488,0.0,0.0,0.0,1.2898312,0.93050253,0.28758404,0.6228775,0.0,0.08329374,0.0,0.0,0.6624369,0.0,0.0,0.35636362,0.061244316,0.19176108,0.0,0.9014775,0.35846055,0.0,0.0,0.0,0.85910124,0.0,0.19485867,0.2708614,0.66178274,2.0090964,0.0,0.0,0.0,0.0,0.0,0.0,1.2057067,0.698126,0.3497308,0.52530336,0.15924674,0.0,0.7213373,0.80048597,0.0,0.0,0.0,0.50984627,1.4237422,0.0,0.008171812,0.0,0.0,0.0,0.6902275,0.0,0.0,0.099381596,0.0,0.0,0.0,0.0,0.6842786,0.0,0.41825396,0.20508857,0.38664246,0.2481827,0.0,0.3505626,0.8004872,1.0199676,0.0,0.90039045,0.7695856,1.2170609,0.536628,0.0,0.43251592,0.7378677,0.0,0.0,0.0,0.475487,0.58967483,0.0,1.3392771,1.0065082,0.0,0.7222305,0.17174408,0.5672679,0.0,0.0,0.0,0.41918766,0.0,1.4645865,0.90803087,0.0,0.69218206,0.9828421,0.5683114,0.0,1.3003151,0.0,0.57723314,0.0,0.5745497,0.48210222,0.74706584,0.8882766,0.0,0.045042153,0.0,0.0,0.6099092,0.37453008,1.0309591,0.97540426,0.23981236,0.59504217,1.9829562,0.0,2.1122816,0.19443014,0.0,0.0,2.42955,0.41346028,0.69527066,0.3678549,0.0,0.0,0.33525446,1.0607059
ACH-000840,0.0,0.4659282,0.0,0.0,0.7632696,0.0,1.1136115,0.5431962,0.0,1.130761,0.0,1.6305486,0.0,1.620676,0.0,0.0,0.88007504,0.0,0.0,1.9235635,0.48512188,0.47684234,1.4884225,0.0,0.0,0.0,0.0,0.72470015,1.2926975,0.0,0.0,0.0,0.09730031,0.0,0.0,0.0,0.0,0.8496292,0.0,0.45411983,0.8271645,0.651597,0.16087633,0.0,0.0,0.0,0.36716455,0.27873665,0.0,0.299459,0.0,0.0,0.69613427,0.0,0.0,0.0,0.0,0.30015346,0.0,0.027142938,0.0,2.1969497,2.5631812,1.148723,0.25928205,0.077060044,1.8084781,0.0,0.0,0.4680343,0.7203587,0.0,0.0,0.587454,0.09863464,0.0,0.004619763,0.0,0.0,1.8488125,0.7563528,0.0,0.0,0.47485,0.0,0.0,0.0,0.0,2.60142,0.24668029,0.0,0.5691911,0.0,0.0,0.006619035,0.0,0.0,0.0,0.0,0.0,0.0,0.5772121,1.294331,0.69874096,1.27765,1.2225478,0.0,0.5426876,0.0,0.0,0.5780349,0.0,0.0,0.0,0.09368522,0.0,1.4557445,0.17419444,0.6597459,0.0,1.8674264,0.0,0.0,0.057627667,0.0,0.0,0.74098027,0.57367176,2.7532303,2.173262,0.0,0.79912627,0.0,0.24059995,0.70869106,0.0,1.0998873,0.0,0.0,1.8305511,0.0,0.0,0.0,0.0,0.0,0.17639463,0.0,0.0,1.1492984,0.7269162,0.0,0.0,0.0,0.0,0.6197115,1.0525297,0.0,0.23295146,1.2084427,0.21399827,0.0,2.0408452,0.5984232,0.7217964,0.24903922,0.0,0.061759163,0.0,0.0,0.691655,0.07810959,0.029172452,0.0,0.0,0.40538654,0.0,0.0,0.0,0.42528206,0.0,0.0,0.0,0.7238254,0.0,0.0,2.2721717,1.9930972,0.47881046,0.0,0.25295934,0.0,3.6034412,0.59842837,0.0,0.0,0.06010853,0.4776812,0.0,0.13660203,0.27003106,0.5840035,1.4772902,0.0,0.0,1.2607456,1.5128046,0.0,0.49668106,0.0,0.008074355,0.0,0.46218395,0.0,0.7709363,0.0,0.64348394,1.8939546,1.1253543,2.2478504,0.0,0.917318,0.0,0.0,0.56900007,1.7576842,0.0,1.1694201,0.0,2.1969364,1.4481789,3.5199313,0.74005485,0.0,1.1793487,1.5041054,0.0,0.10728772,0.0,0.0,0.48943362,0.0,0.24400613,0.0,0.0,1.7028753,0.0,0.0,0.0,2.243668,0.12041841,0.0,0.0,0.0,0.0,1.5736072,1.4165059
ACH-000667,0.0,0.33280203,0.4674763,0.068270735,0.0,0.0,0.625046,1.0448382,0.7159927,2.0421169,0.0,0.25162196,0.91264725,0.0,0.22559276,0.0,0.12476954,0.0,0.693263,1.180968,0.93791854,0.5207685,1.7927963,0.0,0.0,0.7473784,0.59049904,0.0,0.10617528,0.0,0.0,0.3824685,0.0,0.0,0.0,0.105448276,0.8640952,1.2269764,0.0,0.9177204,0.1597609,1.2791653,0.0,0.0,0.0,0.0,0.6135271,0.0,0.0,0.71349865,0.0,0.045101177,1.1968075,0.26159513,0.0,0.0,0.0,0.0,0.0,0.0,0.0,2.658007,1.519071,0.71244603,0.0,0.0,0.0,0.0,0.0,0.0,0.0,0.009024008,0.0,0.93483263,0.19336474,0.0,0.25573838,0.6067539,0.0,0.48636872,0.0,0.0033592707,0.0,0.93828404,0.0,0.00599098,0.0,0.0,1.0466515,0.62272906,0.0,0.17207722,0.771552,0.11751628,0.0,0.0,0.0,0.0,0.0,0.0,0.0,0.0,0.16671023,0.6387652,0.16974542,1.4951031,0.0,0.8778762,0.0,0.0,0.7319543,0.0,1.0548521,0.324983,0.0,0.55210197,0.0,0.0,0.6666189,0.0,0.50198334,0.0,0.4352953,0.8853499,0.42516896,0.55955386,0.0,0.34206182,0.0,0.0,0.71934295,0.0,0.8836388,0.0,0.0,0.45922014,0.7453962,0.0,0.0,0.3461693,0.61207056,0.0,0.0,0.0,1.059164,0.23686634,0.85216653,0.72280794,0.912742,0.0,0.54319686,0.0,0.0,0.0,0.66796255,0.0,0.0,1.3065958,0.0,0.0,0.0,0.0,0.43126836,0.29857466,0.27891448,0.0,0.019387562,1.603454,0.8621955,0.0,0.96398914,0.0,0.0,0.23914891,1.8086028,0.0,1.0198461,0.013009993,0.50803924,0.0,0.0,0.45549977,0.8624055,0.0,0.6814858,0.34144264,0.0,0.3463656,0.10102516,0.38860178,0.0,0.7686351,0.18745232,0.28782463,0.0,0.41697454,0.0,0.0,0.0,0.501788,0.0,0.0,0.0,1.2263126,0.7878819,1.3363516,0.2179367,0.46721354,0.0,0.15917592,0.32804194,0.0,0.0,0.0,0.0,0.0,0.0,0.8166973,1.3607739,0.0,0.0,0.0,0.11431055,0.22778094,1.4688934,0.0,0.52947253,0.0,0.8331635,1.7652795,0.8099527,0.0,0.0,0.7486369,0.58733624,0.0,0.26686457,0.7637684,0.0,0.9010749,0.019206198,0.0,0.21570928,0.0,2.4758668,0.6456161,0.0,0.0,1.165012,0.0,0.7435206,0.28003782,0.36907706,0.0,0.15879576,0.10369996
ACH-000015,0.0,2.125808,0.49484628,0.0,0.9978779,0.0,1.8695697,0.21632944,0.62421125,1.6627232,0.0,1.0178549,0.0,0.0,0.5763517,0.13770306,0.0,0.0,0.0,1.965768,0.0,0.0,1.09353,0.0,0.11598171,0.0,0.0,0.0,0.0,0.0,0.11241688,0.0,0.0,0.5873983,0.16018577,0.0044756234,0.02051189,0.8767776,0.0,0.0,1.0940384,0.325037,0.0,0.0,1.5124785,0.0,0.0,0.14762904,0.0,0.49108034,0.0,0.0,0.09741952,1.4241419,0.0,0.0,0.32998022,0.5325278,0.0,0.0,0.0,0.0,0.5937402,0.25063,0.0,0.0,0.0,0.0,0.0,2.3304489,0.5866672,0.0,0.683232,0.0,0.0,0.6986626,0.0,0.0,1.964064,0.0,0.5016477,0.0,1.957186,0.34528732,0.0,0.0,0.0,0.0,0.98400027,1.5121944,0.23594327,0.0,1.1634562,0.0,0.0,0.0,0.0,0.0,0.0,0.0,0.3384361,0.0,0.60910136,0.1835847,1.5818073,1.2801287,0.45577824,1.0268685,0.0,0.37151474,0.0,0.0,0.18160714,0.0,1.0258718,0.0,1.4046665,0.6927964,2.462626,0.0,3.5339096,0.0,0.0,0.86846286,1.3306034,2.1973166,0.0,0.6899572,2.518725,0.0,0.0,0.20143716,0.0,0.0,0.85285956,0.70864046,0.5231199,0.0,0.021596113,0.981917,0.25688037,0.0,0.0,0.0,0.88268,0.0,0.0,0.0,0.56780875,0.29402867,0.0,0.0,0.0,0.0,0.14403397,0.0,0.94908303,0.13140592,1.0529988,0.44476297,0.05081656,0.37610033,1.0520079,0.71949077,0.0,0.0,0.0,0.0,0.7521837,0.008527776,0.6109556,0.0,0.0,0.0,0.6540983,0.29107562,0.0,0.21957305,0.87548804,0.0,1.05374,1.3823606,0.0,0.0,0.45958376,1.418673,0.0,0.66830015,0.0,0.0,1.0364159,0.71064085,0.0,0.0,0.0,0.42802772,0.0,0.0,0.10161178,0.0,0.32371563,1.3526815,0.0,0.0,0.3879426,2.0487409,1.0885742,0.0,0.0,1.0745987,0.2892523,0.0,0.0,0.0,0.0,1.3822743,0.0,0.19996913,1.7835997,0.0,2.1101522,0.0,0.0,0.0,1.0660789,0.0,0.5422366,0.008050504,1.0834256,1.3456304,0.44800884,2.2658617,0.0,2.0871615,0.9080601,0.0,0.0,1.6860571,0.0,0.0,0.0,0.93186027,0.0,0.0,1.266706,0.37483853,0.0,0.0,0.9135655,0.0,0.0,1.7663682,0.0,0.0,0.27819422,0.4245976
ACH-000666,0.85717887,0.57418805,0.48314816,0.0,0.0,0.0,0.75514466,0.052169397,0.32102856,1.0721961,0.0,0.0,0.0,0.8370497,1.1443359,0.0,1.2704067,0.0,0.0,3.4797752,0.7137073,1.3570417,0.89806217,0.0,0.0,0.0,0.45591402,0.0,0.47070536,0.087219946,0.0,0.0,0.0,0.0,0.33784783,1.0248364,0.7101643,0.66966563,0.10516778,0.6523148,1.0053587,0.28324732,0.0,0.0,0.81122565,0.0,0.0,0.0,0.0,1.4334862,0.0,0.0,0.0,0.0,0.0,0.338346,0.47412154,0.0,0.0,0.0,0.0,1.4187031,2.0606477,0.037544083,0.0,0.006308345,0.60092086,0.0,0.0,0.79332805,0.035588447,0.0,0.31863412,0.7636614,0.96566856,0.0,0.0,0.0,1.7495369,1.972525,1.700495,0.0,0.0,1.6692195,0.0,0.0,0.0,0.0,0.76882905,1.3386511,0.0,0.0,0.54579294,0.0,0.0,0.0,0.0,1.0183733,0.0,0.3273865,1.2221235,0.0,2.0163465,0.15727942,0.5922935,0.52086,0.0,1.8155828,0.0,0.0,1.9470723,0.0,0.0,0.9184124,0.5764809,0.0,1.6518046,1.0633229,2.1629648,0.1857559,0.9613952,0.0,0.0,0.0,0.51917607,0.8768717,0.0,0.0,1.4143256,1.6607265,0.0,0.0,0.2995158,0.0,0.8129766,0.4867428,1.9451705,0.0,0.0,0.997122,0.072847225,0.0,0.24807452,0.0,2.1799107,0.0,0.0,0.0,1.1587834,1.6255335,0.0,0.30414686,0.0,0.0,0.0,0.3037889,0.0,0.6742302,0.0,0.90284204,0.06061711,1.2160032,0.48653933,0.7361485,0.36915177,0.0,0.0,0.20436764,0.99892503,0.0,0.89337456,0.0,0.0,0.0,1.5058866,0.0,1.8626399,0.46755394,1.5758665,0.0,0.0,0.870966,0.0,0.0,0.89188004,0.57492006,1.4213624,1.2152294,0.16495416,0.0,0.0,0.053263277,0.11532405,0.0,0.50898063,0.083443336,0.8623006,0.0,1.2008029,0.0,0.5439577,0.047352698,0.0,0.0,0.0,1.3305186,0.10958118,0.0,0.25127906,0.17595546,0.36935815,1.4816828,0.028275356,0.0,0.0,0.0,1.453221,1.2141858,0.6576289,0.0,1.0464479,0.0,2.1230326,0.0,2.1330612,0.0,1.0454432,0.0,0.0,1.7842183,1.1105617,1.986052,0.0,0.0,0.36822313,0.0,0.2503479,0.3663802,0.0,1.5386709,0.0,0.0,0.0,0.0,1.9306039,0.0,0.0,0.0,1.2955626,0.0,0.89791614,1.365788,0.0,0.0,0.9369052,0.0
ACH-000900,0.0,0.73646986,0.0067903046,0.10695075,0.0,0.0,0.65533555,0.0,1.374216,2.4182467,0.0,1.8787194,0.0,0.7461736,0.31283566,0.0,0.33586013,0.0,0.0,1.585364,0.0,0.0,0.16400598,0.0,0.0,0.0,1.1798707,0.0,0.5254547,0.5627311,0.0,0.0,0.0,0.037440818,0.0,0.0,0.0,1.5177963,0.0,0.0,0.744963,0.0,0.0,0.0,0.0,0.0,0.08271147,0.8148917,0.46850494,0.4214825,0.0,0.0,0.32290992,0.0,0.0,0.0,2.3945775,0.5466517,0.0,0.0,0.14256462,1.1184218,1.3704697,0.0,0.0,0.0,0.0,0.0,0.0,0.7920164,0.0,0.0,0.0,0.0,0.33550435,0.0,0.4034919,0.0,0.040902086,1.618745,0.9281119,0.0,0.32199654,1.5922287,0.0,0.0,0.0,0.0,1.1313682,1.4798734,0.85373145,1.9577832,0.0,0.0,0.0,0.0,0.0,0.0,0.0,0.0,0.0,0.0,0.8096252,1.1045203,1.1657788,0.58523834,0.23748326,1.6527679,0.0,0.0,0.42475766,0.0,0.00909884,0.0,0.7406749,0.24849752,1.9623445,1.6698664,1.7294649,0.703455,1.6913505,0.07013801,0.0,0.9852472,1.2860129,0.33702222,0.0,0.54806644,1.6252943,0.26698375,0.0,0.0,0.0,0.0,1.010826,0.19725947,1.4664031,0.6258903,0.0,0.36255857,0.0,0.0,0.97700727,0.0,0.9531508,0.0,0.0,0.9424993,1.077889,0.7661478,0.0,0.0,0.0,0.24337573,0.656969,0.0,0.9647154,1.1247842,0.4019643,0.7214347,0.0018894017,0.0,1.0202287,0.0,0.0,0.0,0.0,0.81365156,0.45195407,0.20815922,0.80096924,0.0,0.25353757,0.0,1.5672702,0.0,0.4711487,0.0,0.6936052,0.0,0.36843586,0.42120546,0.0,0.0,0.5518355,0.9205729,1.7690837,1.1281624,0.2856723,0.0,0.0,1.1802984,0.0,0.0,0.0,0.08071678,1.1490641,0.0,1.2453622,0.0,0.0,1.1040773,0.0,0.66660374,0.6221378,0.9549237,0.0,0.0,0.71456045,0.35175785,0.39123723,0.44836128,0.0,0.0,0.11059109,0.8586634,0.0,1.9608037,1.1956474,0.0,0.6913508,0.0,0.0,0.0,1.3592886,0.0,0.44364113,1.1996508,0.66822857,1.4647845,1.2205963,0.04609627,0.0,0.68079674,0.25547752,0.0,0.8511765,0.0,0.25632322,0.0,0.0,0.0,0.0,0.32743475,1.9471719,0.7222276,0.0,0.0,0.0,0.0,0.3978078,1.6359645,0.0,0.0,0.0,0.94151473
ACH-000718,0.6745681,0.0,0.8198132,0.0,0.0,0.0,1.1692542,0.15557136,0.50999546,0.79511154,0.0,0.8527027,0.0,0.10052453,0.9190672,0.0,0.21639712,0.0,0.0,1.4207755,0.25054988,0.8285837,2.1144414,0.0,0.21467741,0.7284174,0.0,0.0,0.0,0.77176386,0.0,0.3522212,0.0,0.029289017,0.0,0.0,2.4581027,0.0,0.0,0.7002061,1.7519743,1.3086729,0.0,0.49700075,0.036190175,0.0,0.3885432,0.0,0.5705518,0.0,0.0,0.9129244,0.0,0.0,0.0,0.0,0.010438391,0.0,0.0,0.0,0.0,3.0361345,1.2705592,1.7060144,0.13546005,0.11553076,0.0,0.0,0.0,0.882585,0.039204974,0.0,0.0,0.0,0.0,0.0,0.0,2.1158135,0.0,0.28487074,0.0,0.0,0.29480192,0.68735534,0.0,0.0,0.0,0.0,1.1879141,0.0,0.1357155,0.2581178,0.027571153,0.0,0.0,0.0,0.0,0.0,0.0,0.0,0.0,0.0,1.3042098,0.8289355,0.0,1.2027626,0.24989346,3.0068429,0.0,0.5591908,1.328862,0.0,0.0,1.019798,0.0,0.0,1.8019128,0.0,0.6260217,0.0,0.77948344,0.0,0.0,0.2270312,0.3794944,0.0,0.0,0.0,0.6235597,0.31950444,0.0,0.0,0.8376808,0.0,0.0,0.0,0.37569213,0.0,0.0,0.58913416,0.0,0.0,0.0,0.0,2.0086374,0.0,0.0,0.8560317,1.0453475,0.59860706,0.0,0.31503615,0.083769694,0.0,0.0,0.0,0.46883252,1.8911632,0.8790221,1.5635724,1.888851,0.3606952,0.74339914,0.0,0.0,0.0,0.0,0.56726086,0.0,0.0,1.073462,0.0,0.0,0.0,0.8286644,0.0,2.244783,0.0,1.0802076,0.0,0.7765538,1.0796745,0.0,0.0,1.2883608,0.0,0.40304643,0.16509038,0.09735457,0.0,0.5624272,0.67297894,0.0,2.2768404,0.0,0.0,0.07688984,0.0,0.0,0.010348487,0.33185172,1.2751784,0.0,0.0,0.0,3.3785195,0.4706132,0.60137063,0.0,0.0,0.9092011,1.654424,0.0,0.0,0.0,1.2344745,0.47093803,0.69142455,0.0,0.16450116,1.6110075,0.0,0.0,0.10040129,0.3190749,0.6462857,1.9994128,0.21054286,0.09646827,1.0094634,1.4191053,0.5095044,0.0,0.006214464,3.275842,0.0,0.6731031,0.5234347,1.6201541,2.4690838,0.10411907,0.0,0.0,0.13040672,0.33865663,0.0,0.0,0.0,2.8122258,0.0,0.7801947,1.6548743,0.0,0.0,0.8166762,2.0160372
ACH-000121,0.0,0.9304716,1.3223526,0.0,0.0,0.0,0.0,0.0,0.22708613,2.236883,0.0,1.5986679,0.0,0.80532235,0.0,0.77163166,1.3549709,0.0,0.24807504,2.2656796,0.0,0.35074326,1.30121,0.0,0.0,0.0,0.0,0.0,3.2183552,0.26184744,0.5279918,0.0,0.0,0.26869106,0.0,0.0,0.0,2.2089055,0.7056131,1.0178063,0.74905926,0.31149846,0.50593007,0.0,0.0,0.0,0.0,0.57568115,1.1014036,0.80815595,0.04681832,0.2958706,0.0,0.012973491,0.0,0.0,1.0792006,0.0,0.0,0.8535636,0.0,1.4264247,3.220396,2.6825345,0.0,0.37754884,0.82974344,0.0,0.0,1.2868696,1.809505,0.0,0.0,1.713712,1.5493667,0.0,0.0,0.30651334,0.0,2.2346156,0.1676545,0.3713648,0.86576676,0.055358384,0.0,0.0,0.0,0.8066427,3.1925235,1.433421,2.4687805,0.92176604,0.8441718,0.6401932,0.0,0.0,0.0,0.78620875,0.16225466,0.0,0.0,0.0,0.0,1.1729013,0.0,0.21809027,0.0,1.3203714,0.0,0.050601233,0.25248614,0.0,1.1136985,0.0,0.0457874,0.0,2.468324,0.0,1.8076764,0.0,0.9659786,0.0,0.0,0.5741795,0.3582948,0.97856313,0.6227332,0.91772,1.1453472,0.0,0.0,0.0,0.0,0.0,0.0,0.0,0.9027713,0.6320941,0.0,1.6759758,0.97028357,0.0,0.0,0.0,1.6765234,0.0,0.18674439,0.0,0.0,0.0,0.0,0.0,0.0,0.0,0.4657094,0.0,1.91724,0.19479671,0.8493259,0.066079155,0.0,0.947393,1.842749,0.0,0.2076853,0.0,1.036655,0.37008035,0.0,0.0,1.0978975,0.0,0.36615068,0.0,1.2982652,0.0,0.0098123485,0.0,0.88085735,0.0,0.0,0.0,0.0,0.0,1.073613,0.0,1.0417207,1.31131,0.0,0.13125207,0.0,2.9435153,0.0,0.246814,0.0,0.31165865,0.99883133,0.0,0.0,0.0,0.0,2.28629,0.0,0.5539064,0.09320041,1.4486917,0.18455419,0.18639097,0.0,0.31011093,0.0,0.82520276,0.0,0.0,0.0,0.09762514,1.3895841,2.5750844,1.7724085,1.4351869,0.49239975,0.0,0.0,0.8114947,0.22490124,0.0,2.6385999,0.0,1.1548232,1.8778422,2.760946,0.0,0.0,1.1335187,1.2152952,0.0,1.0295159,0.0,0.0,0.0,0.0,0.21975547,0.18567364,0.26924714,3.0352483,0.031740908,0.0,0.0,1.9698051,0.0,2.2937746,0.5429333,0.0,0.0,0.79839665,0.0
ACH-000781,0.0,0.15881906,0.16201901,0.0,0.0,0.0,0.0,0.0,0.73302513,0.456609,0.1405618,0.31324026,0.10216111,0.39583325,0.2063056,0.0,0.43014893,0.0,0.82198346,1.2388389,0.15402849,0.56341046,0.36842325,0.0,0.0,0.0,1.4083776,0.0,1.0208441,0.71725196,0.0,0.0,0.0,0.7269549,0.015079689,0.31671226,0.0,0.5827996,0.0,0.967514,0.768,0.062297832,0.69536656,0.0,0.0,0.0,0.0,0.02424025,0.059548452,0.2393603,0.0,0.14210874,0.0,0.0,0.0,0.0,0.13321689,0.0,0.0,0.0,0.0,0.49622637,1.1476444,0.34394747,0.12959793,0.11383921,0.33219257,0.0,0.0,0.13449398,0.23609169,0.0,0.0,0.5682034,0.39559996,0.31057194,0.0,0.0,1.0724652,1.3837072,0.9549653,0.0,0.28719524,0.5324319,0.25058585,0.0,0.0,0.0,0.4764789,0.714341,0.0,0.24647643,0.52562463,0.0,0.0,0.0,0.0,0.3793875,0.0,0.0,0.0,0.0,0.98140866,0.67514205,0.15107769,0.54014987,0.0,0.64928776,0.0,0.0,0.71455604,0.0,0.0,0.0,0.17973556,0.0,0.5356779,0.5646477,0.8301066,0.0,0.5811011,0.0,0.0,0.19461451,0.0,0.60272634,0.54132,0.15039356,0.5479966,0.89469,0.010510458,0.0,0.32860938,0.0,0.0628319,0.14569691,0.30691153,0.47081292,0.0,0.0,0.0,0.0,0.0,0.0,1.197673,0.0,0.0,0.092719264,0.21769433,0.19306023,0.0,0.0,0.0,0.0,0.0,0.3498458,0.3395365,0.78502214,0.0,1.1440245,0.0,0.3152716,0.15595672,0.1223325,0.0,0.0,0.2827338,0.0,1.0562726,0.0093291905,0.45061845,0.0,0.09617146,0.0,1.8116016,0.0,0.95051533,0.4268193,1.2195507,0.0,0.06308545,0.0,0.16792311,0.0,0.4876118,0.24121708,0.50586295,0.41340566,0.0,0.0,0.122204445,0.42575932,0.0,0.0,0.53690046,0.3592244,0.53613317,0.0,0.3777039,0.20788914,0.097354636,0.06725905,0.49677992,0.0,0.21046914,0.6214387,0.06391101,0.0,0.2609918,0.67707586,0.5428044,1.0399642,0.004027783,0.0,0.020898057,0.5082833,0.10821468,1.2293133,0.6102745,0.15137362,0.47628772,0.0,1.2340469,0.0,1.365612,0.0,0.048544496,0.0,0.59176004,0.99002904,1.4330655,0.7637012,0.0,0.0,0.1646195,0.0,0.012743516,0.7702225,0.0,0.024513546,0.0,0.083374925,0.0,0.0,1.6945347,0.2352172,0.0,0.0,0.45443705,0.0,0.27294692,0.67928296,0.0,0.0,0.8837812,0.0
ACH-000747,0.0,0.3726236,0.0,0.0,0.65234715,0.0,1.8133245,0.0,0.0,0.653162,0.0,1.7614795,0.0,0.07781069,0.9167361,0.2816316,0.0,0.0,0.0,1.9424837,0.0,0.054963343,0.0,0.0,0.0,0.32970637,0.25467277,0.0,0.0,0.0,0.566354,0.0,0.31412783,0.4258018,0.0,1.177359,0.0,0.49987844,0.9590083,0.6564762,0.28770447,1.8677986,0.0,0.44014886,0.57327664,0.58359265,0.0,0.0,0.0,0.0,0.0,0.0,0.5723508,0.07264653,0.0,0.0,0.1771215,0.44045225,0.0,0.0,0.21393898,0.1360061,0.989343,0.035449248,0.0,0.0,0.089011244,0.0,0.0,1.9463459,0.17695002,0.0,0.0,0.23998845,0.0,0.0,0.8212772,0.0,0.66819125,1.6283797,0.40587744,0.0,0.0,0.5515524,0.15689056,0.0,0.0,0.0,0.22442208,0.36719662,0.0,0.95841455,0.5688343,0.018828679,0.0,0.0,0.0,0.0,0.0,0.0,0.19330738,0.095468536,0.8593165,1.5654509,2.154368,1.5528705,0.0,1.5300031,0.0,0.0,0.016482038,0.0,0.067176476,0.0,1.0730504,0.0,0.41943413,0.17307459,0.0,0.0,2.4080184,0.8994419,0.0,0.09370665,0.08432826,0.89726394,0.0,0.2800934,2.1618202,0.7751033,0.6299597,0.3435159,0.0,0.0,0.11754804,0.0,0.6471751,0.29914662,0.3563877,0.69548136,0.36891246,0.0,0.0,0.0,0.85030586,0.0,0.0,0.81222665,0.45279947,0.7586414,0.0,0.0,0.0,0.3760233,0.09029019,1.1734756,0.59333163,0.54406875,1.1081499,0.22823127,0.0,0.17059234,0.8551626,0.5459786,0.0,0.22798091,0.0,1.5149081,1.1274097,0.0,0.6940942,0.0,1.1655477,0.0,0.94378,0.0,0.15517376,0.0,0.84139884,0.0,0.0,0.25457275,1.4122077,0.0,0.69721174,1.8817555,0.0,0.10619118,0.19243646,0.0,0.0,1.562148,0.8075388,0.0,0.0,0.0,0.84791774,0.0,1.0298781,0.0,0.0,0.6178357,0.0,0.0,0.6145418,1.0535886,0.0,0.0,0.0,0.13367943,0.2767527,0.0,0.0,0.0,0.0,0.050802395,0.0,0.9347997,0.0,0.0,1.7402022,0.0,0.10450657,0.0,1.1739554,0.0,0.3979332,0.2862337,1.0180825,1.5609658,1.4123051,1.3372536,0.0,1.9810593,0.42026937,0.0,0.737562,0.34630722,0.0,0.0,0.0,0.8887255,0.0,0.0,2.8299587,0.40606114,0.0,0.0,0.6968459,0.0,0.0,1.5570042,0.0,0.0,1.6989422,1.1704149
ACH-000438,1.2339389,1.4747612,0.84044605,0.0,0.14090107,0.0,0.0,0.6172748,0.0,0.8424612,0.0,0.1347158,0.0,0.0,1.6734412,0.0,0.3989832,0.0,0.0,1.0062186,1.8350483,0.0,0.7807733,0.0,0.69124335,0.0,1.6901238,0.0,0.0,0.0,0.0,0.0,0.0,0.054859124,0.0,0.0,2.6108959,0.76043165,0.0,0.80737996,0.9091908,0.0,0.0,0.0827135,0.0,0.0,0.0,0.11548447,0.21172316,0.0,0.12333619,0.6670508,0.7707177,1.2954956,0.0,0.0,0.0,0.0,0.0,0.051574226,0.0,3.4193833,2.432931,0.52443284,0.0,0.62503827,0.0,0.0,0.0,1.6441584,0.0,0.0,0.0,0.6698535,0.40544876,0.0,0.0,0.16399637,0.0,0.2058653,1.3393424,0.0,0.0,0.8102257,0.0,0.0,0.0,0.8247799,0.21235828,0.92734486,0.0,0.0,0.0,0.7680798,0.0,0.0,0.0,0.0,0.16440834,0.26687658,0.0,0.7241777,0.0,0.0,0.0,2.0596724,0.0,1.2546558,0.0,0.0,0.5094902,0.0,0.0,2.0079656,0.0,0.32168573,0.5855906,0.0,1.3152336,0.0,1.8423153,0.0,1.1494576,0.56713814,1.0227222,0.9592193,0.7355438,0.0,0.116757944,0.5845081,0.0,0.0,0.0,0.0,0.0,0.0,0.0,0.0,0.0,0.0,1.0214937,0.0,0.0,0.0,1.8293442,0.0,0.20667037,0.39096737,1.0228965,0.4218645,0.0,0.0,0.0,0.0,0.0,0.0,0.0,0.6249529,0.0,0.39433601,0.7361699,0.0,0.0,0.7231765,0.055450574,0.0,0.28630674,1.0550886,0.6396526,0.0,0.703032,0.0,0.0,0.21558894,2.0398371,0.0,1.7220616,0.0,0.61036325,0.0,0.0,0.39119387,0.0,0.0,0.0,2.199806,0.28358832,0.0,0.0,0.5590246,0.23465277,0.7260472,0.0,2.4165752,0.050098255,0.0,0.32039782,0.0,2.0578957,0.0,0.0,0.0035580434,0.0,0.0,1.7204562,2.2344255,1.7862078,0.2498076,0.0,0.0,0.91568583,0.0,0.0,0.0,0.11697189,1.4124572,0.0,0.6532281,0.0,0.0,0.0,0.0,0.90408784,0.19415973,0.43234128,0.4896912,0.07120806,0.0,0.12982777,1.7710825,1.5440744,0.0,0.0,1.2770462,2.5505078,0.0,0.19571178,0.0,0.97414035,1.9604717,0.0,0.0,1.2905604,0.0,3.2906852,0.36354715,0.81191623,0.0,2.1878905,0.0,0.0,0.58096474,0.0,0.0,0.36534634,0.0
